# Obsidian West — joint-local part geometry, +Y up, +Z forward
mtllib materials.mtl
o Jaw
v 0.440000 -0.110000 -0.070000
v 0.311127 0.041317 -0.010390
v 0.340000 -0.370000 0.590000
v 0.311127 0.041317 -0.010390
v 0.240416 -0.251595 0.610742
v 0.340000 -0.370000 0.590000
v 0.311127 0.041317 -0.010390
v 0.000000 0.103994 0.014301
v 0.240416 -0.251595 0.610742
v 0.000000 0.103994 0.014301
v 0.000000 -0.202550 0.619334
v 0.240416 -0.251595 0.610742
v 0.000000 0.103994 0.014301
v -0.311127 0.041317 -0.010390
v 0.000000 -0.202550 0.619334
v -0.311127 0.041317 -0.010390
v -0.240416 -0.251595 0.610742
v 0.000000 -0.202550 0.619334
v -0.311127 0.041317 -0.010390
v -0.440000 -0.110000 -0.070000
v -0.240416 -0.251595 0.610742
v -0.440000 -0.110000 -0.070000
v -0.340000 -0.370000 0.590000
v -0.240416 -0.251595 0.610742
v -0.440000 -0.110000 -0.070000
v -0.311127 -0.261317 -0.129610
v -0.340000 -0.370000 0.590000
v -0.311127 -0.261317 -0.129610
v -0.240416 -0.488405 0.569258
v -0.340000 -0.370000 0.590000
v -0.311127 -0.261317 -0.129610
v -0.000000 -0.323994 -0.154301
v -0.240416 -0.488405 0.569258
v -0.000000 -0.323994 -0.154301
v -0.000000 -0.537450 0.560666
v -0.240416 -0.488405 0.569258
v -0.000000 -0.323994 -0.154301
v 0.311127 -0.261317 -0.129610
v -0.000000 -0.537450 0.560666
v 0.311127 -0.261317 -0.129610
v 0.240416 -0.488405 0.569258
v -0.000000 -0.537450 0.560666
v 0.311127 -0.261317 -0.129610
v 0.440000 -0.110000 -0.070000
v 0.240416 -0.488405 0.569258
v 0.440000 -0.110000 -0.070000
v 0.340000 -0.370000 0.590000
v 0.240416 -0.488405 0.569258
v 0.340000 -0.370000 0.590000
v 0.240416 -0.251595 0.610742
v 0.370000 -0.350000 1.300000
v 0.240416 -0.251595 0.610742
v 0.261630 -0.243976 1.297013
v 0.370000 -0.350000 1.300000
v 0.240416 -0.251595 0.610742
v 0.000000 -0.202550 0.619334
v 0.261630 -0.243976 1.297013
v 0.000000 -0.202550 0.619334
v 0.000000 -0.200059 1.295776
v 0.261630 -0.243976 1.297013
v 0.000000 -0.202550 0.619334
v -0.240416 -0.251595 0.610742
v 0.000000 -0.200059 1.295776
v -0.240416 -0.251595 0.610742
v -0.261630 -0.243976 1.297013
v 0.000000 -0.200059 1.295776
v -0.240416 -0.251595 0.610742
v -0.340000 -0.370000 0.590000
v -0.261630 -0.243976 1.297013
v -0.340000 -0.370000 0.590000
v -0.370000 -0.350000 1.300000
v -0.261630 -0.243976 1.297013
v -0.340000 -0.370000 0.590000
v -0.240416 -0.488405 0.569258
v -0.370000 -0.350000 1.300000
v -0.240416 -0.488405 0.569258
v -0.261630 -0.456024 1.302987
v -0.370000 -0.350000 1.300000
v -0.240416 -0.488405 0.569258
v -0.000000 -0.537450 0.560666
v -0.261630 -0.456024 1.302987
v -0.000000 -0.537450 0.560666
v -0.000000 -0.499940 1.304224
v -0.261630 -0.456024 1.302987
v -0.000000 -0.537450 0.560666
v 0.240416 -0.488405 0.569258
v -0.000000 -0.499940 1.304224
v 0.240416 -0.488405 0.569258
v 0.261630 -0.456024 1.302987
v -0.000000 -0.499940 1.304224
v 0.240416 -0.488405 0.569258
v 0.340000 -0.370000 0.590000
v 0.261630 -0.456024 1.302987
v 0.340000 -0.370000 0.590000
v 0.370000 -0.350000 1.300000
v 0.261630 -0.456024 1.302987
v 0.440000 -0.110000 -0.070000
v 0.000000 0.103994 0.014301
v 0.311127 0.041317 -0.010390
v 0.370000 -0.350000 1.300000
v 0.261630 -0.243976 1.297013
v 0.000000 -0.200059 1.295776
v 0.440000 -0.110000 -0.070000
v -0.311127 0.041317 -0.010390
v 0.000000 0.103994 0.014301
v 0.370000 -0.350000 1.300000
v 0.000000 -0.200059 1.295776
v -0.261630 -0.243976 1.297013
v 0.440000 -0.110000 -0.070000
v -0.440000 -0.110000 -0.070000
v -0.311127 0.041317 -0.010390
v 0.370000 -0.350000 1.300000
v -0.261630 -0.243976 1.297013
v -0.370000 -0.350000 1.300000
v 0.440000 -0.110000 -0.070000
v -0.311127 -0.261317 -0.129610
v -0.440000 -0.110000 -0.070000
v 0.370000 -0.350000 1.300000
v -0.370000 -0.350000 1.300000
v -0.261630 -0.456024 1.302987
v 0.440000 -0.110000 -0.070000
v -0.000000 -0.323994 -0.154301
v -0.311127 -0.261317 -0.129610
v 0.370000 -0.350000 1.300000
v -0.261630 -0.456024 1.302987
v -0.000000 -0.499940 1.304224
v 0.440000 -0.110000 -0.070000
v 0.311127 -0.261317 -0.129610
v -0.000000 -0.323994 -0.154301
v 0.370000 -0.350000 1.300000
v -0.000000 -0.499940 1.304224
v 0.261630 -0.456024 1.302987
v -0.396119 -0.450000 0.101530
v -0.317900 -0.331968 0.044036
v -0.404737 -0.545400 -0.211666
v -0.317900 -0.331968 0.044036
v -0.367192 -0.488745 -0.239263
v -0.404737 -0.545400 -0.211666
v -0.317900 -0.331968 0.044036
v -0.173485 -0.377052 0.022424
v -0.367192 -0.488745 -0.239263
v -0.173485 -0.377052 0.022424
v -0.297873 -0.510385 -0.249637
v -0.367192 -0.488745 -0.239263
v -0.173485 -0.377052 0.022424
v -0.162451 -0.522948 0.066560
v -0.297873 -0.510385 -0.249637
v -0.162451 -0.522948 0.066560
v -0.292576 -0.580415 -0.228451
v -0.297873 -0.510385 -0.249637
v -0.162451 -0.522948 0.066560
v -0.300046 -0.568032 0.115450
v -0.292576 -0.580415 -0.228451
v -0.300046 -0.568032 0.115450
v -0.358622 -0.602055 -0.204984
v -0.292576 -0.580415 -0.228451
v -0.300046 -0.568032 0.115450
v -0.396119 -0.450000 0.101530
v -0.358622 -0.602055 -0.204984
v -0.396119 -0.450000 0.101530
v -0.404737 -0.545400 -0.211666
v -0.358622 -0.602055 -0.204984
v -0.404737 -0.545400 -0.211666
v -0.367192 -0.488745 -0.239263
v -0.418731 -0.630000 -0.487817
v -0.367192 -0.488745 -0.239263
v -0.413316 -0.621828 -0.491797
v -0.418731 -0.630000 -0.487817
v -0.367192 -0.488745 -0.239263
v -0.297873 -0.510385 -0.249637
v -0.413316 -0.621828 -0.491797
v -0.297873 -0.510385 -0.249637
v -0.403318 -0.624950 -0.493294
v -0.413316 -0.621828 -0.491797
v -0.297873 -0.510385 -0.249637
v -0.292576 -0.580415 -0.228451
v -0.403318 -0.624950 -0.493294
v -0.292576 -0.580415 -0.228451
v -0.402554 -0.635050 -0.490238
v -0.403318 -0.624950 -0.493294
v -0.292576 -0.580415 -0.228451
v -0.358622 -0.602055 -0.204984
v -0.402554 -0.635050 -0.490238
v -0.358622 -0.602055 -0.204984
v -0.412080 -0.638172 -0.486854
v -0.402554 -0.635050 -0.490238
v -0.358622 -0.602055 -0.204984
v -0.404737 -0.545400 -0.211666
v -0.412080 -0.638172 -0.486854
v -0.404737 -0.545400 -0.211666
v -0.418731 -0.630000 -0.487817
v -0.412080 -0.638172 -0.486854
v -0.396119 -0.450000 0.101530
v -0.173485 -0.377052 0.022424
v -0.317900 -0.331968 0.044036
v -0.418731 -0.630000 -0.487817
v -0.413316 -0.621828 -0.491797
v -0.403318 -0.624950 -0.493294
v -0.396119 -0.450000 0.101530
v -0.162451 -0.522948 0.066560
v -0.173485 -0.377052 0.022424
v -0.418731 -0.630000 -0.487817
v -0.403318 -0.624950 -0.493294
v -0.402554 -0.635050 -0.490238
v -0.396119 -0.450000 0.101530
v -0.300046 -0.568032 0.115450
v -0.162451 -0.522948 0.066560
v -0.418731 -0.630000 -0.487817
v -0.402554 -0.635050 -0.490238
v -0.412080 -0.638172 -0.486854
v 0.143881 -0.450000 0.038470
v 0.239954 -0.331968 0.024550
v 0.283663 -0.545400 -0.241934
v 0.239954 -0.331968 0.024550
v 0.329778 -0.488745 -0.248616
v 0.283663 -0.545400 -0.241934
v 0.239954 -0.331968 0.024550
v 0.377549 -0.377052 0.073440
v 0.329778 -0.488745 -0.248616
v 0.377549 -0.377052 0.073440
v 0.395824 -0.510385 -0.225149
v 0.329778 -0.488745 -0.248616
v 0.377549 -0.377052 0.073440
v 0.366515 -0.522948 0.117576
v 0.395824 -0.510385 -0.225149
v 0.366515 -0.522948 0.117576
v 0.390527 -0.580415 -0.203963
v 0.395824 -0.510385 -0.225149
v 0.366515 -0.522948 0.117576
v 0.222100 -0.568032 0.095964
v 0.390527 -0.580415 -0.203963
v 0.222100 -0.568032 0.095964
v 0.321208 -0.602055 -0.214337
v 0.390527 -0.580415 -0.203963
v 0.222100 -0.568032 0.095964
v 0.143881 -0.450000 0.038470
v 0.321208 -0.602055 -0.214337
v 0.143881 -0.450000 0.038470
v 0.283663 -0.545400 -0.241934
v 0.321208 -0.602055 -0.214337
v 0.283663 -0.545400 -0.241934
v 0.329778 -0.488745 -0.248616
v 0.401269 -0.630000 -0.492183
v 0.329778 -0.488745 -0.248616
v 0.407920 -0.621828 -0.493147
v 0.401269 -0.630000 -0.492183
v 0.329778 -0.488745 -0.248616
v 0.395824 -0.510385 -0.225149
v 0.407920 -0.621828 -0.493147
v 0.395824 -0.510385 -0.225149
v 0.417446 -0.624950 -0.489762
v 0.407920 -0.621828 -0.493147
v 0.395824 -0.510385 -0.225149
v 0.390527 -0.580415 -0.203963
v 0.417446 -0.624950 -0.489762
v 0.390527 -0.580415 -0.203963
v 0.416682 -0.635050 -0.486706
v 0.417446 -0.624950 -0.489762
v 0.390527 -0.580415 -0.203963
v 0.321208 -0.602055 -0.214337
v 0.416682 -0.635050 -0.486706
v 0.321208 -0.602055 -0.214337
v 0.406684 -0.638172 -0.488203
v 0.416682 -0.635050 -0.486706
v 0.321208 -0.602055 -0.214337
v 0.283663 -0.545400 -0.241934
v 0.406684 -0.638172 -0.488203
v 0.283663 -0.545400 -0.241934
v 0.401269 -0.630000 -0.492183
v 0.406684 -0.638172 -0.488203
v 0.143881 -0.450000 0.038470
v 0.377549 -0.377052 0.073440
v 0.239954 -0.331968 0.024550
v 0.401269 -0.630000 -0.492183
v 0.407920 -0.621828 -0.493147
v 0.417446 -0.624950 -0.489762
v 0.143881 -0.450000 0.038470
v 0.366515 -0.522948 0.117576
v 0.377549 -0.377052 0.073440
v 0.401269 -0.630000 -0.492183
v 0.417446 -0.624950 -0.489762
v 0.416682 -0.635050 -0.486706
v 0.143881 -0.450000 0.038470
v 0.222100 -0.568032 0.095964
v 0.366515 -0.522948 0.117576
v 0.401269 -0.630000 -0.492183
v 0.416682 -0.635050 -0.486706
v 0.406684 -0.638172 -0.488203
v -0.367647 -0.210000 0.114588
v -0.358632 -0.202490 0.176975
v -0.334391 -0.088100 0.111902
v -0.358632 -0.202490 0.176975
v -0.330063 -0.084495 0.141848
v -0.334391 -0.088100 0.111902
v -0.358632 -0.202490 0.176975
v -0.296229 -0.205358 0.188264
v -0.330063 -0.084495 0.141848
v -0.296229 -0.205358 0.188264
v -0.300110 -0.085872 0.147267
v -0.330063 -0.084495 0.141848
v -0.296229 -0.205358 0.188264
v -0.266677 -0.214642 0.132853
v -0.300110 -0.085872 0.147267
v -0.266677 -0.214642 0.132853
v -0.285925 -0.090328 0.120670
v -0.300110 -0.085872 0.147267
v -0.266677 -0.214642 0.132853
v -0.310816 -0.217510 0.087319
v -0.285925 -0.090328 0.120670
v -0.310816 -0.217510 0.087319
v -0.307111 -0.091705 0.098813
v -0.285925 -0.090328 0.120670
v -0.310816 -0.217510 0.087319
v -0.367647 -0.210000 0.114588
v -0.307111 -0.091705 0.098813
v -0.367647 -0.210000 0.114588
v -0.334391 -0.088100 0.111902
v -0.307111 -0.091705 0.098813
v -0.334391 -0.088100 0.111902
v -0.330063 -0.084495 0.141848
v -0.311941 0.020000 0.105765
v -0.330063 -0.084495 0.141848
v -0.310439 0.021252 0.116163
v -0.311941 0.020000 0.105765
v -0.330063 -0.084495 0.141848
v -0.300110 -0.085872 0.147267
v -0.310439 0.021252 0.116163
v -0.300110 -0.085872 0.147267
v -0.300038 0.020773 0.118044
v -0.310439 0.021252 0.116163
v -0.300110 -0.085872 0.147267
v -0.285925 -0.090328 0.120670
v -0.300038 0.020773 0.118044
v -0.285925 -0.090328 0.120670
v -0.295113 0.019227 0.108809
v -0.300038 0.020773 0.118044
v -0.285925 -0.090328 0.120670
v -0.307111 -0.091705 0.098813
v -0.295113 0.019227 0.108809
v -0.307111 -0.091705 0.098813
v -0.302469 0.018748 0.101220
v -0.295113 0.019227 0.108809
v -0.307111 -0.091705 0.098813
v -0.334391 -0.088100 0.111902
v -0.302469 0.018748 0.101220
v -0.334391 -0.088100 0.111902
v -0.311941 0.020000 0.105765
v -0.302469 0.018748 0.101220
v -0.367647 -0.210000 0.114588
v -0.296229 -0.205358 0.188264
v -0.358632 -0.202490 0.176975
v -0.311941 0.020000 0.105765
v -0.310439 0.021252 0.116163
v -0.300038 0.020773 0.118044
v -0.367647 -0.210000 0.114588
v -0.266677 -0.214642 0.132853
v -0.296229 -0.205358 0.188264
v -0.311941 0.020000 0.105765
v -0.300038 0.020773 0.118044
v -0.295113 0.019227 0.108809
v -0.367647 -0.210000 0.114588
v -0.310816 -0.217510 0.087319
v -0.266677 -0.214642 0.132853
v -0.311941 0.020000 0.105765
v -0.295113 0.019227 0.108809
v -0.302469 0.018748 0.101220
v -0.371515 -0.210000 0.269342
v -0.362870 -0.203194 0.331862
v -0.338221 -0.074850 0.266784
v -0.362870 -0.203194 0.331862
v -0.334072 -0.071583 0.296794
v -0.338221 -0.074850 0.266784
v -0.362870 -0.203194 0.331862
v -0.300508 -0.205794 0.343440
v -0.334072 -0.071583 0.296794
v -0.300508 -0.205794 0.343440
v -0.304138 -0.072831 0.302351
v -0.334072 -0.071583 0.296794
v -0.300508 -0.205794 0.343440
v -0.270611 -0.214206 0.288076
v -0.304138 -0.072831 0.302351
v -0.270611 -0.214206 0.288076
v -0.289787 -0.076869 0.275776
v -0.304138 -0.072831 0.302351
v -0.270611 -0.214206 0.288076
v -0.314496 -0.216806 0.242281
v -0.289787 -0.076869 0.275776
v -0.314496 -0.216806 0.242281
v -0.310852 -0.078117 0.253795
v -0.289787 -0.076869 0.275776
v -0.314496 -0.216806 0.242281
v -0.371515 -0.210000 0.269342
v -0.310852 -0.078117 0.253795
v -0.371515 -0.210000 0.269342
v -0.338221 -0.074850 0.266784
v -0.310852 -0.078117 0.253795
v -0.338221 -0.074850 0.266784
v -0.334072 -0.071583 0.296794
v -0.315719 0.045000 0.260724
v -0.334072 -0.071583 0.296794
v -0.314278 0.046135 0.271144
v -0.315719 0.045000 0.260724
v -0.334072 -0.071583 0.296794
v -0.304138 -0.072831 0.302351
v -0.314278 0.046135 0.271144
v -0.304138 -0.072831 0.302351
v -0.303885 0.045701 0.273073
v -0.314278 0.046135 0.271144
v -0.304138 -0.072831 0.302351
v -0.289787 -0.076869 0.275776
v -0.303885 0.045701 0.273073
v -0.289787 -0.076869 0.275776
v -0.298902 0.044299 0.263846
v -0.303885 0.045701 0.273073
v -0.289787 -0.076869 0.275776
v -0.310852 -0.078117 0.253795
v -0.298902 0.044299 0.263846
v -0.310852 -0.078117 0.253795
v -0.306216 0.043866 0.256213
v -0.298902 0.044299 0.263846
v -0.310852 -0.078117 0.253795
v -0.338221 -0.074850 0.266784
v -0.306216 0.043866 0.256213
v -0.338221 -0.074850 0.266784
v -0.315719 0.045000 0.260724
v -0.306216 0.043866 0.256213
v -0.371515 -0.210000 0.269342
v -0.300508 -0.205794 0.343440
v -0.362870 -0.203194 0.331862
v -0.315719 0.045000 0.260724
v -0.314278 0.046135 0.271144
v -0.303885 0.045701 0.273073
v -0.371515 -0.210000 0.269342
v -0.270611 -0.214206 0.288076
v -0.300508 -0.205794 0.343440
v -0.315719 0.045000 0.260724
v -0.303885 0.045701 0.273073
v -0.298902 0.044299 0.263846
v -0.371515 -0.210000 0.269342
v -0.314496 -0.216806 0.242281
v -0.270611 -0.214206 0.288076
v -0.315719 0.045000 0.260724
v -0.298902 0.044299 0.263846
v -0.306216 0.043866 0.256213
v -0.375382 -0.210000 0.424098
v -0.367009 -0.202449 0.486569
v -0.342051 -0.088100 0.421667
v -0.367009 -0.202449 0.486569
v -0.338032 -0.084475 0.451653
v -0.342051 -0.088100 0.421667
v -0.367009 -0.202449 0.486569
v -0.304726 -0.205333 0.498503
v -0.338032 -0.084475 0.451653
v -0.304726 -0.205333 0.498503
v -0.308137 -0.085860 0.457382
v -0.338032 -0.084475 0.451653
v -0.304726 -0.205333 0.498503
v -0.274608 -0.214667 0.443408
v -0.308137 -0.085860 0.457382
v -0.274608 -0.214667 0.443408
v -0.293680 -0.090340 0.430936
v -0.308137 -0.085860 0.457382
v -0.274608 -0.214667 0.443408
v -0.318275 -0.217551 0.397422
v -0.293680 -0.090340 0.430936
v -0.318275 -0.217551 0.397422
v -0.314640 -0.091725 0.408863
v -0.293680 -0.090340 0.430936
v -0.318275 -0.217551 0.397422
v -0.375382 -0.210000 0.424098
v -0.314640 -0.091725 0.408863
v -0.375382 -0.210000 0.424098
v -0.342051 -0.088100 0.421667
v -0.314640 -0.091725 0.408863
v -0.342051 -0.088100 0.421667
v -0.338032 -0.084475 0.451653
v -0.319497 0.020000 0.415683
v -0.338032 -0.084475 0.451653
v -0.318101 0.021258 0.426095
v -0.319497 0.020000 0.415683
v -0.338032 -0.084475 0.451653
v -0.308137 -0.085860 0.457382
v -0.318101 0.021258 0.426095
v -0.308137 -0.085860 0.457382
v -0.307721 0.020778 0.428084
v -0.318101 0.021258 0.426095
v -0.308137 -0.085860 0.457382
v -0.293680 -0.090340 0.430936
v -0.307721 0.020778 0.428084
v -0.293680 -0.090340 0.430936
v -0.302701 0.019222 0.418901
v -0.307721 0.020778 0.428084
v -0.293680 -0.090340 0.430936
v -0.314640 -0.091725 0.408863
v -0.302701 0.019222 0.418901
v -0.314640 -0.091725 0.408863
v -0.309979 0.018742 0.411237
v -0.302701 0.019222 0.418901
v -0.314640 -0.091725 0.408863
v -0.342051 -0.088100 0.421667
v -0.309979 0.018742 0.411237
v -0.342051 -0.088100 0.421667
v -0.319497 0.020000 0.415683
v -0.309979 0.018742 0.411237
v -0.375382 -0.210000 0.424098
v -0.304726 -0.205333 0.498503
v -0.367009 -0.202449 0.486569
v -0.319497 0.020000 0.415683
v -0.318101 0.021258 0.426095
v -0.307721 0.020778 0.428084
v -0.375382 -0.210000 0.424098
v -0.274608 -0.214667 0.443408
v -0.304726 -0.205333 0.498503
v -0.319497 0.020000 0.415683
v -0.307721 0.020778 0.428084
v -0.302701 0.019222 0.418901
v -0.375382 -0.210000 0.424098
v -0.318275 -0.217551 0.397422
v -0.274608 -0.214667 0.443408
v -0.319497 0.020000 0.415683
v -0.302701 0.019222 0.418901
v -0.309979 0.018742 0.411237
v -0.379249 -0.210000 0.578856
v -0.371244 -0.203156 0.641457
v -0.345882 -0.074850 0.576551
v -0.371244 -0.203156 0.641457
v -0.342039 -0.071565 0.606599
v -0.345882 -0.074850 0.576551
v -0.371244 -0.203156 0.641457
v -0.309005 -0.205770 0.653676
v -0.342039 -0.071565 0.606599
v -0.309005 -0.205770 0.653676
v -0.312164 -0.072820 0.612464
v -0.342039 -0.071565 0.606599
v -0.309005 -0.205770 0.653676
v -0.278544 -0.214230 0.598627
v -0.312164 -0.072820 0.612464
v -0.278544 -0.214230 0.598627
v -0.297543 -0.076880 0.586041
v -0.312164 -0.072820 0.612464
v -0.278544 -0.214230 0.598627
v -0.321958 -0.216844 0.552385
v -0.297543 -0.076880 0.586041
v -0.321958 -0.216844 0.552385
v -0.318382 -0.078135 0.563845
v -0.297543 -0.076880 0.586041
v -0.321958 -0.216844 0.552385
v -0.379249 -0.210000 0.578856
v -0.318382 -0.078135 0.563845
v -0.379249 -0.210000 0.578856
v -0.345882 -0.074850 0.576551
v -0.318382 -0.078135 0.563845
v -0.345882 -0.074850 0.576551
v -0.342039 -0.071565 0.606599
v -0.323275 0.045000 0.570643
v -0.342039 -0.071565 0.606599
v -0.321941 0.046141 0.581076
v -0.323275 0.045000 0.570643
v -0.342039 -0.071565 0.606599
v -0.312164 -0.072820 0.612464
v -0.321941 0.046141 0.581076
v -0.312164 -0.072820 0.612464
v -0.311568 0.045705 0.583113
v -0.321941 0.046141 0.581076
v -0.312164 -0.072820 0.612464
v -0.297543 -0.076880 0.586041
v -0.311568 0.045705 0.583113
v -0.297543 -0.076880 0.586041
v -0.306491 0.044295 0.573938
v -0.311568 0.045705 0.583113
v -0.297543 -0.076880 0.586041
v -0.318382 -0.078135 0.563845
v -0.306491 0.044295 0.573938
v -0.318382 -0.078135 0.563845
v -0.313726 0.043860 0.566231
v -0.306491 0.044295 0.573938
v -0.318382 -0.078135 0.563845
v -0.345882 -0.074850 0.576551
v -0.313726 0.043860 0.566231
v -0.345882 -0.074850 0.576551
v -0.323275 0.045000 0.570643
v -0.313726 0.043860 0.566231
v -0.379249 -0.210000 0.578856
v -0.309005 -0.205770 0.653676
v -0.371244 -0.203156 0.641457
v -0.323275 0.045000 0.570643
v -0.321941 0.046141 0.581076
v -0.311568 0.045705 0.583113
v -0.379249 -0.210000 0.578856
v -0.278544 -0.214230 0.598627
v -0.309005 -0.205770 0.653676
v -0.323275 0.045000 0.570643
v -0.311568 0.045705 0.583113
v -0.306491 0.044295 0.573938
v -0.379249 -0.210000 0.578856
v -0.321958 -0.216844 0.552385
v -0.278544 -0.214230 0.598627
v -0.323275 0.045000 0.570643
v -0.306491 0.044295 0.573938
v -0.313726 0.043860 0.566231
v -0.383115 -0.210000 0.733615
v -0.375377 -0.202407 0.796164
v -0.349711 -0.088100 0.731435
v -0.375377 -0.202407 0.796164
v -0.345997 -0.084455 0.761458
v -0.349711 -0.088100 0.731435
v -0.375377 -0.202407 0.796164
v -0.313221 -0.205307 0.808735
v -0.345997 -0.084455 0.761458
v -0.313221 -0.205307 0.808735
v -0.316162 -0.085847 0.767493
v -0.345997 -0.084455 0.761458
v -0.313221 -0.205307 0.808735
v -0.282545 -0.214693 0.753956
v -0.316162 -0.085847 0.767493
v -0.282545 -0.214693 0.753956
v -0.301438 -0.090352 0.741199
v -0.316162 -0.085847 0.767493
v -0.282545 -0.214693 0.753956
v -0.325742 -0.217593 0.707530
v -0.301438 -0.090352 0.741199
v -0.325742 -0.217593 0.707530
v -0.322172 -0.091745 0.718914
v -0.301438 -0.090352 0.741199
v -0.325742 -0.217593 0.707530
v -0.383115 -0.210000 0.733615
v -0.322172 -0.091745 0.718914
v -0.383115 -0.210000 0.733615
v -0.349711 -0.088100 0.731435
v -0.322172 -0.091745 0.718914
v -0.349711 -0.088100 0.731435
v -0.345997 -0.084455 0.761458
v -0.327053 0.020000 0.725603
v -0.345997 -0.084455 0.761458
v -0.325763 0.021266 0.736027
v -0.327053 0.020000 0.725603
v -0.345997 -0.084455 0.761458
v -0.316162 -0.085847 0.767493
v -0.325763 0.021266 0.736027
v -0.316162 -0.085847 0.767493
v -0.315403 0.020782 0.738123
v -0.325763 0.021266 0.736027
v -0.316162 -0.085847 0.767493
v -0.301438 -0.090352 0.741199
v -0.315403 0.020782 0.738123
v -0.301438 -0.090352 0.741199
v -0.310291 0.019218 0.728993
v -0.315403 0.020782 0.738123
v -0.301438 -0.090352 0.741199
v -0.322172 -0.091745 0.718914
v -0.310291 0.019218 0.728993
v -0.322172 -0.091745 0.718914
v -0.317490 0.018734 0.721255
v -0.310291 0.019218 0.728993
v -0.322172 -0.091745 0.718914
v -0.349711 -0.088100 0.731435
v -0.317490 0.018734 0.721255
v -0.349711 -0.088100 0.731435
v -0.327053 0.020000 0.725603
v -0.317490 0.018734 0.721255
v -0.383115 -0.210000 0.733615
v -0.313221 -0.205307 0.808735
v -0.375377 -0.202407 0.796164
v -0.327053 0.020000 0.725603
v -0.325763 0.021266 0.736027
v -0.315403 0.020782 0.738123
v -0.383115 -0.210000 0.733615
v -0.282545 -0.214693 0.753956
v -0.313221 -0.205307 0.808735
v -0.327053 0.020000 0.725603
v -0.315403 0.020782 0.738123
v -0.310291 0.019218 0.728993
v -0.383115 -0.210000 0.733615
v -0.325742 -0.217593 0.707530
v -0.282545 -0.214693 0.753956
v -0.327053 0.020000 0.725603
v -0.310291 0.019218 0.728993
v -0.317490 0.018734 0.721255
v -0.386981 -0.210000 0.888377
v -0.379609 -0.203118 0.951052
v -0.353541 -0.074850 0.886321
v -0.379609 -0.203118 0.951052
v -0.350002 -0.071547 0.916405
v -0.353541 -0.074850 0.886321
v -0.379609 -0.203118 0.951052
v -0.317499 -0.205747 0.963904
v -0.350002 -0.071547 0.916405
v -0.317499 -0.205747 0.963904
v -0.320189 -0.072808 0.922574
v -0.350002 -0.071547 0.916405
v -0.317499 -0.205747 0.963904
v -0.286484 -0.214253 0.909172
v -0.320189 -0.072808 0.922574
v -0.286484 -0.214253 0.909172
v -0.305302 -0.076891 0.896303
v -0.320189 -0.072808 0.922574
v -0.286484 -0.214253 0.909172
v -0.329427 -0.216882 0.862494
v -0.305302 -0.076891 0.896303
v -0.329427 -0.216882 0.862494
v -0.325915 -0.078154 0.873897
v -0.305302 -0.076891 0.896303
v -0.329427 -0.216882 0.862494
v -0.386981 -0.210000 0.888377
v -0.325915 -0.078154 0.873897
v -0.386981 -0.210000 0.888377
v -0.353541 -0.074850 0.886321
v -0.325915 -0.078154 0.873897
v -0.353541 -0.074850 0.886321
v -0.350002 -0.071547 0.916405
v -0.330830 0.045000 0.880563
v -0.350002 -0.071547 0.916405
v -0.329602 0.046147 0.891009
v -0.330830 0.045000 0.880563
v -0.350002 -0.071547 0.916405
v -0.320189 -0.072808 0.922574
v -0.329602 0.046147 0.891009
v -0.320189 -0.072808 0.922574
v -0.319250 0.045709 0.893151
v -0.329602 0.046147 0.891009
v -0.320189 -0.072808 0.922574
v -0.305302 -0.076891 0.896303
v -0.319250 0.045709 0.893151
v -0.305302 -0.076891 0.896303
v -0.314081 0.044291 0.884029
v -0.319250 0.045709 0.893151
v -0.305302 -0.076891 0.896303
v -0.325915 -0.078154 0.873897
v -0.314081 0.044291 0.884029
v -0.325915 -0.078154 0.873897
v -0.321238 0.043853 0.876249
v -0.314081 0.044291 0.884029
v -0.325915 -0.078154 0.873897
v -0.353541 -0.074850 0.886321
v -0.321238 0.043853 0.876249
v -0.353541 -0.074850 0.886321
v -0.330830 0.045000 0.880563
v -0.321238 0.043853 0.876249
v -0.386981 -0.210000 0.888377
v -0.317499 -0.205747 0.963904
v -0.379609 -0.203118 0.951052
v -0.330830 0.045000 0.880563
v -0.329602 0.046147 0.891009
v -0.319250 0.045709 0.893151
v -0.386981 -0.210000 0.888377
v -0.286484 -0.214253 0.909172
v -0.317499 -0.205747 0.963904
v -0.330830 0.045000 0.880563
v -0.319250 0.045709 0.893151
v -0.314081 0.044291 0.884029
v -0.386981 -0.210000 0.888377
v -0.329427 -0.216882 0.862494
v -0.286484 -0.214253 0.909172
v -0.330830 0.045000 0.880563
v -0.314081 0.044291 0.884029
v -0.321238 0.043853 0.876249
v -0.390847 -0.210000 1.043141
v -0.383737 -0.202364 1.105759
v -0.357370 -0.088100 1.041208
v -0.383737 -0.202364 1.105759
v -0.353958 -0.084435 1.071264
v -0.357370 -0.088100 1.041208
v -0.383737 -0.202364 1.105759
v -0.321712 -0.205281 1.118959
v -0.353958 -0.084435 1.071264
v -0.321712 -0.205281 1.118959
v -0.324186 -0.085835 1.077600
v -0.353958 -0.084435 1.071264
v -0.321712 -0.205281 1.118959
v -0.290489 -0.214719 1.064499
v -0.324186 -0.085835 1.077600
v -0.290489 -0.214719 1.064499
v -0.309198 -0.090365 1.051460
v -0.324186 -0.085835 1.077600
v -0.290489 -0.214719 1.064499
v -0.333216 -0.217636 1.017642
v -0.309198 -0.090365 1.051460
v -0.333216 -0.217636 1.017642
v -0.329708 -0.091765 1.028968
v -0.309198 -0.090365 1.051460
v -0.333216 -0.217636 1.017642
v -0.390847 -0.210000 1.043141
v -0.329708 -0.091765 1.028968
v -0.390847 -0.210000 1.043141
v -0.357370 -0.088100 1.041208
v -0.329708 -0.091765 1.028968
v -0.357370 -0.088100 1.041208
v -0.353958 -0.084435 1.071264
v -0.334608 0.020000 1.035523
v -0.353958 -0.084435 1.071264
v -0.333423 0.021273 1.045960
v -0.334608 0.020000 1.035523
v -0.353958 -0.084435 1.071264
v -0.324186 -0.085835 1.077600
v -0.333423 0.021273 1.045960
v -0.324186 -0.085835 1.077600
v -0.323085 0.020786 1.048160
v -0.333423 0.021273 1.045960
v -0.324186 -0.085835 1.077600
v -0.309198 -0.090365 1.051460
v -0.323085 0.020786 1.048160
v -0.309198 -0.090365 1.051460
v -0.317881 0.019213 1.039083
v -0.323085 0.020786 1.048160
v -0.309198 -0.090365 1.051460
v -0.329708 -0.091765 1.028968
v -0.317881 0.019213 1.039083
v -0.329708 -0.091765 1.028968
v -0.325003 0.018727 1.031274
v -0.317881 0.019213 1.039083
v -0.329708 -0.091765 1.028968
v -0.357370 -0.088100 1.041208
v -0.325003 0.018727 1.031274
v -0.357370 -0.088100 1.041208
v -0.334608 0.020000 1.035523
v -0.325003 0.018727 1.031274
v -0.390847 -0.210000 1.043141
v -0.321712 -0.205281 1.118959
v -0.383737 -0.202364 1.105759
v -0.334608 0.020000 1.035523
v -0.333423 0.021273 1.045960
v -0.323085 0.020786 1.048160
v -0.390847 -0.210000 1.043141
v -0.290489 -0.214719 1.064499
v -0.321712 -0.205281 1.118959
v -0.334608 0.020000 1.035523
v -0.323085 0.020786 1.048160
v -0.317881 0.019213 1.039083
v -0.390847 -0.210000 1.043141
v -0.333216 -0.217636 1.017642
v -0.290489 -0.214719 1.064499
v -0.334608 0.020000 1.035523
v -0.317881 0.019213 1.039083
v -0.325003 0.018727 1.031274
v -0.394712 -0.210000 1.197907
v -0.387966 -0.203079 1.260648
v -0.361200 -0.074850 1.196095
v -0.387966 -0.203079 1.260648
v -0.357962 -0.071528 1.226211
v -0.361200 -0.074850 1.196095
v -0.387966 -0.203079 1.260648
v -0.325989 -0.205723 1.274125
v -0.357962 -0.071528 1.226211
v -0.325989 -0.205723 1.274125
v -0.328213 -0.072797 1.232680
v -0.357962 -0.071528 1.226211
v -0.325989 -0.205723 1.274125
v -0.294430 -0.214277 1.219712
v -0.328213 -0.072797 1.232680
v -0.294430 -0.214277 1.219712
v -0.313064 -0.076903 1.206562
v -0.328213 -0.072797 1.232680
v -0.294430 -0.214277 1.219712
v -0.336903 -0.216921 1.172607
v -0.313064 -0.076903 1.206562
v -0.336903 -0.216921 1.172607
v -0.333451 -0.078172 1.183952
v -0.313064 -0.076903 1.206562
v -0.336903 -0.216921 1.172607
v -0.394712 -0.210000 1.197907
v -0.333451 -0.078172 1.183952
v -0.394712 -0.210000 1.197907
v -0.361200 -0.074850 1.196095
v -0.333451 -0.078172 1.183952
v -0.361200 -0.074850 1.196095
v -0.357962 -0.071528 1.226211
v -0.338385 0.045000 1.190485
v -0.357962 -0.071528 1.226211
v -0.337261 0.046154 1.200941
v -0.338385 0.045000 1.190485
v -0.357962 -0.071528 1.226211
v -0.328213 -0.072797 1.232680
v -0.337261 0.046154 1.200941
v -0.328213 -0.072797 1.232680
v -0.326931 0.045713 1.203187
v -0.337261 0.046154 1.200941
v -0.328213 -0.072797 1.232680
v -0.313064 -0.076903 1.206562
v -0.326931 0.045713 1.203187
v -0.313064 -0.076903 1.206562
v -0.321672 0.044287 1.194118
v -0.326931 0.045713 1.203187
v -0.313064 -0.076903 1.206562
v -0.333451 -0.078172 1.183952
v -0.321672 0.044287 1.194118
v -0.333451 -0.078172 1.183952
v -0.328750 0.043847 1.186268
v -0.321672 0.044287 1.194118
v -0.333451 -0.078172 1.183952
v -0.361200 -0.074850 1.196095
v -0.328750 0.043847 1.186268
v -0.361200 -0.074850 1.196095
v -0.338385 0.045000 1.190485
v -0.328750 0.043847 1.186268
v -0.394712 -0.210000 1.197907
v -0.325989 -0.205723 1.274125
v -0.387966 -0.203079 1.260648
v -0.338385 0.045000 1.190485
v -0.337261 0.046154 1.200941
v -0.326931 0.045713 1.203187
v -0.394712 -0.210000 1.197907
v -0.294430 -0.214277 1.219712
v -0.325989 -0.205723 1.274125
v -0.338385 0.045000 1.190485
v -0.326931 0.045713 1.203187
v -0.321672 0.044287 1.194118
v -0.394712 -0.210000 1.197907
v -0.336903 -0.216921 1.172607
v -0.294430 -0.214277 1.219712
v -0.338385 0.045000 1.190485
v -0.321672 0.044287 1.194118
v -0.328750 0.043847 1.186268
v 0.272353 -0.210000 0.165412
v 0.329184 -0.202490 0.192681
v 0.288649 -0.088100 0.136298
v 0.329184 -0.202490 0.192681
v 0.315929 -0.084495 0.149387
v 0.288649 -0.088100 0.136298
v 0.329184 -0.202490 0.192681
v 0.373323 -0.205358 0.147147
v 0.315929 -0.084495 0.149387
v 0.373323 -0.205358 0.147147
v 0.337115 -0.085872 0.127530
v 0.315929 -0.084495 0.149387
v 0.373323 -0.205358 0.147147
v 0.343771 -0.214642 0.091736
v 0.337115 -0.085872 0.127530
v 0.343771 -0.214642 0.091736
v 0.322930 -0.090328 0.100933
v 0.337115 -0.085872 0.127530
v 0.343771 -0.214642 0.091736
v 0.281368 -0.217510 0.103025
v 0.322930 -0.090328 0.100933
v 0.281368 -0.217510 0.103025
v 0.292977 -0.091705 0.106352
v 0.322930 -0.090328 0.100933
v 0.281368 -0.217510 0.103025
v 0.272353 -0.210000 0.165412
v 0.292977 -0.091705 0.106352
v 0.272353 -0.210000 0.165412
v 0.288649 -0.088100 0.136298
v 0.292977 -0.091705 0.106352
v 0.288649 -0.088100 0.136298
v 0.315929 -0.084495 0.149387
v 0.296059 0.020000 0.114235
v 0.315929 -0.084495 0.149387
v 0.305531 0.021252 0.118780
v 0.296059 0.020000 0.114235
v 0.315929 -0.084495 0.149387
v 0.337115 -0.085872 0.127530
v 0.305531 0.021252 0.118780
v 0.337115 -0.085872 0.127530
v 0.312887 0.020773 0.111191
v 0.305531 0.021252 0.118780
v 0.337115 -0.085872 0.127530
v 0.322930 -0.090328 0.100933
v 0.312887 0.020773 0.111191
v 0.322930 -0.090328 0.100933
v 0.307962 0.019227 0.101956
v 0.312887 0.020773 0.111191
v 0.322930 -0.090328 0.100933
v 0.292977 -0.091705 0.106352
v 0.307962 0.019227 0.101956
v 0.292977 -0.091705 0.106352
v 0.297561 0.018748 0.103838
v 0.307962 0.019227 0.101956
v 0.292977 -0.091705 0.106352
v 0.288649 -0.088100 0.136298
v 0.297561 0.018748 0.103838
v 0.288649 -0.088100 0.136298
v 0.296059 0.020000 0.114235
v 0.297561 0.018748 0.103838
v 0.272353 -0.210000 0.165412
v 0.373323 -0.205358 0.147147
v 0.329184 -0.202490 0.192681
v 0.296059 0.020000 0.114235
v 0.305531 0.021252 0.118780
v 0.312887 0.020773 0.111191
v 0.272353 -0.210000 0.165412
v 0.343771 -0.214642 0.091736
v 0.373323 -0.205358 0.147147
v 0.296059 0.020000 0.114235
v 0.312887 0.020773 0.111191
v 0.307962 0.019227 0.101956
v 0.272353 -0.210000 0.165412
v 0.281368 -0.217510 0.103025
v 0.343771 -0.214642 0.091736
v 0.296059 0.020000 0.114235
v 0.307962 0.019227 0.101956
v 0.297561 0.018748 0.103838
v 0.276485 -0.210000 0.320658
v 0.333504 -0.203194 0.347719
v 0.292607 -0.074850 0.291416
v 0.333504 -0.203194 0.347719
v 0.319976 -0.071583 0.304405
v 0.292607 -0.074850 0.291416
v 0.333504 -0.203194 0.347719
v 0.377389 -0.205794 0.301925
v 0.319976 -0.071583 0.304405
v 0.377389 -0.205794 0.301925
v 0.341041 -0.072831 0.282424
v 0.319976 -0.071583 0.304405
v 0.377389 -0.205794 0.301925
v 0.347492 -0.214206 0.246560
v 0.341041 -0.072831 0.282424
v 0.347492 -0.214206 0.246560
v 0.326690 -0.076869 0.255849
v 0.341041 -0.072831 0.282424
v 0.347492 -0.214206 0.246560
v 0.285130 -0.216806 0.258138
v 0.326690 -0.076869 0.255849
v 0.285130 -0.216806 0.258138
v 0.296756 -0.078117 0.261406
v 0.326690 -0.076869 0.255849
v 0.285130 -0.216806 0.258138
v 0.276485 -0.210000 0.320658
v 0.296756 -0.078117 0.261406
v 0.276485 -0.210000 0.320658
v 0.292607 -0.074850 0.291416
v 0.296756 -0.078117 0.261406
v 0.292607 -0.074850 0.291416
v 0.319976 -0.071583 0.304405
v 0.299881 0.045000 0.269276
v 0.319976 -0.071583 0.304405
v 0.309384 0.046135 0.273787
v 0.299881 0.045000 0.269276
v 0.319976 -0.071583 0.304405
v 0.341041 -0.072831 0.282424
v 0.309384 0.046135 0.273787
v 0.341041 -0.072831 0.282424
v 0.316698 0.045701 0.266154
v 0.309384 0.046135 0.273787
v 0.341041 -0.072831 0.282424
v 0.326690 -0.076869 0.255849
v 0.316698 0.045701 0.266154
v 0.326690 -0.076869 0.255849
v 0.311715 0.044299 0.256927
v 0.316698 0.045701 0.266154
v 0.326690 -0.076869 0.255849
v 0.296756 -0.078117 0.261406
v 0.311715 0.044299 0.256927
v 0.296756 -0.078117 0.261406
v 0.301322 0.043866 0.258856
v 0.311715 0.044299 0.256927
v 0.296756 -0.078117 0.261406
v 0.292607 -0.074850 0.291416
v 0.301322 0.043866 0.258856
v 0.292607 -0.074850 0.291416
v 0.299881 0.045000 0.269276
v 0.301322 0.043866 0.258856
v 0.276485 -0.210000 0.320658
v 0.377389 -0.205794 0.301925
v 0.333504 -0.203194 0.347719
v 0.299881 0.045000 0.269276
v 0.309384 0.046135 0.273787
v 0.316698 0.045701 0.266154
v 0.276485 -0.210000 0.320658
v 0.347492 -0.214206 0.246560
v 0.377389 -0.205794 0.301925
v 0.299881 0.045000 0.269276
v 0.316698 0.045701 0.266154
v 0.311715 0.044299 0.256927
v 0.276485 -0.210000 0.320658
v 0.285130 -0.216806 0.258138
v 0.347492 -0.214206 0.246560
v 0.299881 0.045000 0.269276
v 0.311715 0.044299 0.256927
v 0.301322 0.043866 0.258856
v 0.280618 -0.210000 0.475902
v 0.337725 -0.202449 0.502578
v 0.296565 -0.088100 0.446533
v 0.337725 -0.202449 0.502578
v 0.323976 -0.084475 0.459337
v 0.296565 -0.088100 0.446533
v 0.337725 -0.202449 0.502578
v 0.381392 -0.205333 0.456592
v 0.323976 -0.084475 0.459337
v 0.381392 -0.205333 0.456592
v 0.344936 -0.085860 0.437265
v 0.323976 -0.084475 0.459337
v 0.381392 -0.205333 0.456592
v 0.351274 -0.214667 0.401497
v 0.344936 -0.085860 0.437265
v 0.351274 -0.214667 0.401497
v 0.330479 -0.090340 0.410818
v 0.344936 -0.085860 0.437265
v 0.351274 -0.214667 0.401497
v 0.288991 -0.217551 0.413431
v 0.330479 -0.090340 0.410818
v 0.288991 -0.217551 0.413431
v 0.300584 -0.091725 0.416547
v 0.330479 -0.090340 0.410818
v 0.288991 -0.217551 0.413431
v 0.280618 -0.210000 0.475902
v 0.300584 -0.091725 0.416547
v 0.280618 -0.210000 0.475902
v 0.296565 -0.088100 0.446533
v 0.300584 -0.091725 0.416547
v 0.296565 -0.088100 0.446533
v 0.323976 -0.084475 0.459337
v 0.303703 0.020000 0.424317
v 0.323976 -0.084475 0.459337
v 0.313221 0.021258 0.428763
v 0.303703 0.020000 0.424317
v 0.323976 -0.084475 0.459337
v 0.344936 -0.085860 0.437265
v 0.313221 0.021258 0.428763
v 0.344936 -0.085860 0.437265
v 0.320499 0.020778 0.421099
v 0.313221 0.021258 0.428763
v 0.344936 -0.085860 0.437265
v 0.330479 -0.090340 0.410818
v 0.320499 0.020778 0.421099
v 0.330479 -0.090340 0.410818
v 0.315479 0.019222 0.411916
v 0.320499 0.020778 0.421099
v 0.330479 -0.090340 0.410818
v 0.300584 -0.091725 0.416547
v 0.315479 0.019222 0.411916
v 0.300584 -0.091725 0.416547
v 0.305099 0.018742 0.413905
v 0.315479 0.019222 0.411916
v 0.300584 -0.091725 0.416547
v 0.296565 -0.088100 0.446533
v 0.305099 0.018742 0.413905
v 0.296565 -0.088100 0.446533
v 0.303703 0.020000 0.424317
v 0.305099 0.018742 0.413905
v 0.280618 -0.210000 0.475902
v 0.381392 -0.205333 0.456592
v 0.337725 -0.202449 0.502578
v 0.303703 0.020000 0.424317
v 0.313221 0.021258 0.428763
v 0.320499 0.020778 0.421099
v 0.280618 -0.210000 0.475902
v 0.351274 -0.214667 0.401497
v 0.381392 -0.205333 0.456592
v 0.303703 0.020000 0.424317
v 0.320499 0.020778 0.421099
v 0.315479 0.019222 0.411916
v 0.280618 -0.210000 0.475902
v 0.288991 -0.217551 0.413431
v 0.351274 -0.214667 0.401497
v 0.303703 0.020000 0.424317
v 0.315479 0.019222 0.411916
v 0.305099 0.018742 0.413905
v 0.284751 -0.210000 0.631144
v 0.342042 -0.203156 0.657615
v 0.300522 -0.074850 0.601649
v 0.342042 -0.203156 0.657615
v 0.328022 -0.071565 0.614355
v 0.300522 -0.074850 0.601649
v 0.342042 -0.203156 0.657615
v 0.385456 -0.205770 0.611373
v 0.328022 -0.071565 0.614355
v 0.385456 -0.205770 0.611373
v 0.348861 -0.072820 0.592159
v 0.328022 -0.071565 0.614355
v 0.385456 -0.205770 0.611373
v 0.354995 -0.214230 0.556324
v 0.348861 -0.072820 0.592159
v 0.354995 -0.214230 0.556324
v 0.334240 -0.076880 0.565736
v 0.348861 -0.072820 0.592159
v 0.354995 -0.214230 0.556324
v 0.292756 -0.216844 0.568543
v 0.334240 -0.076880 0.565736
v 0.292756 -0.216844 0.568543
v 0.304365 -0.078135 0.571601
v 0.334240 -0.076880 0.565736
v 0.292756 -0.216844 0.568543
v 0.284751 -0.210000 0.631144
v 0.304365 -0.078135 0.571601
v 0.284751 -0.210000 0.631144
v 0.300522 -0.074850 0.601649
v 0.304365 -0.078135 0.571601
v 0.300522 -0.074850 0.601649
v 0.328022 -0.071565 0.614355
v 0.307525 0.045000 0.579357
v 0.328022 -0.071565 0.614355
v 0.317074 0.046141 0.583769
v 0.307525 0.045000 0.579357
v 0.328022 -0.071565 0.614355
v 0.348861 -0.072820 0.592159
v 0.317074 0.046141 0.583769
v 0.348861 -0.072820 0.592159
v 0.324309 0.045705 0.576062
v 0.317074 0.046141 0.583769
v 0.348861 -0.072820 0.592159
v 0.334240 -0.076880 0.565736
v 0.324309 0.045705 0.576062
v 0.334240 -0.076880 0.565736
v 0.319232 0.044295 0.566887
v 0.324309 0.045705 0.576062
v 0.334240 -0.076880 0.565736
v 0.304365 -0.078135 0.571601
v 0.319232 0.044295 0.566887
v 0.304365 -0.078135 0.571601
v 0.308859 0.043860 0.568924
v 0.319232 0.044295 0.566887
v 0.304365 -0.078135 0.571601
v 0.300522 -0.074850 0.601649
v 0.308859 0.043860 0.568924
v 0.300522 -0.074850 0.601649
v 0.307525 0.045000 0.579357
v 0.308859 0.043860 0.568924
v 0.284751 -0.210000 0.631144
v 0.385456 -0.205770 0.611373
v 0.342042 -0.203156 0.657615
v 0.307525 0.045000 0.579357
v 0.317074 0.046141 0.583769
v 0.324309 0.045705 0.576062
v 0.284751 -0.210000 0.631144
v 0.354995 -0.214230 0.556324
v 0.385456 -0.205770 0.611373
v 0.307525 0.045000 0.579357
v 0.324309 0.045705 0.576062
v 0.319232 0.044295 0.566887
v 0.284751 -0.210000 0.631144
v 0.292756 -0.216844 0.568543
v 0.354995 -0.214230 0.556324
v 0.307525 0.045000 0.579357
v 0.319232 0.044295 0.566887
v 0.308859 0.043860 0.568924
v 0.288885 -0.210000 0.786385
v 0.346258 -0.202407 0.812470
v 0.304481 -0.088100 0.756765
v 0.346258 -0.202407 0.812470
v 0.332020 -0.084455 0.769286
v 0.304481 -0.088100 0.756765
v 0.346258 -0.202407 0.812470
v 0.389455 -0.205307 0.766044
v 0.332020 -0.084455 0.769286
v 0.389455 -0.205307 0.766044
v 0.352754 -0.085847 0.747001
v 0.332020 -0.084455 0.769286
v 0.389455 -0.205307 0.766044
v 0.358779 -0.214693 0.711265
v 0.352754 -0.085847 0.747001
v 0.358779 -0.214693 0.711265
v 0.338030 -0.090352 0.720707
v 0.352754 -0.085847 0.747001
v 0.358779 -0.214693 0.711265
v 0.296623 -0.217593 0.723836
v 0.338030 -0.090352 0.720707
v 0.296623 -0.217593 0.723836
v 0.308195 -0.091745 0.726741
v 0.338030 -0.090352 0.720707
v 0.296623 -0.217593 0.723836
v 0.288885 -0.210000 0.786385
v 0.308195 -0.091745 0.726741
v 0.288885 -0.210000 0.786385
v 0.304481 -0.088100 0.756765
v 0.308195 -0.091745 0.726741
v 0.304481 -0.088100 0.756765
v 0.332020 -0.084455 0.769286
v 0.311347 0.020000 0.734397
v 0.332020 -0.084455 0.769286
v 0.320910 0.021266 0.738745
v 0.311347 0.020000 0.734397
v 0.332020 -0.084455 0.769286
v 0.352754 -0.085847 0.747001
v 0.320910 0.021266 0.738745
v 0.352754 -0.085847 0.747001
v 0.328109 0.020782 0.731007
v 0.320910 0.021266 0.738745
v 0.352754 -0.085847 0.747001
v 0.338030 -0.090352 0.720707
v 0.328109 0.020782 0.731007
v 0.338030 -0.090352 0.720707
v 0.322997 0.019218 0.721878
v 0.328109 0.020782 0.731007
v 0.338030 -0.090352 0.720707
v 0.308195 -0.091745 0.726741
v 0.322997 0.019218 0.721878
v 0.308195 -0.091745 0.726741
v 0.312637 0.018734 0.723973
v 0.322997 0.019218 0.721878
v 0.308195 -0.091745 0.726741
v 0.304481 -0.088100 0.756765
v 0.312637 0.018734 0.723973
v 0.304481 -0.088100 0.756765
v 0.311347 0.020000 0.734397
v 0.312637 0.018734 0.723973
v 0.288885 -0.210000 0.786385
v 0.389455 -0.205307 0.766044
v 0.346258 -0.202407 0.812470
v 0.311347 0.020000 0.734397
v 0.320910 0.021266 0.738745
v 0.328109 0.020782 0.731007
v 0.288885 -0.210000 0.786385
v 0.358779 -0.214693 0.711265
v 0.389455 -0.205307 0.766044
v 0.311347 0.020000 0.734397
v 0.328109 0.020782 0.731007
v 0.322997 0.019218 0.721878
v 0.288885 -0.210000 0.786385
v 0.296623 -0.217593 0.723836
v 0.358779 -0.214693 0.711265
v 0.311347 0.020000 0.734397
v 0.322997 0.019218 0.721878
v 0.312637 0.018734 0.723973
v 0.293019 -0.210000 0.941623
v 0.350573 -0.203118 0.967506
v 0.308439 -0.074850 0.911879
v 0.350573 -0.203118 0.967506
v 0.336065 -0.071547 0.924303
v 0.308439 -0.074850 0.911879
v 0.350573 -0.203118 0.967506
v 0.393516 -0.205747 0.920828
v 0.336065 -0.071547 0.924303
v 0.393516 -0.205747 0.920828
v 0.356678 -0.072808 0.901897
v 0.336065 -0.071547 0.924303
v 0.393516 -0.205747 0.920828
v 0.362501 -0.214253 0.866096
v 0.356678 -0.072808 0.901897
v 0.362501 -0.214253 0.866096
v 0.341791 -0.076891 0.875626
v 0.356678 -0.072808 0.901897
v 0.362501 -0.214253 0.866096
v 0.300391 -0.216882 0.878948
v 0.341791 -0.076891 0.875626
v 0.300391 -0.216882 0.878948
v 0.311978 -0.078154 0.881795
v 0.341791 -0.076891 0.875626
v 0.300391 -0.216882 0.878948
v 0.293019 -0.210000 0.941623
v 0.311978 -0.078154 0.881795
v 0.293019 -0.210000 0.941623
v 0.308439 -0.074850 0.911879
v 0.311978 -0.078154 0.881795
v 0.308439 -0.074850 0.911879
v 0.336065 -0.071547 0.924303
v 0.315170 0.045000 0.889437
v 0.336065 -0.071547 0.924303
v 0.324762 0.046147 0.893751
v 0.315170 0.045000 0.889437
v 0.336065 -0.071547 0.924303
v 0.356678 -0.072808 0.901897
v 0.324762 0.046147 0.893751
v 0.356678 -0.072808 0.901897
v 0.331919 0.045709 0.885971
v 0.324762 0.046147 0.893751
v 0.356678 -0.072808 0.901897
v 0.341791 -0.076891 0.875626
v 0.331919 0.045709 0.885971
v 0.341791 -0.076891 0.875626
v 0.326750 0.044291 0.876849
v 0.331919 0.045709 0.885971
v 0.341791 -0.076891 0.875626
v 0.311978 -0.078154 0.881795
v 0.326750 0.044291 0.876849
v 0.311978 -0.078154 0.881795
v 0.316398 0.043853 0.878991
v 0.326750 0.044291 0.876849
v 0.311978 -0.078154 0.881795
v 0.308439 -0.074850 0.911879
v 0.316398 0.043853 0.878991
v 0.308439 -0.074850 0.911879
v 0.315170 0.045000 0.889437
v 0.316398 0.043853 0.878991
v 0.293019 -0.210000 0.941623
v 0.393516 -0.205747 0.920828
v 0.350573 -0.203118 0.967506
v 0.315170 0.045000 0.889437
v 0.324762 0.046147 0.893751
v 0.331919 0.045709 0.885971
v 0.293019 -0.210000 0.941623
v 0.362501 -0.214253 0.866096
v 0.393516 -0.205747 0.920828
v 0.315170 0.045000 0.889437
v 0.331919 0.045709 0.885971
v 0.326750 0.044291 0.876849
v 0.293019 -0.210000 0.941623
v 0.300391 -0.216882 0.878948
v 0.362501 -0.214253 0.866096
v 0.315170 0.045000 0.889437
v 0.326750 0.044291 0.876849
v 0.316398 0.043853 0.878991
v 0.297153 -0.210000 1.096859
v 0.354784 -0.202364 1.122358
v 0.312398 -0.088100 1.066992
v 0.354784 -0.202364 1.122358
v 0.340060 -0.084435 1.079232
v 0.312398 -0.088100 1.066992
v 0.354784 -0.202364 1.122358
v 0.397511 -0.205281 1.075500
v 0.340060 -0.084435 1.079232
v 0.397511 -0.205281 1.075500
v 0.360569 -0.085835 1.056740
v 0.340060 -0.084435 1.079232
v 0.397511 -0.205281 1.075500
v 0.366288 -0.214719 1.021041
v 0.360569 -0.085835 1.056740
v 0.366288 -0.214719 1.021041
v 0.345582 -0.090365 1.030600
v 0.360569 -0.085835 1.056740
v 0.366288 -0.214719 1.021041
v 0.304263 -0.217636 1.034241
v 0.345582 -0.090365 1.030600
v 0.304263 -0.217636 1.034241
v 0.315810 -0.091765 1.036936
v 0.345582 -0.090365 1.030600
v 0.304263 -0.217636 1.034241
v 0.297153 -0.210000 1.096859
v 0.315810 -0.091765 1.036936
v 0.297153 -0.210000 1.096859
v 0.312398 -0.088100 1.066992
v 0.315810 -0.091765 1.036936
v 0.312398 -0.088100 1.066992
v 0.340060 -0.084435 1.079232
v 0.318992 0.020000 1.044477
v 0.340060 -0.084435 1.079232
v 0.328597 0.021273 1.048726
v 0.318992 0.020000 1.044477
v 0.340060 -0.084435 1.079232
v 0.360569 -0.085835 1.056740
v 0.328597 0.021273 1.048726
v 0.360569 -0.085835 1.056740
v 0.335719 0.020786 1.040917
v 0.328597 0.021273 1.048726
v 0.360569 -0.085835 1.056740
v 0.345582 -0.090365 1.030600
v 0.335719 0.020786 1.040917
v 0.345582 -0.090365 1.030600
v 0.330515 0.019213 1.031840
v 0.335719 0.020786 1.040917
v 0.345582 -0.090365 1.030600
v 0.315810 -0.091765 1.036936
v 0.330515 0.019213 1.031840
v 0.315810 -0.091765 1.036936
v 0.320177 0.018727 1.034040
v 0.330515 0.019213 1.031840
v 0.315810 -0.091765 1.036936
v 0.312398 -0.088100 1.066992
v 0.320177 0.018727 1.034040
v 0.312398 -0.088100 1.066992
v 0.318992 0.020000 1.044477
v 0.320177 0.018727 1.034040
v 0.297153 -0.210000 1.096859
v 0.397511 -0.205281 1.075500
v 0.354784 -0.202364 1.122358
v 0.318992 0.020000 1.044477
v 0.328597 0.021273 1.048726
v 0.335719 0.020786 1.040917
v 0.297153 -0.210000 1.096859
v 0.366288 -0.214719 1.021041
v 0.397511 -0.205281 1.075500
v 0.318992 0.020000 1.044477
v 0.335719 0.020786 1.040917
v 0.330515 0.019213 1.031840
v 0.297153 -0.210000 1.096859
v 0.304263 -0.217636 1.034241
v 0.366288 -0.214719 1.021041
v 0.318992 0.020000 1.044477
v 0.330515 0.019213 1.031840
v 0.320177 0.018727 1.034040
v 0.301288 -0.210000 1.252093
v 0.359097 -0.203079 1.277392
v 0.316356 -0.074850 1.222105
v 0.359097 -0.203079 1.277392
v 0.344105 -0.071528 1.234248
v 0.316356 -0.074850 1.222105
v 0.359097 -0.203079 1.277392
v 0.401570 -0.205723 1.230288
v 0.344105 -0.071528 1.234248
v 0.401570 -0.205723 1.230288
v 0.364492 -0.072797 1.211638
v 0.344105 -0.071528 1.234248
v 0.401570 -0.205723 1.230288
v 0.370011 -0.214277 1.175876
v 0.364492 -0.072797 1.211638
v 0.370011 -0.214277 1.175876
v 0.349343 -0.076903 1.185520
v 0.364492 -0.072797 1.211638
v 0.370011 -0.214277 1.175876
v 0.308034 -0.216921 1.189352
v 0.349343 -0.076903 1.185520
v 0.308034 -0.216921 1.189352
v 0.319594 -0.078172 1.191989
v 0.349343 -0.076903 1.185520
v 0.308034 -0.216921 1.189352
v 0.301288 -0.210000 1.252093
v 0.319594 -0.078172 1.191989
v 0.301288 -0.210000 1.252093
v 0.316356 -0.074850 1.222105
v 0.319594 -0.078172 1.191989
v 0.316356 -0.074850 1.222105
v 0.344105 -0.071528 1.234248
v 0.322815 0.045000 1.199515
v 0.344105 -0.071528 1.234248
v 0.332449 0.046154 1.203732
v 0.322815 0.045000 1.199515
v 0.344105 -0.071528 1.234248
v 0.364492 -0.072797 1.211638
v 0.332449 0.046154 1.203732
v 0.364492 -0.072797 1.211638
v 0.339528 0.045713 1.195881
v 0.332449 0.046154 1.203732
v 0.364492 -0.072797 1.211638
v 0.349343 -0.076903 1.185520
v 0.339528 0.045713 1.195881
v 0.349343 -0.076903 1.185520
v 0.334269 0.044287 1.186812
v 0.339528 0.045713 1.195881
v 0.349343 -0.076903 1.185520
v 0.319594 -0.078172 1.191989
v 0.334269 0.044287 1.186812
v 0.319594 -0.078172 1.191989
v 0.323939 0.043847 1.189059
v 0.334269 0.044287 1.186812
v 0.319594 -0.078172 1.191989
v 0.316356 -0.074850 1.222105
v 0.323939 0.043847 1.189059
v 0.316356 -0.074850 1.222105
v 0.322815 0.045000 1.199515
v 0.323939 0.043847 1.189059
v 0.301288 -0.210000 1.252093
v 0.401570 -0.205723 1.230288
v 0.359097 -0.203079 1.277392
v 0.322815 0.045000 1.199515
v 0.332449 0.046154 1.203732
v 0.339528 0.045713 1.195881
v 0.301288 -0.210000 1.252093
v 0.370011 -0.214277 1.175876
v 0.401570 -0.205723 1.230288
v 0.322815 0.045000 1.199515
v 0.339528 0.045713 1.195881
v 0.334269 0.044287 1.186812
v 0.301288 -0.210000 1.252093
v 0.308034 -0.216921 1.189352
v 0.370011 -0.214277 1.175876
v 0.322815 0.045000 1.199515
v 0.334269 0.044287 1.186812
v 0.323939 0.043847 1.189059
v 0.000000 -0.155000 0.650000
v -0.147520 -0.162427 0.650000
v -0.113007 -0.162427 0.831282
v 0.000000 -0.155000 0.650000
v -0.113007 -0.162427 0.831282
v -0.025617 -0.162427 0.927740
v 0.000000 -0.155000 0.650000
v -0.025617 -0.162427 0.927740
v 0.073760 -0.162427 0.894240
v 0.000000 -0.155000 0.650000
v 0.073760 -0.162427 0.894240
v 0.138624 -0.162427 0.746458
v 0.000000 -0.155000 0.650000
v 0.138624 -0.162427 0.746458
v 0.138624 -0.162427 0.553542
v 0.000000 -0.155000 0.650000
v 0.138624 -0.162427 0.553542
v 0.073760 -0.162427 0.405760
v 0.000000 -0.155000 0.650000
v 0.073760 -0.162427 0.405760
v -0.025617 -0.162427 0.372260
v 0.000000 -0.155000 0.650000
v -0.025617 -0.162427 0.372260
v -0.113007 -0.162427 0.468718
v 0.000000 -0.155000 0.650000
v -0.113007 -0.162427 0.468718
v -0.147520 -0.162427 0.650000
v -0.113007 -0.162427 0.831282
v -0.147520 -0.162427 0.650000
v -0.203632 -0.183238 0.976659
v -0.147520 -0.162427 0.650000
v -0.265823 -0.183238 0.650000
v -0.203632 -0.183238 0.976659
v -0.025617 -0.162427 0.927740
v -0.113007 -0.162427 0.831282
v -0.046160 -0.183238 1.150470
v -0.113007 -0.162427 0.831282
v -0.203632 -0.183238 0.976659
v -0.046160 -0.183238 1.150470
v 0.073760 -0.162427 0.894240
v -0.025617 -0.162427 0.927740
v 0.132911 -0.183238 1.090106
v -0.025617 -0.162427 0.927740
v -0.046160 -0.183238 1.150470
v 0.132911 -0.183238 1.090106
v 0.138624 -0.162427 0.746458
v 0.073760 -0.162427 0.894240
v 0.249792 -0.183238 0.823811
v 0.073760 -0.162427 0.894240
v 0.132911 -0.183238 1.090106
v 0.249792 -0.183238 0.823811
v 0.138624 -0.162427 0.553542
v 0.138624 -0.162427 0.746458
v 0.249792 -0.183238 0.476189
v 0.138624 -0.162427 0.746458
v 0.249792 -0.183238 0.823811
v 0.249792 -0.183238 0.476189
v 0.073760 -0.162427 0.405760
v 0.138624 -0.162427 0.553542
v 0.132911 -0.183238 0.209894
v 0.138624 -0.162427 0.553542
v 0.249792 -0.183238 0.476189
v 0.132911 -0.183238 0.209894
v -0.025617 -0.162427 0.372260
v 0.073760 -0.162427 0.405760
v -0.046160 -0.183238 0.149530
v 0.073760 -0.162427 0.405760
v 0.132911 -0.183238 0.209894
v -0.046160 -0.183238 0.149530
v -0.113007 -0.162427 0.468718
v -0.025617 -0.162427 0.372260
v -0.203632 -0.183238 0.323341
v -0.025617 -0.162427 0.372260
v -0.046160 -0.183238 0.149530
v -0.203632 -0.183238 0.323341
v -0.147520 -0.162427 0.650000
v -0.113007 -0.162427 0.468718
v -0.265823 -0.183238 0.650000
v -0.113007 -0.162427 0.468718
v -0.203632 -0.183238 0.323341
v -0.265823 -0.183238 0.650000
v -0.203632 -0.183238 0.976659
v -0.265823 -0.183238 0.650000
v -0.253925 -0.213311 1.057336
v -0.265823 -0.183238 0.650000
v -0.331475 -0.213311 0.650000
v -0.253925 -0.213311 1.057336
v -0.046160 -0.183238 1.150470
v -0.203632 -0.183238 0.976659
v -0.057560 -0.213311 1.274076
v -0.203632 -0.183238 0.976659
v -0.253925 -0.213311 1.057336
v -0.057560 -0.213311 1.274076
v 0.132911 -0.183238 1.090106
v -0.046160 -0.183238 1.150470
v 0.165738 -0.213311 1.198803
v -0.046160 -0.183238 1.150470
v -0.057560 -0.213311 1.274076
v 0.165738 -0.213311 1.198803
v 0.249792 -0.183238 0.823811
v 0.132911 -0.183238 1.090106
v 0.311485 -0.213311 0.866739
v 0.132911 -0.183238 1.090106
v 0.165738 -0.213311 1.198803
v 0.311485 -0.213311 0.866739
v 0.249792 -0.183238 0.476189
v 0.249792 -0.183238 0.823811
v 0.311485 -0.213311 0.433261
v 0.249792 -0.183238 0.823811
v 0.311485 -0.213311 0.866739
v 0.311485 -0.213311 0.433261
v 0.132911 -0.183238 0.209894
v 0.249792 -0.183238 0.476189
v 0.165738 -0.213311 0.101197
v 0.249792 -0.183238 0.476189
v 0.311485 -0.213311 0.433261
v 0.165738 -0.213311 0.101197
v -0.046160 -0.183238 0.149530
v 0.132911 -0.183238 0.209894
v -0.057560 -0.213311 0.025924
v 0.132911 -0.183238 0.209894
v 0.165738 -0.213311 0.101197
v -0.057560 -0.213311 0.025924
v -0.203632 -0.183238 0.323341
v -0.046160 -0.183238 0.149530
v -0.253925 -0.213311 0.242663
v -0.046160 -0.183238 0.149530
v -0.057560 -0.213311 0.025924
v -0.253925 -0.213311 0.242663
v -0.265823 -0.183238 0.650000
v -0.203632 -0.183238 0.323341
v -0.331475 -0.213311 0.650000
v -0.203632 -0.183238 0.323341
v -0.253925 -0.213311 0.242663
v -0.331475 -0.213311 0.650000
v -0.253925 -0.213311 1.057336
v -0.331475 -0.213311 0.650000
v -0.253925 -0.246689 1.057336
v -0.331475 -0.213311 0.650000
v -0.331475 -0.246689 0.650000
v -0.253925 -0.246689 1.057336
v -0.057560 -0.213311 1.274076
v -0.253925 -0.213311 1.057336
v -0.057560 -0.246689 1.274076
v -0.253925 -0.213311 1.057336
v -0.253925 -0.246689 1.057336
v -0.057560 -0.246689 1.274076
v 0.165738 -0.213311 1.198803
v -0.057560 -0.213311 1.274076
v 0.165738 -0.246689 1.198803
v -0.057560 -0.213311 1.274076
v -0.057560 -0.246689 1.274076
v 0.165738 -0.246689 1.198803
v 0.311485 -0.213311 0.866739
v 0.165738 -0.213311 1.198803
v 0.311485 -0.246689 0.866739
v 0.165738 -0.213311 1.198803
v 0.165738 -0.246689 1.198803
v 0.311485 -0.246689 0.866739
v 0.311485 -0.213311 0.433261
v 0.311485 -0.213311 0.866739
v 0.311485 -0.246689 0.433261
v 0.311485 -0.213311 0.866739
v 0.311485 -0.246689 0.866739
v 0.311485 -0.246689 0.433261
v 0.165738 -0.213311 0.101197
v 0.311485 -0.213311 0.433261
v 0.165738 -0.246689 0.101197
v 0.311485 -0.213311 0.433261
v 0.311485 -0.246689 0.433261
v 0.165738 -0.246689 0.101197
v -0.057560 -0.213311 0.025924
v 0.165738 -0.213311 0.101197
v -0.057560 -0.246689 0.025924
v 0.165738 -0.213311 0.101197
v 0.165738 -0.246689 0.101197
v -0.057560 -0.246689 0.025924
v -0.253925 -0.213311 0.242663
v -0.057560 -0.213311 0.025924
v -0.253925 -0.246689 0.242663
v -0.057560 -0.213311 0.025924
v -0.057560 -0.246689 0.025924
v -0.253925 -0.246689 0.242663
v -0.331475 -0.213311 0.650000
v -0.253925 -0.213311 0.242663
v -0.331475 -0.246689 0.650000
v -0.253925 -0.213311 0.242663
v -0.253925 -0.246689 0.242663
v -0.331475 -0.246689 0.650000
v -0.253925 -0.246689 1.057336
v -0.331475 -0.246689 0.650000
v -0.203632 -0.276762 0.976659
v -0.331475 -0.246689 0.650000
v -0.265823 -0.276762 0.650000
v -0.203632 -0.276762 0.976659
v -0.057560 -0.246689 1.274076
v -0.253925 -0.246689 1.057336
v -0.046160 -0.276762 1.150470
v -0.253925 -0.246689 1.057336
v -0.203632 -0.276762 0.976659
v -0.046160 -0.276762 1.150470
v 0.165738 -0.246689 1.198803
v -0.057560 -0.246689 1.274076
v 0.132911 -0.276762 1.090106
v -0.057560 -0.246689 1.274076
v -0.046160 -0.276762 1.150470
v 0.132911 -0.276762 1.090106
v 0.311485 -0.246689 0.866739
v 0.165738 -0.246689 1.198803
v 0.249792 -0.276762 0.823811
v 0.165738 -0.246689 1.198803
v 0.132911 -0.276762 1.090106
v 0.249792 -0.276762 0.823811
v 0.311485 -0.246689 0.433261
v 0.311485 -0.246689 0.866739
v 0.249792 -0.276762 0.476189
v 0.311485 -0.246689 0.866739
v 0.249792 -0.276762 0.823811
v 0.249792 -0.276762 0.476189
v 0.165738 -0.246689 0.101197
v 0.311485 -0.246689 0.433261
v 0.132911 -0.276762 0.209894
v 0.311485 -0.246689 0.433261
v 0.249792 -0.276762 0.476189
v 0.132911 -0.276762 0.209894
v -0.057560 -0.246689 0.025924
v 0.165738 -0.246689 0.101197
v -0.046160 -0.276762 0.149530
v 0.165738 -0.246689 0.101197
v 0.132911 -0.276762 0.209894
v -0.046160 -0.276762 0.149530
v -0.253925 -0.246689 0.242663
v -0.057560 -0.246689 0.025924
v -0.203632 -0.276762 0.323341
v -0.057560 -0.246689 0.025924
v -0.046160 -0.276762 0.149530
v -0.203632 -0.276762 0.323341
v -0.331475 -0.246689 0.650000
v -0.253925 -0.246689 0.242663
v -0.265823 -0.276762 0.650000
v -0.253925 -0.246689 0.242663
v -0.203632 -0.276762 0.323341
v -0.265823 -0.276762 0.650000
v -0.203632 -0.276762 0.976659
v -0.265823 -0.276762 0.650000
v -0.113007 -0.297573 0.831282
v -0.265823 -0.276762 0.650000
v -0.147520 -0.297573 0.650000
v -0.113007 -0.297573 0.831282
v -0.046160 -0.276762 1.150470
v -0.203632 -0.276762 0.976659
v -0.025617 -0.297573 0.927740
v -0.203632 -0.276762 0.976659
v -0.113007 -0.297573 0.831282
v -0.025617 -0.297573 0.927740
v 0.132911 -0.276762 1.090106
v -0.046160 -0.276762 1.150470
v 0.073760 -0.297573 0.894240
v -0.046160 -0.276762 1.150470
v -0.025617 -0.297573 0.927740
v 0.073760 -0.297573 0.894240
v 0.249792 -0.276762 0.823811
v 0.132911 -0.276762 1.090106
v 0.138624 -0.297573 0.746458
v 0.132911 -0.276762 1.090106
v 0.073760 -0.297573 0.894240
v 0.138624 -0.297573 0.746458
v 0.249792 -0.276762 0.476189
v 0.249792 -0.276762 0.823811
v 0.138624 -0.297573 0.553542
v 0.249792 -0.276762 0.823811
v 0.138624 -0.297573 0.746458
v 0.138624 -0.297573 0.553542
v 0.132911 -0.276762 0.209894
v 0.249792 -0.276762 0.476189
v 0.073760 -0.297573 0.405760
v 0.249792 -0.276762 0.476189
v 0.138624 -0.297573 0.553542
v 0.073760 -0.297573 0.405760
v -0.046160 -0.276762 0.149530
v 0.132911 -0.276762 0.209894
v -0.025617 -0.297573 0.372260
v 0.132911 -0.276762 0.209894
v 0.073760 -0.297573 0.405760
v -0.025617 -0.297573 0.372260
v -0.203632 -0.276762 0.323341
v -0.046160 -0.276762 0.149530
v -0.113007 -0.297573 0.468718
v -0.046160 -0.276762 0.149530
v -0.025617 -0.297573 0.372260
v -0.113007 -0.297573 0.468718
v -0.265823 -0.276762 0.650000
v -0.203632 -0.276762 0.323341
v -0.147520 -0.297573 0.650000
v -0.203632 -0.276762 0.323341
v -0.113007 -0.297573 0.468718
v -0.147520 -0.297573 0.650000
v -0.113007 -0.297573 0.831282
v -0.147520 -0.297573 0.650000
v -0.000000 -0.305000 0.650000
v -0.025617 -0.297573 0.927740
v -0.113007 -0.297573 0.831282
v -0.000000 -0.305000 0.650000
v 0.073760 -0.297573 0.894240
v -0.025617 -0.297573 0.927740
v 0.000000 -0.305000 0.650000
v 0.138624 -0.297573 0.746458
v 0.073760 -0.297573 0.894240
v 0.000000 -0.305000 0.650000
v 0.138624 -0.297573 0.553542
v 0.138624 -0.297573 0.746458
v 0.000000 -0.305000 0.650000
v 0.073760 -0.297573 0.405760
v 0.138624 -0.297573 0.553542
v 0.000000 -0.305000 0.650000
v -0.025617 -0.297573 0.372260
v 0.073760 -0.297573 0.405760
v -0.000000 -0.305000 0.650000
v -0.113007 -0.297573 0.468718
v -0.025617 -0.297573 0.372260
v -0.000000 -0.305000 0.650000
v -0.147520 -0.297573 0.650000
v -0.113007 -0.297573 0.468718
v -0.000000 -0.305000 0.650000
vt 0.120000 0.880000
vt 0.213333 0.880000
vt 0.166667 0.786667
vt 0.120000 0.880000
vt 0.213333 0.880000
vt 0.166667 0.786667
vt 0.120000 0.880000
vt 0.213333 0.880000
vt 0.166667 0.786667
vt 0.120000 0.880000
vt 0.213333 0.880000
vt 0.166667 0.786667
vt 0.120000 0.880000
vt 0.213333 0.880000
vt 0.166667 0.786667
vt 0.120000 0.880000
vt 0.213333 0.880000
vt 0.166667 0.786667
vt 0.120000 0.880000
vt 0.213333 0.880000
vt 0.166667 0.786667
vt 0.120000 0.880000
vt 0.213333 0.880000
vt 0.166667 0.786667
vt 0.120000 0.880000
vt 0.213333 0.880000
vt 0.166667 0.786667
vt 0.120000 0.880000
vt 0.213333 0.880000
vt 0.166667 0.786667
vt 0.120000 0.880000
vt 0.213333 0.880000
vt 0.166667 0.786667
vt 0.120000 0.880000
vt 0.213333 0.880000
vt 0.166667 0.786667
vt 0.120000 0.880000
vt 0.213333 0.880000
vt 0.166667 0.786667
vt 0.120000 0.880000
vt 0.213333 0.880000
vt 0.166667 0.786667
vt 0.120000 0.880000
vt 0.213333 0.880000
vt 0.166667 0.786667
vt 0.120000 0.880000
vt 0.213333 0.880000
vt 0.166667 0.786667
vt 0.120000 0.880000
vt 0.213333 0.880000
vt 0.166667 0.786667
vt 0.120000 0.880000
vt 0.213333 0.880000
vt 0.166667 0.786667
vt 0.120000 0.880000
vt 0.213333 0.880000
vt 0.166667 0.786667
vt 0.120000 0.880000
vt 0.213333 0.880000
vt 0.166667 0.786667
vt 0.120000 0.880000
vt 0.213333 0.880000
vt 0.166667 0.786667
vt 0.120000 0.880000
vt 0.213333 0.880000
vt 0.166667 0.786667
vt 0.120000 0.880000
vt 0.213333 0.880000
vt 0.166667 0.786667
vt 0.120000 0.880000
vt 0.213333 0.880000
vt 0.166667 0.786667
vt 0.120000 0.880000
vt 0.213333 0.880000
vt 0.166667 0.786667
vt 0.120000 0.880000
vt 0.213333 0.880000
vt 0.166667 0.786667
vt 0.120000 0.880000
vt 0.213333 0.880000
vt 0.166667 0.786667
vt 0.120000 0.880000
vt 0.213333 0.880000
vt 0.166667 0.786667
vt 0.120000 0.880000
vt 0.213333 0.880000
vt 0.166667 0.786667
vt 0.120000 0.880000
vt 0.213333 0.880000
vt 0.166667 0.786667
vt 0.120000 0.880000
vt 0.213333 0.880000
vt 0.166667 0.786667
vt 0.120000 0.880000
vt 0.213333 0.880000
vt 0.166667 0.786667
vt 0.120000 0.880000
vt 0.213333 0.880000
vt 0.166667 0.786667
vt 0.120000 0.880000
vt 0.213333 0.880000
vt 0.166667 0.786667
vt 0.120000 0.880000
vt 0.213333 0.880000
vt 0.166667 0.786667
vt 0.120000 0.880000
vt 0.213333 0.880000
vt 0.166667 0.786667
vt 0.120000 0.880000
vt 0.213333 0.880000
vt 0.166667 0.786667
vt 0.120000 0.880000
vt 0.213333 0.880000
vt 0.166667 0.786667
vt 0.120000 0.880000
vt 0.213333 0.880000
vt 0.166667 0.786667
vt 0.120000 0.880000
vt 0.213333 0.880000
vt 0.166667 0.786667
vt 0.120000 0.880000
vt 0.213333 0.880000
vt 0.166667 0.786667
vt 0.120000 0.880000
vt 0.213333 0.880000
vt 0.166667 0.786667
vt 0.120000 0.880000
vt 0.213333 0.880000
vt 0.166667 0.786667
vt 0.120000 0.880000
vt 0.213333 0.880000
vt 0.166667 0.786667
vt 0.786667 0.880000
vt 0.880000 0.880000
vt 0.833333 0.786667
vt 0.786667 0.880000
vt 0.880000 0.880000
vt 0.833333 0.786667
vt 0.786667 0.880000
vt 0.880000 0.880000
vt 0.833333 0.786667
vt 0.786667 0.880000
vt 0.880000 0.880000
vt 0.833333 0.786667
vt 0.786667 0.880000
vt 0.880000 0.880000
vt 0.833333 0.786667
vt 0.786667 0.880000
vt 0.880000 0.880000
vt 0.833333 0.786667
vt 0.786667 0.880000
vt 0.880000 0.880000
vt 0.833333 0.786667
vt 0.786667 0.880000
vt 0.880000 0.880000
vt 0.833333 0.786667
vt 0.786667 0.880000
vt 0.880000 0.880000
vt 0.833333 0.786667
vt 0.786667 0.880000
vt 0.880000 0.880000
vt 0.833333 0.786667
vt 0.786667 0.880000
vt 0.880000 0.880000
vt 0.833333 0.786667
vt 0.786667 0.880000
vt 0.880000 0.880000
vt 0.833333 0.786667
vt 0.786667 0.880000
vt 0.880000 0.880000
vt 0.833333 0.786667
vt 0.786667 0.880000
vt 0.880000 0.880000
vt 0.833333 0.786667
vt 0.786667 0.880000
vt 0.880000 0.880000
vt 0.833333 0.786667
vt 0.786667 0.880000
vt 0.880000 0.880000
vt 0.833333 0.786667
vt 0.786667 0.880000
vt 0.880000 0.880000
vt 0.833333 0.786667
vt 0.786667 0.880000
vt 0.880000 0.880000
vt 0.833333 0.786667
vt 0.786667 0.880000
vt 0.880000 0.880000
vt 0.833333 0.786667
vt 0.786667 0.880000
vt 0.880000 0.880000
vt 0.833333 0.786667
vt 0.786667 0.880000
vt 0.880000 0.880000
vt 0.833333 0.786667
vt 0.786667 0.880000
vt 0.880000 0.880000
vt 0.833333 0.786667
vt 0.786667 0.880000
vt 0.880000 0.880000
vt 0.833333 0.786667
vt 0.786667 0.880000
vt 0.880000 0.880000
vt 0.833333 0.786667
vt 0.786667 0.880000
vt 0.880000 0.880000
vt 0.833333 0.786667
vt 0.786667 0.880000
vt 0.880000 0.880000
vt 0.833333 0.786667
vt 0.786667 0.880000
vt 0.880000 0.880000
vt 0.833333 0.786667
vt 0.786667 0.880000
vt 0.880000 0.880000
vt 0.833333 0.786667
vt 0.786667 0.880000
vt 0.880000 0.880000
vt 0.833333 0.786667
vt 0.786667 0.880000
vt 0.880000 0.880000
vt 0.833333 0.786667
vt 0.786667 0.880000
vt 0.880000 0.880000
vt 0.833333 0.786667
vt 0.786667 0.880000
vt 0.880000 0.880000
vt 0.833333 0.786667
vt 0.786667 0.880000
vt 0.880000 0.880000
vt 0.833333 0.786667
vt 0.786667 0.880000
vt 0.880000 0.880000
vt 0.833333 0.786667
vt 0.786667 0.880000
vt 0.880000 0.880000
vt 0.833333 0.786667
vt 0.786667 0.880000
vt 0.880000 0.880000
vt 0.833333 0.786667
vt 0.786667 0.880000
vt 0.880000 0.880000
vt 0.833333 0.786667
vt 0.786667 0.880000
vt 0.880000 0.880000
vt 0.833333 0.786667
vt 0.786667 0.880000
vt 0.880000 0.880000
vt 0.833333 0.786667
vt 0.786667 0.880000
vt 0.880000 0.880000
vt 0.833333 0.786667
vt 0.786667 0.880000
vt 0.880000 0.880000
vt 0.833333 0.786667
vt 0.786667 0.880000
vt 0.880000 0.880000
vt 0.833333 0.786667
vt 0.786667 0.880000
vt 0.880000 0.880000
vt 0.833333 0.786667
vt 0.786667 0.880000
vt 0.880000 0.880000
vt 0.833333 0.786667
vt 0.786667 0.880000
vt 0.880000 0.880000
vt 0.833333 0.786667
vt 0.786667 0.880000
vt 0.880000 0.880000
vt 0.833333 0.786667
vt 0.786667 0.880000
vt 0.880000 0.880000
vt 0.833333 0.786667
vt 0.786667 0.880000
vt 0.880000 0.880000
vt 0.833333 0.786667
vt 0.786667 0.880000
vt 0.880000 0.880000
vt 0.833333 0.786667
vt 0.786667 0.880000
vt 0.880000 0.880000
vt 0.833333 0.786667
vt 0.786667 0.880000
vt 0.880000 0.880000
vt 0.833333 0.786667
vt 0.786667 0.880000
vt 0.880000 0.880000
vt 0.833333 0.786667
vt 0.120000 0.213333
vt 0.213333 0.213333
vt 0.166667 0.120000
vt 0.120000 0.213333
vt 0.213333 0.213333
vt 0.166667 0.120000
vt 0.120000 0.213333
vt 0.213333 0.213333
vt 0.166667 0.120000
vt 0.120000 0.213333
vt 0.213333 0.213333
vt 0.166667 0.120000
vt 0.120000 0.213333
vt 0.213333 0.213333
vt 0.166667 0.120000
vt 0.120000 0.213333
vt 0.213333 0.213333
vt 0.166667 0.120000
vt 0.120000 0.213333
vt 0.213333 0.213333
vt 0.166667 0.120000
vt 0.120000 0.213333
vt 0.213333 0.213333
vt 0.166667 0.120000
vt 0.120000 0.213333
vt 0.213333 0.213333
vt 0.166667 0.120000
vt 0.120000 0.213333
vt 0.213333 0.213333
vt 0.166667 0.120000
vt 0.120000 0.213333
vt 0.213333 0.213333
vt 0.166667 0.120000
vt 0.120000 0.213333
vt 0.213333 0.213333
vt 0.166667 0.120000
vt 0.120000 0.213333
vt 0.213333 0.213333
vt 0.166667 0.120000
vt 0.120000 0.213333
vt 0.213333 0.213333
vt 0.166667 0.120000
vt 0.120000 0.213333
vt 0.213333 0.213333
vt 0.166667 0.120000
vt 0.120000 0.213333
vt 0.213333 0.213333
vt 0.166667 0.120000
vt 0.120000 0.213333
vt 0.213333 0.213333
vt 0.166667 0.120000
vt 0.120000 0.213333
vt 0.213333 0.213333
vt 0.166667 0.120000
vt 0.120000 0.213333
vt 0.213333 0.213333
vt 0.166667 0.120000
vt 0.120000 0.213333
vt 0.213333 0.213333
vt 0.166667 0.120000
vt 0.120000 0.213333
vt 0.213333 0.213333
vt 0.166667 0.120000
vt 0.120000 0.213333
vt 0.213333 0.213333
vt 0.166667 0.120000
vt 0.120000 0.213333
vt 0.213333 0.213333
vt 0.166667 0.120000
vt 0.120000 0.213333
vt 0.213333 0.213333
vt 0.166667 0.120000
vt 0.120000 0.213333
vt 0.213333 0.213333
vt 0.166667 0.120000
vt 0.120000 0.213333
vt 0.213333 0.213333
vt 0.166667 0.120000
vt 0.120000 0.213333
vt 0.213333 0.213333
vt 0.166667 0.120000
vt 0.120000 0.213333
vt 0.213333 0.213333
vt 0.166667 0.120000
vt 0.120000 0.213333
vt 0.213333 0.213333
vt 0.166667 0.120000
vt 0.120000 0.213333
vt 0.213333 0.213333
vt 0.166667 0.120000
vt 0.120000 0.213333
vt 0.213333 0.213333
vt 0.166667 0.120000
vt 0.120000 0.213333
vt 0.213333 0.213333
vt 0.166667 0.120000
vt 0.120000 0.213333
vt 0.213333 0.213333
vt 0.166667 0.120000
vt 0.120000 0.213333
vt 0.213333 0.213333
vt 0.166667 0.120000
vt 0.120000 0.213333
vt 0.213333 0.213333
vt 0.166667 0.120000
vt 0.120000 0.213333
vt 0.213333 0.213333
vt 0.166667 0.120000
vt 0.120000 0.213333
vt 0.213333 0.213333
vt 0.166667 0.120000
vt 0.120000 0.213333
vt 0.213333 0.213333
vt 0.166667 0.120000
vt 0.120000 0.213333
vt 0.213333 0.213333
vt 0.166667 0.120000
vt 0.120000 0.213333
vt 0.213333 0.213333
vt 0.166667 0.120000
vt 0.120000 0.213333
vt 0.213333 0.213333
vt 0.166667 0.120000
vt 0.120000 0.213333
vt 0.213333 0.213333
vt 0.166667 0.120000
vt 0.120000 0.213333
vt 0.213333 0.213333
vt 0.166667 0.120000
vt 0.120000 0.213333
vt 0.213333 0.213333
vt 0.166667 0.120000
vt 0.120000 0.213333
vt 0.213333 0.213333
vt 0.166667 0.120000
vt 0.120000 0.213333
vt 0.213333 0.213333
vt 0.166667 0.120000
vt 0.120000 0.213333
vt 0.213333 0.213333
vt 0.166667 0.120000
vt 0.120000 0.213333
vt 0.213333 0.213333
vt 0.166667 0.120000
vt 0.120000 0.213333
vt 0.213333 0.213333
vt 0.166667 0.120000
vt 0.120000 0.213333
vt 0.213333 0.213333
vt 0.166667 0.120000
vt 0.120000 0.213333
vt 0.213333 0.213333
vt 0.166667 0.120000
vt 0.120000 0.213333
vt 0.213333 0.213333
vt 0.166667 0.120000
vt 0.120000 0.213333
vt 0.213333 0.213333
vt 0.166667 0.120000
vt 0.120000 0.213333
vt 0.213333 0.213333
vt 0.166667 0.120000
vt 0.120000 0.213333
vt 0.213333 0.213333
vt 0.166667 0.120000
vt 0.120000 0.213333
vt 0.213333 0.213333
vt 0.166667 0.120000
vt 0.120000 0.213333
vt 0.213333 0.213333
vt 0.166667 0.120000
vt 0.120000 0.213333
vt 0.213333 0.213333
vt 0.166667 0.120000
vt 0.120000 0.213333
vt 0.213333 0.213333
vt 0.166667 0.120000
vt 0.120000 0.213333
vt 0.213333 0.213333
vt 0.166667 0.120000
vt 0.120000 0.213333
vt 0.213333 0.213333
vt 0.166667 0.120000
vt 0.120000 0.213333
vt 0.213333 0.213333
vt 0.166667 0.120000
vt 0.120000 0.213333
vt 0.213333 0.213333
vt 0.166667 0.120000
vt 0.120000 0.213333
vt 0.213333 0.213333
vt 0.166667 0.120000
vt 0.120000 0.213333
vt 0.213333 0.213333
vt 0.166667 0.120000
vt 0.120000 0.213333
vt 0.213333 0.213333
vt 0.166667 0.120000
vt 0.120000 0.213333
vt 0.213333 0.213333
vt 0.166667 0.120000
vt 0.120000 0.213333
vt 0.213333 0.213333
vt 0.166667 0.120000
vt 0.120000 0.213333
vt 0.213333 0.213333
vt 0.166667 0.120000
vt 0.120000 0.213333
vt 0.213333 0.213333
vt 0.166667 0.120000
vt 0.120000 0.213333
vt 0.213333 0.213333
vt 0.166667 0.120000
vt 0.120000 0.213333
vt 0.213333 0.213333
vt 0.166667 0.120000
vt 0.120000 0.213333
vt 0.213333 0.213333
vt 0.166667 0.120000
vt 0.120000 0.213333
vt 0.213333 0.213333
vt 0.166667 0.120000
vt 0.120000 0.213333
vt 0.213333 0.213333
vt 0.166667 0.120000
vt 0.120000 0.213333
vt 0.213333 0.213333
vt 0.166667 0.120000
vt 0.120000 0.213333
vt 0.213333 0.213333
vt 0.166667 0.120000
vt 0.120000 0.213333
vt 0.213333 0.213333
vt 0.166667 0.120000
vt 0.120000 0.213333
vt 0.213333 0.213333
vt 0.166667 0.120000
vt 0.120000 0.213333
vt 0.213333 0.213333
vt 0.166667 0.120000
vt 0.120000 0.213333
vt 0.213333 0.213333
vt 0.166667 0.120000
vt 0.120000 0.213333
vt 0.213333 0.213333
vt 0.166667 0.120000
vt 0.120000 0.213333
vt 0.213333 0.213333
vt 0.166667 0.120000
vt 0.120000 0.213333
vt 0.213333 0.213333
vt 0.166667 0.120000
vt 0.120000 0.213333
vt 0.213333 0.213333
vt 0.166667 0.120000
vt 0.120000 0.213333
vt 0.213333 0.213333
vt 0.166667 0.120000
vt 0.120000 0.213333
vt 0.213333 0.213333
vt 0.166667 0.120000
vt 0.120000 0.213333
vt 0.213333 0.213333
vt 0.166667 0.120000
vt 0.120000 0.213333
vt 0.213333 0.213333
vt 0.166667 0.120000
vt 0.120000 0.213333
vt 0.213333 0.213333
vt 0.166667 0.120000
vt 0.120000 0.213333
vt 0.213333 0.213333
vt 0.166667 0.120000
vt 0.120000 0.213333
vt 0.213333 0.213333
vt 0.166667 0.120000
vt 0.120000 0.213333
vt 0.213333 0.213333
vt 0.166667 0.120000
vt 0.120000 0.213333
vt 0.213333 0.213333
vt 0.166667 0.120000
vt 0.120000 0.213333
vt 0.213333 0.213333
vt 0.166667 0.120000
vt 0.120000 0.213333
vt 0.213333 0.213333
vt 0.166667 0.120000
vt 0.120000 0.213333
vt 0.213333 0.213333
vt 0.166667 0.120000
vt 0.120000 0.213333
vt 0.213333 0.213333
vt 0.166667 0.120000
vt 0.120000 0.213333
vt 0.213333 0.213333
vt 0.166667 0.120000
vt 0.120000 0.213333
vt 0.213333 0.213333
vt 0.166667 0.120000
vt 0.120000 0.213333
vt 0.213333 0.213333
vt 0.166667 0.120000
vt 0.120000 0.213333
vt 0.213333 0.213333
vt 0.166667 0.120000
vt 0.120000 0.213333
vt 0.213333 0.213333
vt 0.166667 0.120000
vt 0.120000 0.213333
vt 0.213333 0.213333
vt 0.166667 0.120000
vt 0.120000 0.213333
vt 0.213333 0.213333
vt 0.166667 0.120000
vt 0.120000 0.213333
vt 0.213333 0.213333
vt 0.166667 0.120000
vt 0.120000 0.213333
vt 0.213333 0.213333
vt 0.166667 0.120000
vt 0.120000 0.213333
vt 0.213333 0.213333
vt 0.166667 0.120000
vt 0.120000 0.213333
vt 0.213333 0.213333
vt 0.166667 0.120000
vt 0.120000 0.213333
vt 0.213333 0.213333
vt 0.166667 0.120000
vt 0.120000 0.213333
vt 0.213333 0.213333
vt 0.166667 0.120000
vt 0.120000 0.213333
vt 0.213333 0.213333
vt 0.166667 0.120000
vt 0.120000 0.213333
vt 0.213333 0.213333
vt 0.166667 0.120000
vt 0.120000 0.213333
vt 0.213333 0.213333
vt 0.166667 0.120000
vt 0.120000 0.213333
vt 0.213333 0.213333
vt 0.166667 0.120000
vt 0.120000 0.213333
vt 0.213333 0.213333
vt 0.166667 0.120000
vt 0.120000 0.213333
vt 0.213333 0.213333
vt 0.166667 0.120000
vt 0.120000 0.213333
vt 0.213333 0.213333
vt 0.166667 0.120000
vt 0.120000 0.213333
vt 0.213333 0.213333
vt 0.166667 0.120000
vt 0.120000 0.213333
vt 0.213333 0.213333
vt 0.166667 0.120000
vt 0.120000 0.213333
vt 0.213333 0.213333
vt 0.166667 0.120000
vt 0.120000 0.213333
vt 0.213333 0.213333
vt 0.166667 0.120000
vt 0.120000 0.213333
vt 0.213333 0.213333
vt 0.166667 0.120000
vt 0.120000 0.213333
vt 0.213333 0.213333
vt 0.166667 0.120000
vt 0.120000 0.213333
vt 0.213333 0.213333
vt 0.166667 0.120000
vt 0.120000 0.213333
vt 0.213333 0.213333
vt 0.166667 0.120000
vt 0.120000 0.213333
vt 0.213333 0.213333
vt 0.166667 0.120000
vt 0.120000 0.213333
vt 0.213333 0.213333
vt 0.166667 0.120000
vt 0.120000 0.213333
vt 0.213333 0.213333
vt 0.166667 0.120000
vt 0.120000 0.213333
vt 0.213333 0.213333
vt 0.166667 0.120000
vt 0.120000 0.213333
vt 0.213333 0.213333
vt 0.166667 0.120000
vt 0.120000 0.213333
vt 0.213333 0.213333
vt 0.166667 0.120000
vt 0.120000 0.213333
vt 0.213333 0.213333
vt 0.166667 0.120000
vt 0.120000 0.213333
vt 0.213333 0.213333
vt 0.166667 0.120000
vt 0.120000 0.213333
vt 0.213333 0.213333
vt 0.166667 0.120000
vt 0.120000 0.213333
vt 0.213333 0.213333
vt 0.166667 0.120000
vt 0.120000 0.213333
vt 0.213333 0.213333
vt 0.166667 0.120000
vt 0.120000 0.213333
vt 0.213333 0.213333
vt 0.166667 0.120000
vt 0.120000 0.213333
vt 0.213333 0.213333
vt 0.166667 0.120000
vt 0.120000 0.213333
vt 0.213333 0.213333
vt 0.166667 0.120000
vt 0.120000 0.213333
vt 0.213333 0.213333
vt 0.166667 0.120000
vt 0.120000 0.213333
vt 0.213333 0.213333
vt 0.166667 0.120000
vt 0.120000 0.213333
vt 0.213333 0.213333
vt 0.166667 0.120000
vt 0.120000 0.213333
vt 0.213333 0.213333
vt 0.166667 0.120000
vt 0.120000 0.213333
vt 0.213333 0.213333
vt 0.166667 0.120000
vt 0.120000 0.213333
vt 0.213333 0.213333
vt 0.166667 0.120000
vt 0.120000 0.213333
vt 0.213333 0.213333
vt 0.166667 0.120000
vt 0.120000 0.213333
vt 0.213333 0.213333
vt 0.166667 0.120000
vt 0.120000 0.213333
vt 0.213333 0.213333
vt 0.166667 0.120000
vt 0.120000 0.213333
vt 0.213333 0.213333
vt 0.166667 0.120000
vt 0.120000 0.213333
vt 0.213333 0.213333
vt 0.166667 0.120000
vt 0.120000 0.213333
vt 0.213333 0.213333
vt 0.166667 0.120000
vt 0.120000 0.213333
vt 0.213333 0.213333
vt 0.166667 0.120000
vt 0.120000 0.213333
vt 0.213333 0.213333
vt 0.166667 0.120000
vt 0.120000 0.213333
vt 0.213333 0.213333
vt 0.166667 0.120000
vt 0.120000 0.213333
vt 0.213333 0.213333
vt 0.166667 0.120000
vt 0.120000 0.213333
vt 0.213333 0.213333
vt 0.166667 0.120000
vt 0.120000 0.213333
vt 0.213333 0.213333
vt 0.166667 0.120000
vt 0.120000 0.213333
vt 0.213333 0.213333
vt 0.166667 0.120000
vt 0.120000 0.213333
vt 0.213333 0.213333
vt 0.166667 0.120000
vt 0.120000 0.213333
vt 0.213333 0.213333
vt 0.166667 0.120000
vt 0.120000 0.213333
vt 0.213333 0.213333
vt 0.166667 0.120000
vt 0.120000 0.213333
vt 0.213333 0.213333
vt 0.166667 0.120000
vt 0.120000 0.213333
vt 0.213333 0.213333
vt 0.166667 0.120000
vt 0.120000 0.213333
vt 0.213333 0.213333
vt 0.166667 0.120000
vt 0.120000 0.213333
vt 0.213333 0.213333
vt 0.166667 0.120000
vt 0.120000 0.213333
vt 0.213333 0.213333
vt 0.166667 0.120000
vt 0.120000 0.213333
vt 0.213333 0.213333
vt 0.166667 0.120000
vt 0.120000 0.213333
vt 0.213333 0.213333
vt 0.166667 0.120000
vt 0.120000 0.213333
vt 0.213333 0.213333
vt 0.166667 0.120000
vt 0.120000 0.213333
vt 0.213333 0.213333
vt 0.166667 0.120000
vt 0.120000 0.213333
vt 0.213333 0.213333
vt 0.166667 0.120000
vt 0.120000 0.213333
vt 0.213333 0.213333
vt 0.166667 0.120000
vt 0.120000 0.213333
vt 0.213333 0.213333
vt 0.166667 0.120000
vt 0.120000 0.213333
vt 0.213333 0.213333
vt 0.166667 0.120000
vt 0.120000 0.213333
vt 0.213333 0.213333
vt 0.166667 0.120000
vt 0.120000 0.213333
vt 0.213333 0.213333
vt 0.166667 0.120000
vt 0.120000 0.213333
vt 0.213333 0.213333
vt 0.166667 0.120000
vt 0.120000 0.213333
vt 0.213333 0.213333
vt 0.166667 0.120000
vt 0.120000 0.213333
vt 0.213333 0.213333
vt 0.166667 0.120000
vt 0.120000 0.213333
vt 0.213333 0.213333
vt 0.166667 0.120000
vt 0.120000 0.213333
vt 0.213333 0.213333
vt 0.166667 0.120000
vt 0.120000 0.213333
vt 0.213333 0.213333
vt 0.166667 0.120000
vt 0.120000 0.213333
vt 0.213333 0.213333
vt 0.166667 0.120000
vt 0.120000 0.213333
vt 0.213333 0.213333
vt 0.166667 0.120000
vt 0.120000 0.213333
vt 0.213333 0.213333
vt 0.166667 0.120000
vt 0.120000 0.213333
vt 0.213333 0.213333
vt 0.166667 0.120000
vt 0.120000 0.213333
vt 0.213333 0.213333
vt 0.166667 0.120000
vt 0.120000 0.213333
vt 0.213333 0.213333
vt 0.166667 0.120000
vt 0.120000 0.213333
vt 0.213333 0.213333
vt 0.166667 0.120000
vt 0.120000 0.213333
vt 0.213333 0.213333
vt 0.166667 0.120000
vt 0.120000 0.213333
vt 0.213333 0.213333
vt 0.166667 0.120000
vt 0.120000 0.213333
vt 0.213333 0.213333
vt 0.166667 0.120000
vt 0.120000 0.213333
vt 0.213333 0.213333
vt 0.166667 0.120000
vt 0.120000 0.213333
vt 0.213333 0.213333
vt 0.166667 0.120000
vt 0.120000 0.213333
vt 0.213333 0.213333
vt 0.166667 0.120000
vt 0.120000 0.213333
vt 0.213333 0.213333
vt 0.166667 0.120000
vt 0.120000 0.213333
vt 0.213333 0.213333
vt 0.166667 0.120000
vt 0.120000 0.213333
vt 0.213333 0.213333
vt 0.166667 0.120000
vt 0.120000 0.213333
vt 0.213333 0.213333
vt 0.166667 0.120000
vt 0.120000 0.213333
vt 0.213333 0.213333
vt 0.166667 0.120000
vt 0.120000 0.213333
vt 0.213333 0.213333
vt 0.166667 0.120000
vt 0.120000 0.213333
vt 0.213333 0.213333
vt 0.166667 0.120000
vt 0.120000 0.213333
vt 0.213333 0.213333
vt 0.166667 0.120000
vt 0.120000 0.213333
vt 0.213333 0.213333
vt 0.166667 0.120000
vt 0.120000 0.213333
vt 0.213333 0.213333
vt 0.166667 0.120000
vt 0.120000 0.213333
vt 0.213333 0.213333
vt 0.166667 0.120000
vt 0.120000 0.213333
vt 0.213333 0.213333
vt 0.166667 0.120000
vt 0.120000 0.213333
vt 0.213333 0.213333
vt 0.166667 0.120000
vt 0.120000 0.213333
vt 0.213333 0.213333
vt 0.166667 0.120000
vt 0.120000 0.213333
vt 0.213333 0.213333
vt 0.166667 0.120000
vt 0.120000 0.213333
vt 0.213333 0.213333
vt 0.166667 0.120000
vt 0.120000 0.213333
vt 0.213333 0.213333
vt 0.166667 0.120000
vt 0.120000 0.213333
vt 0.213333 0.213333
vt 0.166667 0.120000
vt 0.120000 0.213333
vt 0.213333 0.213333
vt 0.166667 0.120000
vt 0.120000 0.213333
vt 0.213333 0.213333
vt 0.166667 0.120000
vt 0.120000 0.213333
vt 0.213333 0.213333
vt 0.166667 0.120000
vt 0.120000 0.213333
vt 0.213333 0.213333
vt 0.166667 0.120000
vt 0.120000 0.213333
vt 0.213333 0.213333
vt 0.166667 0.120000
vt 0.120000 0.213333
vt 0.213333 0.213333
vt 0.166667 0.120000
vt 0.120000 0.213333
vt 0.213333 0.213333
vt 0.166667 0.120000
vt 0.120000 0.213333
vt 0.213333 0.213333
vt 0.166667 0.120000
vt 0.120000 0.213333
vt 0.213333 0.213333
vt 0.166667 0.120000
vt 0.120000 0.213333
vt 0.213333 0.213333
vt 0.166667 0.120000
vt 0.120000 0.213333
vt 0.213333 0.213333
vt 0.166667 0.120000
vt 0.120000 0.213333
vt 0.213333 0.213333
vt 0.166667 0.120000
vt 0.120000 0.213333
vt 0.213333 0.213333
vt 0.166667 0.120000
vt 0.120000 0.213333
vt 0.213333 0.213333
vt 0.166667 0.120000
vt 0.120000 0.213333
vt 0.213333 0.213333
vt 0.166667 0.120000
vt 0.120000 0.213333
vt 0.213333 0.213333
vt 0.166667 0.120000
vt 0.120000 0.213333
vt 0.213333 0.213333
vt 0.166667 0.120000
vt 0.120000 0.213333
vt 0.213333 0.213333
vt 0.166667 0.120000
vt 0.120000 0.213333
vt 0.213333 0.213333
vt 0.166667 0.120000
vt 0.120000 0.213333
vt 0.213333 0.213333
vt 0.166667 0.120000
vt 0.120000 0.213333
vt 0.213333 0.213333
vt 0.166667 0.120000
vt 0.120000 0.213333
vt 0.213333 0.213333
vt 0.166667 0.120000
vt 0.120000 0.213333
vt 0.213333 0.213333
vt 0.166667 0.120000
vt 0.120000 0.213333
vt 0.213333 0.213333
vt 0.166667 0.120000
vt 0.120000 0.213333
vt 0.213333 0.213333
vt 0.166667 0.120000
vt 0.120000 0.213333
vt 0.213333 0.213333
vt 0.166667 0.120000
vt 0.120000 0.213333
vt 0.213333 0.213333
vt 0.166667 0.120000
vt 0.120000 0.213333
vt 0.213333 0.213333
vt 0.166667 0.120000
vt 0.120000 0.213333
vt 0.213333 0.213333
vt 0.166667 0.120000
vt 0.120000 0.213333
vt 0.213333 0.213333
vt 0.166667 0.120000
vt 0.120000 0.213333
vt 0.213333 0.213333
vt 0.166667 0.120000
vt 0.120000 0.213333
vt 0.213333 0.213333
vt 0.166667 0.120000
vt 0.120000 0.213333
vt 0.213333 0.213333
vt 0.166667 0.120000
vt 0.120000 0.213333
vt 0.213333 0.213333
vt 0.166667 0.120000
vt 0.120000 0.213333
vt 0.213333 0.213333
vt 0.166667 0.120000
vt 0.120000 0.213333
vt 0.213333 0.213333
vt 0.166667 0.120000
vt 0.120000 0.213333
vt 0.213333 0.213333
vt 0.166667 0.120000
vt 0.120000 0.213333
vt 0.213333 0.213333
vt 0.166667 0.120000
vt 0.120000 0.213333
vt 0.213333 0.213333
vt 0.166667 0.120000
vt 0.120000 0.213333
vt 0.213333 0.213333
vt 0.166667 0.120000
vt 0.120000 0.213333
vt 0.213333 0.213333
vt 0.166667 0.120000
vt 0.120000 0.213333
vt 0.213333 0.213333
vt 0.166667 0.120000
vt 0.120000 0.213333
vt 0.213333 0.213333
vt 0.166667 0.120000
vt 0.120000 0.213333
vt 0.213333 0.213333
vt 0.166667 0.120000
vt 0.120000 0.213333
vt 0.213333 0.213333
vt 0.166667 0.120000
vt 0.120000 0.213333
vt 0.213333 0.213333
vt 0.166667 0.120000
vt 0.120000 0.213333
vt 0.213333 0.213333
vt 0.166667 0.120000
vt 0.120000 0.213333
vt 0.213333 0.213333
vt 0.166667 0.120000
vt 0.120000 0.213333
vt 0.213333 0.213333
vt 0.166667 0.120000
vt 0.120000 0.213333
vt 0.213333 0.213333
vt 0.166667 0.120000
vt 0.120000 0.213333
vt 0.213333 0.213333
vt 0.166667 0.120000
vt 0.120000 0.213333
vt 0.213333 0.213333
vt 0.166667 0.120000
vt 0.120000 0.213333
vt 0.213333 0.213333
vt 0.166667 0.120000
vt 0.120000 0.213333
vt 0.213333 0.213333
vt 0.166667 0.120000
vt 0.120000 0.213333
vt 0.213333 0.213333
vt 0.166667 0.120000
vt 0.120000 0.213333
vt 0.213333 0.213333
vt 0.166667 0.120000
vt 0.120000 0.213333
vt 0.213333 0.213333
vt 0.166667 0.120000
vt 0.120000 0.213333
vt 0.213333 0.213333
vt 0.166667 0.120000
vt 0.120000 0.213333
vt 0.213333 0.213333
vt 0.166667 0.120000
vt 0.120000 0.213333
vt 0.213333 0.213333
vt 0.166667 0.120000
vt 0.120000 0.213333
vt 0.213333 0.213333
vt 0.166667 0.120000
vt 0.120000 0.213333
vt 0.213333 0.213333
vt 0.166667 0.120000
vt 0.120000 0.213333
vt 0.213333 0.213333
vt 0.166667 0.120000
vt 0.120000 0.213333
vt 0.213333 0.213333
vt 0.166667 0.120000
vt 0.120000 0.213333
vt 0.213333 0.213333
vt 0.166667 0.120000
vt 0.120000 0.213333
vt 0.213333 0.213333
vt 0.166667 0.120000
vt 0.120000 0.213333
vt 0.213333 0.213333
vt 0.166667 0.120000
vt 0.120000 0.213333
vt 0.213333 0.213333
vt 0.166667 0.120000
vt 0.120000 0.213333
vt 0.213333 0.213333
vt 0.166667 0.120000
vt 0.120000 0.213333
vt 0.213333 0.213333
vt 0.166667 0.120000
vt 0.120000 0.213333
vt 0.213333 0.213333
vt 0.166667 0.120000
vt 0.120000 0.213333
vt 0.213333 0.213333
vt 0.166667 0.120000
vt 0.120000 0.213333
vt 0.213333 0.213333
vt 0.166667 0.120000
vt 0.120000 0.213333
vt 0.213333 0.213333
vt 0.166667 0.120000
vt 0.120000 0.213333
vt 0.213333 0.213333
vt 0.166667 0.120000
vt 0.120000 0.213333
vt 0.213333 0.213333
vt 0.166667 0.120000
vt 0.120000 0.213333
vt 0.213333 0.213333
vt 0.166667 0.120000
vt 0.120000 0.213333
vt 0.213333 0.213333
vt 0.166667 0.120000
vt 0.120000 0.213333
vt 0.213333 0.213333
vt 0.166667 0.120000
vt 0.120000 0.213333
vt 0.213333 0.213333
vt 0.166667 0.120000
vt 0.120000 0.213333
vt 0.213333 0.213333
vt 0.166667 0.120000
vt 0.120000 0.213333
vt 0.213333 0.213333
vt 0.166667 0.120000
vt 0.120000 0.213333
vt 0.213333 0.213333
vt 0.166667 0.120000
vt 0.120000 0.213333
vt 0.213333 0.213333
vt 0.166667 0.120000
vt 0.120000 0.213333
vt 0.213333 0.213333
vt 0.166667 0.120000
vt 0.120000 0.213333
vt 0.213333 0.213333
vt 0.166667 0.120000
vt 0.120000 0.213333
vt 0.213333 0.213333
vt 0.166667 0.120000
vt 0.120000 0.213333
vt 0.213333 0.213333
vt 0.166667 0.120000
vt 0.120000 0.213333
vt 0.213333 0.213333
vt 0.166667 0.120000
vt 0.120000 0.213333
vt 0.213333 0.213333
vt 0.166667 0.120000
vt 0.120000 0.213333
vt 0.213333 0.213333
vt 0.166667 0.120000
vt 0.120000 0.213333
vt 0.213333 0.213333
vt 0.166667 0.120000
vt 0.120000 0.213333
vt 0.213333 0.213333
vt 0.166667 0.120000
vt 0.120000 0.213333
vt 0.213333 0.213333
vt 0.166667 0.120000
vt 0.120000 0.213333
vt 0.213333 0.213333
vt 0.166667 0.120000
vt 0.120000 0.213333
vt 0.213333 0.213333
vt 0.166667 0.120000
vt 0.120000 0.213333
vt 0.213333 0.213333
vt 0.166667 0.120000
vt 0.120000 0.213333
vt 0.213333 0.213333
vt 0.166667 0.120000
vt 0.120000 0.213333
vt 0.213333 0.213333
vt 0.166667 0.120000
vt 0.120000 0.213333
vt 0.213333 0.213333
vt 0.166667 0.120000
vt 0.120000 0.213333
vt 0.213333 0.213333
vt 0.166667 0.120000
vt 0.120000 0.213333
vt 0.213333 0.213333
vt 0.166667 0.120000
vt 0.120000 0.213333
vt 0.213333 0.213333
vt 0.166667 0.120000
vt 0.120000 0.213333
vt 0.213333 0.213333
vt 0.166667 0.120000
vt 0.120000 0.213333
vt 0.213333 0.213333
vt 0.166667 0.120000
vt 0.120000 0.213333
vt 0.213333 0.213333
vt 0.166667 0.120000
vt 0.120000 0.213333
vt 0.213333 0.213333
vt 0.166667 0.120000
vt 0.120000 0.213333
vt 0.213333 0.213333
vt 0.166667 0.120000
vt 0.120000 0.213333
vt 0.213333 0.213333
vt 0.166667 0.120000
vt 0.120000 0.213333
vt 0.213333 0.213333
vt 0.166667 0.120000
vt 0.120000 0.213333
vt 0.213333 0.213333
vt 0.166667 0.120000
vt 0.120000 0.213333
vt 0.213333 0.213333
vt 0.166667 0.120000
vt 0.120000 0.213333
vt 0.213333 0.213333
vt 0.166667 0.120000
vt 0.120000 0.213333
vt 0.213333 0.213333
vt 0.166667 0.120000
vt 0.120000 0.213333
vt 0.213333 0.213333
vt 0.166667 0.120000
vt 0.120000 0.213333
vt 0.213333 0.213333
vt 0.166667 0.120000
vt 0.120000 0.213333
vt 0.213333 0.213333
vt 0.166667 0.120000
vt 0.120000 0.213333
vt 0.213333 0.213333
vt 0.166667 0.120000
vt 0.120000 0.213333
vt 0.213333 0.213333
vt 0.166667 0.120000
vt 0.120000 0.213333
vt 0.213333 0.213333
vt 0.166667 0.120000
vt 0.120000 0.213333
vt 0.213333 0.213333
vt 0.166667 0.120000
vt 0.120000 0.213333
vt 0.213333 0.213333
vt 0.166667 0.120000
vt 0.120000 0.213333
vt 0.213333 0.213333
vt 0.166667 0.120000
vt 0.120000 0.213333
vt 0.213333 0.213333
vt 0.166667 0.120000
vt 0.120000 0.213333
vt 0.213333 0.213333
vt 0.166667 0.120000
vt 0.120000 0.213333
vt 0.213333 0.213333
vt 0.166667 0.120000
vt 0.120000 0.213333
vt 0.213333 0.213333
vt 0.166667 0.120000
vt 0.120000 0.213333
vt 0.213333 0.213333
vt 0.166667 0.120000
vt 0.120000 0.213333
vt 0.213333 0.213333
vt 0.166667 0.120000
vt 0.120000 0.213333
vt 0.213333 0.213333
vt 0.166667 0.120000
vt 0.120000 0.213333
vt 0.213333 0.213333
vt 0.166667 0.120000
vt 0.120000 0.213333
vt 0.213333 0.213333
vt 0.166667 0.120000
vt 0.120000 0.213333
vt 0.213333 0.213333
vt 0.166667 0.120000
vt 0.120000 0.213333
vt 0.213333 0.213333
vt 0.166667 0.120000
vt 0.120000 0.213333
vt 0.213333 0.213333
vt 0.166667 0.120000
vt 0.120000 0.213333
vt 0.213333 0.213333
vt 0.166667 0.120000
vt 0.120000 0.213333
vt 0.213333 0.213333
vt 0.166667 0.120000
vt 0.120000 0.213333
vt 0.213333 0.213333
vt 0.166667 0.120000
vt 0.120000 0.213333
vt 0.213333 0.213333
vt 0.166667 0.120000
vt 0.120000 0.213333
vt 0.213333 0.213333
vt 0.166667 0.120000
vt 0.120000 0.213333
vt 0.213333 0.213333
vt 0.166667 0.120000
vt 0.120000 0.213333
vt 0.213333 0.213333
vt 0.166667 0.120000
vt 0.120000 0.213333
vt 0.213333 0.213333
vt 0.166667 0.120000
vt 0.120000 0.213333
vt 0.213333 0.213333
vt 0.166667 0.120000
vt 0.120000 0.213333
vt 0.213333 0.213333
vt 0.166667 0.120000
vt 0.120000 0.213333
vt 0.213333 0.213333
vt 0.166667 0.120000
vt 0.120000 0.213333
vt 0.213333 0.213333
vt 0.166667 0.120000
vt 0.120000 0.213333
vt 0.213333 0.213333
vt 0.166667 0.120000
vt 0.120000 0.213333
vt 0.213333 0.213333
vt 0.166667 0.120000
vt 0.120000 0.213333
vt 0.213333 0.213333
vt 0.166667 0.120000
vt 0.120000 0.213333
vt 0.213333 0.213333
vt 0.166667 0.120000
vt 0.120000 0.213333
vt 0.213333 0.213333
vt 0.166667 0.120000
vt 0.120000 0.213333
vt 0.213333 0.213333
vt 0.166667 0.120000
vt 0.120000 0.213333
vt 0.213333 0.213333
vt 0.166667 0.120000
vt 0.120000 0.213333
vt 0.213333 0.213333
vt 0.166667 0.120000
vt 0.120000 0.213333
vt 0.213333 0.213333
vt 0.166667 0.120000
vt 0.120000 0.213333
vt 0.213333 0.213333
vt 0.166667 0.120000
vt 0.120000 0.213333
vt 0.213333 0.213333
vt 0.166667 0.120000
vt 0.120000 0.213333
vt 0.213333 0.213333
vt 0.166667 0.120000
vt 0.120000 0.213333
vt 0.213333 0.213333
vt 0.166667 0.120000
vt 0.120000 0.213333
vt 0.213333 0.213333
vt 0.166667 0.120000
vt 0.120000 0.213333
vt 0.213333 0.213333
vt 0.166667 0.120000
vt 0.120000 0.213333
vt 0.213333 0.213333
vt 0.166667 0.120000
vt 0.120000 0.213333
vt 0.213333 0.213333
vt 0.166667 0.120000
vt 0.120000 0.213333
vt 0.213333 0.213333
vt 0.166667 0.120000
vt 0.120000 0.213333
vt 0.213333 0.213333
vt 0.166667 0.120000
vt 0.120000 0.213333
vt 0.213333 0.213333
vt 0.166667 0.120000
vt 0.120000 0.213333
vt 0.213333 0.213333
vt 0.166667 0.120000
vt 0.120000 0.213333
vt 0.213333 0.213333
vt 0.166667 0.120000
vt 0.120000 0.213333
vt 0.213333 0.213333
vt 0.166667 0.120000
vt 0.120000 0.213333
vt 0.213333 0.213333
vt 0.166667 0.120000
vt 0.120000 0.213333
vt 0.213333 0.213333
vt 0.166667 0.120000
vt 0.120000 0.213333
vt 0.213333 0.213333
vt 0.166667 0.120000
vt 0.120000 0.213333
vt 0.213333 0.213333
vt 0.166667 0.120000
vt 0.120000 0.213333
vt 0.213333 0.213333
vt 0.166667 0.120000
vt 0.120000 0.213333
vt 0.213333 0.213333
vt 0.166667 0.120000
vt 0.120000 0.213333
vt 0.213333 0.213333
vt 0.166667 0.120000
vt 0.120000 0.213333
vt 0.213333 0.213333
vt 0.166667 0.120000
vt 0.120000 0.213333
vt 0.213333 0.213333
vt 0.166667 0.120000
vt 0.120000 0.213333
vt 0.213333 0.213333
vt 0.166667 0.120000
vt 0.120000 0.213333
vt 0.213333 0.213333
vt 0.166667 0.120000
vt 0.120000 0.213333
vt 0.213333 0.213333
vt 0.166667 0.120000
vt 0.120000 0.213333
vt 0.213333 0.213333
vt 0.166667 0.120000
vt 0.120000 0.213333
vt 0.213333 0.213333
vt 0.166667 0.120000
vt 0.120000 0.213333
vt 0.213333 0.213333
vt 0.166667 0.120000
vt 0.120000 0.213333
vt 0.213333 0.213333
vt 0.166667 0.120000
vt 0.120000 0.213333
vt 0.213333 0.213333
vt 0.166667 0.120000
vt 0.120000 0.213333
vt 0.213333 0.213333
vt 0.166667 0.120000
vt 0.120000 0.213333
vt 0.213333 0.213333
vt 0.166667 0.120000
vt 0.120000 0.213333
vt 0.213333 0.213333
vt 0.166667 0.120000
vt 0.120000 0.213333
vt 0.213333 0.213333
vt 0.166667 0.120000
vt 0.120000 0.213333
vt 0.213333 0.213333
vt 0.166667 0.120000
vt 0.120000 0.213333
vt 0.213333 0.213333
vt 0.166667 0.120000
vt 0.120000 0.213333
vt 0.213333 0.213333
vt 0.166667 0.120000
vt 0.120000 0.213333
vt 0.213333 0.213333
vt 0.166667 0.120000
vt 0.120000 0.213333
vt 0.213333 0.213333
vt 0.166667 0.120000
vt 0.120000 0.213333
vt 0.213333 0.213333
vt 0.166667 0.120000
vt 0.120000 0.213333
vt 0.213333 0.213333
vt 0.166667 0.120000
vt 0.120000 0.213333
vt 0.213333 0.213333
vt 0.166667 0.120000
vt 0.120000 0.213333
vt 0.213333 0.213333
vt 0.166667 0.120000
vt 0.120000 0.213333
vt 0.213333 0.213333
vt 0.166667 0.120000
vt 0.120000 0.213333
vt 0.213333 0.213333
vt 0.166667 0.120000
vt 0.453333 0.213333
vt 0.546667 0.213333
vt 0.500000 0.120000
vt 0.453333 0.213333
vt 0.546667 0.213333
vt 0.500000 0.120000
vt 0.453333 0.213333
vt 0.546667 0.213333
vt 0.500000 0.120000
vt 0.453333 0.213333
vt 0.546667 0.213333
vt 0.500000 0.120000
vt 0.453333 0.213333
vt 0.546667 0.213333
vt 0.500000 0.120000
vt 0.453333 0.213333
vt 0.546667 0.213333
vt 0.500000 0.120000
vt 0.453333 0.213333
vt 0.546667 0.213333
vt 0.500000 0.120000
vt 0.453333 0.213333
vt 0.546667 0.213333
vt 0.500000 0.120000
vt 0.453333 0.213333
vt 0.546667 0.213333
vt 0.500000 0.120000
vt 0.453333 0.213333
vt 0.546667 0.213333
vt 0.500000 0.120000
vt 0.453333 0.213333
vt 0.546667 0.213333
vt 0.500000 0.120000
vt 0.453333 0.213333
vt 0.546667 0.213333
vt 0.500000 0.120000
vt 0.453333 0.213333
vt 0.546667 0.213333
vt 0.500000 0.120000
vt 0.453333 0.213333
vt 0.546667 0.213333
vt 0.500000 0.120000
vt 0.453333 0.213333
vt 0.546667 0.213333
vt 0.500000 0.120000
vt 0.453333 0.213333
vt 0.546667 0.213333
vt 0.500000 0.120000
vt 0.453333 0.213333
vt 0.546667 0.213333
vt 0.500000 0.120000
vt 0.453333 0.213333
vt 0.546667 0.213333
vt 0.500000 0.120000
vt 0.453333 0.213333
vt 0.546667 0.213333
vt 0.500000 0.120000
vt 0.453333 0.213333
vt 0.546667 0.213333
vt 0.500000 0.120000
vt 0.453333 0.213333
vt 0.546667 0.213333
vt 0.500000 0.120000
vt 0.453333 0.213333
vt 0.546667 0.213333
vt 0.500000 0.120000
vt 0.453333 0.213333
vt 0.546667 0.213333
vt 0.500000 0.120000
vt 0.453333 0.213333
vt 0.546667 0.213333
vt 0.500000 0.120000
vt 0.453333 0.213333
vt 0.546667 0.213333
vt 0.500000 0.120000
vt 0.453333 0.213333
vt 0.546667 0.213333
vt 0.500000 0.120000
vt 0.453333 0.213333
vt 0.546667 0.213333
vt 0.500000 0.120000
vt 0.453333 0.213333
vt 0.546667 0.213333
vt 0.500000 0.120000
vt 0.453333 0.213333
vt 0.546667 0.213333
vt 0.500000 0.120000
vt 0.453333 0.213333
vt 0.546667 0.213333
vt 0.500000 0.120000
vt 0.453333 0.213333
vt 0.546667 0.213333
vt 0.500000 0.120000
vt 0.453333 0.213333
vt 0.546667 0.213333
vt 0.500000 0.120000
vt 0.453333 0.213333
vt 0.546667 0.213333
vt 0.500000 0.120000
vt 0.453333 0.213333
vt 0.546667 0.213333
vt 0.500000 0.120000
vt 0.453333 0.213333
vt 0.546667 0.213333
vt 0.500000 0.120000
vt 0.453333 0.213333
vt 0.546667 0.213333
vt 0.500000 0.120000
vt 0.453333 0.213333
vt 0.546667 0.213333
vt 0.500000 0.120000
vt 0.453333 0.213333
vt 0.546667 0.213333
vt 0.500000 0.120000
vt 0.453333 0.213333
vt 0.546667 0.213333
vt 0.500000 0.120000
vt 0.453333 0.213333
vt 0.546667 0.213333
vt 0.500000 0.120000
vt 0.453333 0.213333
vt 0.546667 0.213333
vt 0.500000 0.120000
vt 0.453333 0.213333
vt 0.546667 0.213333
vt 0.500000 0.120000
vt 0.453333 0.213333
vt 0.546667 0.213333
vt 0.500000 0.120000
vt 0.453333 0.213333
vt 0.546667 0.213333
vt 0.500000 0.120000
vt 0.453333 0.213333
vt 0.546667 0.213333
vt 0.500000 0.120000
vt 0.453333 0.213333
vt 0.546667 0.213333
vt 0.500000 0.120000
vt 0.453333 0.213333
vt 0.546667 0.213333
vt 0.500000 0.120000
vt 0.453333 0.213333
vt 0.546667 0.213333
vt 0.500000 0.120000
vt 0.453333 0.213333
vt 0.546667 0.213333
vt 0.500000 0.120000
vt 0.453333 0.213333
vt 0.546667 0.213333
vt 0.500000 0.120000
vt 0.453333 0.213333
vt 0.546667 0.213333
vt 0.500000 0.120000
vt 0.453333 0.213333
vt 0.546667 0.213333
vt 0.500000 0.120000
vt 0.453333 0.213333
vt 0.546667 0.213333
vt 0.500000 0.120000
vt 0.453333 0.213333
vt 0.546667 0.213333
vt 0.500000 0.120000
vt 0.453333 0.213333
vt 0.546667 0.213333
vt 0.500000 0.120000
vt 0.453333 0.213333
vt 0.546667 0.213333
vt 0.500000 0.120000
vt 0.453333 0.213333
vt 0.546667 0.213333
vt 0.500000 0.120000
vt 0.453333 0.213333
vt 0.546667 0.213333
vt 0.500000 0.120000
vt 0.453333 0.213333
vt 0.546667 0.213333
vt 0.500000 0.120000
vt 0.453333 0.213333
vt 0.546667 0.213333
vt 0.500000 0.120000
vt 0.453333 0.213333
vt 0.546667 0.213333
vt 0.500000 0.120000
vt 0.453333 0.213333
vt 0.546667 0.213333
vt 0.500000 0.120000
vt 0.453333 0.213333
vt 0.546667 0.213333
vt 0.500000 0.120000
vt 0.453333 0.213333
vt 0.546667 0.213333
vt 0.500000 0.120000
vt 0.453333 0.213333
vt 0.546667 0.213333
vt 0.500000 0.120000
vt 0.453333 0.213333
vt 0.546667 0.213333
vt 0.500000 0.120000
vt 0.453333 0.213333
vt 0.546667 0.213333
vt 0.500000 0.120000
vt 0.453333 0.213333
vt 0.546667 0.213333
vt 0.500000 0.120000
vt 0.453333 0.213333
vt 0.546667 0.213333
vt 0.500000 0.120000
vt 0.453333 0.213333
vt 0.546667 0.213333
vt 0.500000 0.120000
vt 0.453333 0.213333
vt 0.546667 0.213333
vt 0.500000 0.120000
vt 0.453333 0.213333
vt 0.546667 0.213333
vt 0.500000 0.120000
vt 0.453333 0.213333
vt 0.546667 0.213333
vt 0.500000 0.120000
vt 0.453333 0.213333
vt 0.546667 0.213333
vt 0.500000 0.120000
vt 0.453333 0.213333
vt 0.546667 0.213333
vt 0.500000 0.120000
vt 0.453333 0.213333
vt 0.546667 0.213333
vt 0.500000 0.120000
vt 0.453333 0.213333
vt 0.546667 0.213333
vt 0.500000 0.120000
vt 0.453333 0.213333
vt 0.546667 0.213333
vt 0.500000 0.120000
vt 0.453333 0.213333
vt 0.546667 0.213333
vt 0.500000 0.120000
vt 0.453333 0.213333
vt 0.546667 0.213333
vt 0.500000 0.120000
vt 0.453333 0.213333
vt 0.546667 0.213333
vt 0.500000 0.120000
vt 0.453333 0.213333
vt 0.546667 0.213333
vt 0.500000 0.120000
vt 0.453333 0.213333
vt 0.546667 0.213333
vt 0.500000 0.120000
vt 0.453333 0.213333
vt 0.546667 0.213333
vt 0.500000 0.120000
vt 0.453333 0.213333
vt 0.546667 0.213333
vt 0.500000 0.120000
vt 0.453333 0.213333
vt 0.546667 0.213333
vt 0.500000 0.120000
vt 0.453333 0.213333
vt 0.546667 0.213333
vt 0.500000 0.120000
vt 0.453333 0.213333
vt 0.546667 0.213333
vt 0.500000 0.120000
vt 0.453333 0.213333
vt 0.546667 0.213333
vt 0.500000 0.120000
vt 0.453333 0.213333
vt 0.546667 0.213333
vt 0.500000 0.120000
vt 0.453333 0.213333
vt 0.546667 0.213333
vt 0.500000 0.120000
vt 0.453333 0.213333
vt 0.546667 0.213333
vt 0.500000 0.120000
vt 0.453333 0.213333
vt 0.546667 0.213333
vt 0.500000 0.120000
vt 0.453333 0.213333
vt 0.546667 0.213333
vt 0.500000 0.120000
vt 0.453333 0.213333
vt 0.546667 0.213333
vt 0.500000 0.120000
vt 0.453333 0.213333
vt 0.546667 0.213333
vt 0.500000 0.120000
vt 0.453333 0.213333
vt 0.546667 0.213333
vt 0.500000 0.120000
vt 0.453333 0.213333
vt 0.546667 0.213333
vt 0.500000 0.120000
vt 0.453333 0.213333
vt 0.546667 0.213333
vt 0.500000 0.120000
vt 0.453333 0.213333
vt 0.546667 0.213333
vt 0.500000 0.120000
vt 0.453333 0.213333
vt 0.546667 0.213333
vt 0.500000 0.120000
vt 0.453333 0.213333
vt 0.546667 0.213333
vt 0.500000 0.120000
vt 0.453333 0.213333
vt 0.546667 0.213333
vt 0.500000 0.120000
vt 0.453333 0.213333
vt 0.546667 0.213333
vt 0.500000 0.120000
vt 0.453333 0.213333
vt 0.546667 0.213333
vt 0.500000 0.120000
vt 0.453333 0.213333
vt 0.546667 0.213333
vt 0.500000 0.120000
vt 0.453333 0.213333
vt 0.546667 0.213333
vt 0.500000 0.120000
vt 0.453333 0.213333
vt 0.546667 0.213333
vt 0.500000 0.120000
vn 0.513334 0.204629 -0.833436
vn 0.541279 0.777408 0.320396
vn 0.992007 -0.012595 0.125553
vn 0.541279 0.777408 0.320396
vn 0.428239 0.871140 0.240264
vn 0.992007 -0.012595 0.125553
vn 0.541279 0.777408 0.320396
vn 0.055583 0.973556 0.221584
vn 0.428239 0.871140 0.240264
vn 0.055583 0.973556 0.221584
vn -0.015766 0.971838 0.235121
vn 0.428239 0.871140 0.240264
vn 0.055583 0.973556 0.221584
vn -0.353578 0.935234 -0.017882
vn -0.015766 0.971838 0.235121
vn -0.353578 0.935234 -0.017882
vn -0.461534 0.866543 0.189976
vn -0.015766 0.971838 0.235121
vn -0.353578 0.935234 -0.017882
vn -0.777707 0.384346 -0.497443
vn -0.461534 0.866543 0.189976
vn -0.777707 0.384346 -0.497443
vn -0.999011 -0.043410 -0.009609
vn -0.461534 0.866543 0.189976
vn -0.777707 0.384346 -0.497443
vn -0.499410 -0.577568 -0.645759
vn -0.999011 -0.043410 -0.009609
vn -0.499410 -0.577568 -0.645759
vn -0.421632 -0.895510 -0.142435
vn -0.999011 -0.043410 -0.009609
vn -0.499410 -0.577568 -0.645759
vn -0.056123 -0.869198 -0.491268
vn -0.421632 -0.895510 -0.142435
vn -0.056123 -0.869198 -0.491268
vn 0.015286 -0.991692 -0.127725
vn -0.421632 -0.895510 -0.142435
vn -0.056123 -0.869198 -0.491268
vn 0.379292 -0.867052 -0.323044
vn 0.015286 -0.991692 -0.127725
vn 0.379292 -0.867052 -0.323044
vn 0.451983 -0.888756 -0.076321
vn 0.015286 -0.991692 -0.127725
vn 0.379292 -0.867052 -0.323044
vn 0.513334 0.204629 -0.833436
vn 0.451983 -0.888756 -0.076321
vn 0.513334 0.204629 -0.833436
vn 0.992007 -0.012595 0.125553
vn 0.451983 -0.888756 -0.076321
vn 0.992007 -0.012595 0.125553
vn 0.428239 0.871140 0.240264
vn 0.593991 0.198471 0.779605
vn 0.428239 0.871140 0.240264
vn 0.309957 0.950018 0.037311
vn 0.593991 0.198471 0.779605
vn 0.428239 0.871140 0.240264
vn -0.015766 0.971838 0.235121
vn 0.309957 0.950018 0.037311
vn -0.015766 0.971838 0.235121
vn -0.063662 0.987993 0.140774
vn 0.309957 0.950018 0.037311
vn -0.015766 0.971838 0.235121
vn -0.461534 0.866543 0.189976
vn -0.063662 0.987993 0.140774
vn -0.461534 0.866543 0.189976
vn -0.469421 0.827543 0.307922
vn -0.063662 0.987993 0.140774
vn -0.461534 0.866543 0.189976
vn -0.999011 -0.043410 -0.009609
vn -0.469421 0.827543 0.307922
vn -0.999011 -0.043410 -0.009609
vn -0.818920 -0.236420 0.522948
vn -0.469421 0.827543 0.307922
vn -0.999011 -0.043410 -0.009609
vn -0.421632 -0.895510 -0.142435
vn -0.818920 -0.236420 0.522948
vn -0.421632 -0.895510 -0.142435
vn -0.296263 -0.904316 0.307313
vn -0.818920 -0.236420 0.522948
vn -0.421632 -0.895510 -0.142435
vn 0.015286 -0.991692 -0.127725
vn -0.296263 -0.904316 0.307313
vn 0.015286 -0.991692 -0.127725
vn 0.062222 -0.981203 0.182672
vn -0.296263 -0.904316 0.307313
vn 0.015286 -0.991692 -0.127725
vn 0.451983 -0.888756 -0.076321
vn 0.062222 -0.981203 0.182672
vn 0.451983 -0.888756 -0.076321
vn 0.492652 -0.866830 0.076818
vn 0.062222 -0.981203 0.182672
vn 0.451983 -0.888756 -0.076321
vn 0.992007 -0.012595 0.125553
vn 0.492652 -0.866830 0.076818
vn 0.992007 -0.012595 0.125553
vn 0.593991 0.198471 0.779605
vn 0.492652 -0.866830 0.076818
vn 0.513334 0.204629 -0.833436
vn 0.055583 0.973556 0.221584
vn 0.541279 0.777408 0.320396
vn 0.593991 0.198471 0.779605
vn 0.309957 0.950018 0.037311
vn -0.063662 0.987993 0.140774
vn 0.513334 0.204629 -0.833436
vn -0.353578 0.935234 -0.017882
vn 0.055583 0.973556 0.221584
vn 0.593991 0.198471 0.779605
vn -0.063662 0.987993 0.140774
vn -0.469421 0.827543 0.307922
vn 0.513334 0.204629 -0.833436
vn -0.777707 0.384346 -0.497443
vn -0.353578 0.935234 -0.017882
vn 0.593991 0.198471 0.779605
vn -0.469421 0.827543 0.307922
vn -0.818920 -0.236420 0.522948
vn 0.513334 0.204629 -0.833436
vn -0.499410 -0.577568 -0.645759
vn -0.777707 0.384346 -0.497443
vn 0.593991 0.198471 0.779605
vn -0.818920 -0.236420 0.522948
vn -0.296263 -0.904316 0.307313
vn 0.513334 0.204629 -0.833436
vn -0.056123 -0.869198 -0.491268
vn -0.499410 -0.577568 -0.645759
vn 0.593991 0.198471 0.779605
vn -0.296263 -0.904316 0.307313
vn 0.062222 -0.981203 0.182672
vn 0.513334 0.204629 -0.833436
vn 0.379292 -0.867052 -0.323044
vn -0.056123 -0.869198 -0.491268
vn 0.593991 0.198471 0.779605
vn 0.062222 -0.981203 0.182672
vn 0.492652 -0.866830 0.076818
vn -0.695527 0.039409 0.717419
vn -0.486724 0.862368 -0.139357
vn -0.987271 0.158436 -0.013945
vn -0.486724 0.862368 -0.139357
vn -0.192674 0.875528 -0.443087
vn -0.987271 0.158436 -0.013945
vn -0.486724 0.862368 -0.139357
vn 0.687691 0.725603 -0.024122
vn -0.192674 0.875528 -0.443087
vn 0.687691 0.725603 -0.024122
vn 0.806007 0.302718 -0.508640
vn -0.192674 0.875528 -0.443087
vn 0.687691 0.725603 -0.024122
vn 0.914928 -0.314235 0.253302
vn 0.806007 0.302718 -0.508640
vn 0.914928 -0.314235 0.253302
vn 0.628627 -0.768392 -0.120010
vn 0.806007 0.302718 -0.508640
vn 0.914928 -0.314235 0.253302
vn -0.093809 -0.935612 0.340337
vn 0.628627 -0.768392 -0.120010
vn -0.093809 -0.935612 0.340337
vn -0.479678 -0.857563 0.185729
vn 0.628627 -0.768392 -0.120010
vn -0.093809 -0.935612 0.340337
vn -0.695527 0.039409 0.717419
vn -0.479678 -0.857563 0.185729
vn -0.695527 0.039409 0.717419
vn -0.987271 0.158436 -0.013945
vn -0.479678 -0.857563 0.185729
vn -0.987271 0.158436 -0.013945
vn -0.192674 0.875528 -0.443087
vn -0.907546 0.409074 -0.094970
vn -0.192674 0.875528 -0.443087
vn 0.081258 0.873538 -0.479926
vn -0.907546 0.409074 -0.094970
vn -0.192674 0.875528 -0.443087
vn 0.806007 0.302718 -0.508640
vn 0.081258 0.873538 -0.479926
vn 0.806007 0.302718 -0.508640
vn 0.901313 0.056521 -0.429465
vn 0.081258 0.873538 -0.479926
vn 0.806007 0.302718 -0.508640
vn 0.628627 -0.768392 -0.120010
vn 0.901313 0.056521 -0.429465
vn 0.628627 -0.768392 -0.120010
vn 0.422341 -0.906437 -0.000199
vn 0.901313 0.056521 -0.429465
vn 0.628627 -0.768392 -0.120010
vn -0.479678 -0.857563 0.185729
vn 0.422341 -0.906437 -0.000199
vn -0.479678 -0.857563 0.185729
vn -0.694626 -0.686353 0.215440
vn 0.422341 -0.906437 -0.000199
vn -0.479678 -0.857563 0.185729
vn -0.987271 0.158436 -0.013945
vn -0.694626 -0.686353 0.215440
vn -0.987271 0.158436 -0.013945
vn -0.907546 0.409074 -0.094970
vn -0.694626 -0.686353 0.215440
vn -0.695527 0.039409 0.717419
vn 0.687691 0.725603 -0.024122
vn -0.486724 0.862368 -0.139357
vn -0.907546 0.409074 -0.094970
vn 0.081258 0.873538 -0.479926
vn 0.901313 0.056521 -0.429465
vn -0.695527 0.039409 0.717419
vn 0.914928 -0.314235 0.253302
vn 0.687691 0.725603 -0.024122
vn -0.907546 0.409074 -0.094970
vn 0.901313 0.056521 -0.429465
vn 0.422341 -0.906437 -0.000199
vn -0.695527 0.039409 0.717419
vn -0.093809 -0.935612 0.340337
vn 0.914928 -0.314235 0.253302
vn -0.907546 0.409074 -0.094970
vn 0.422341 -0.906437 -0.000199
vn -0.694626 -0.686353 0.215440
vn -0.951309 0.039409 0.305709
vn -0.363883 0.862369 -0.352009
vn -0.864559 0.158436 -0.476902
vn -0.363883 0.862369 -0.352009
vn 0.038505 0.875529 -0.481630
vn -0.864559 0.158436 -0.476902
vn -0.363883 0.862369 -0.352009
vn 0.618138 0.725603 0.302335
vn 0.038505 0.875529 -0.481630
vn 0.618138 0.725603 0.302335
vn 0.950543 0.302718 -0.069503
vn 0.038505 0.875529 -0.481630
vn 0.618138 0.725603 0.302335
vn 0.688089 -0.314235 0.654057
vn 0.950543 0.302718 -0.069503
vn 0.688089 -0.314235 0.654057
vn 0.611146 -0.768392 0.189933
vn 0.950543 0.302718 -0.069503
vn 0.688089 -0.314235 0.654057
vn -0.242932 -0.935612 0.256152
vn 0.611146 -0.768392 0.189933
vn -0.242932 -0.935612 0.256152
vn -0.510647 -0.857563 -0.061853
vn 0.611146 -0.768392 0.189933
vn -0.242932 -0.935612 0.256152
vn -0.951309 0.039409 0.305709
vn -0.510647 -0.857563 -0.061853
vn -0.951309 0.039409 0.305709
vn -0.864559 0.158436 -0.476902
vn -0.510647 -0.857563 -0.061853
vn -0.864559 0.158436 -0.476902
vn 0.038505 0.875529 -0.481630
vn -0.756084 0.409073 -0.510877
vn 0.038505 0.875529 -0.481630
vn 0.297545 0.873538 -0.385225
vn -0.756084 0.409073 -0.510877
vn 0.038505 0.875529 -0.481630
vn 0.950543 0.302718 -0.069503
vn 0.297545 0.873538 -0.385225
vn 0.950543 0.302718 -0.069503
vn 0.997377 0.056520 0.045208
vn 0.297545 0.873538 -0.385225
vn 0.950543 0.302718 -0.069503
vn 0.611146 -0.768392 0.189933
vn 0.997377 0.056520 0.045208
vn 0.611146 -0.768392 0.189933
vn 0.372747 -0.906437 0.198574
vn 0.997377 0.056520 0.045208
vn 0.611146 -0.768392 0.189933
vn -0.510647 -0.857563 -0.061853
vn 0.372747 -0.906437 0.198574
vn -0.510647 -0.857563 -0.061853
vn -0.714288 -0.686353 -0.136789
vn 0.372747 -0.906437 0.198574
vn -0.510647 -0.857563 -0.061853
vn -0.864559 0.158436 -0.476902
vn -0.714288 -0.686353 -0.136789
vn -0.864559 0.158436 -0.476902
vn -0.756084 0.409073 -0.510877
vn -0.714288 -0.686353 -0.136789
vn -0.951309 0.039409 0.305709
vn 0.618138 0.725603 0.302335
vn -0.363883 0.862369 -0.352009
vn -0.756084 0.409073 -0.510877
vn 0.297545 0.873538 -0.385225
vn 0.997377 0.056520 0.045208
vn -0.951309 0.039409 0.305709
vn 0.688089 -0.314235 0.654057
vn 0.618138 0.725603 0.302335
vn -0.756084 0.409073 -0.510877
vn 0.997377 0.056520 0.045208
vn 0.372747 -0.906437 0.198574
vn -0.951309 0.039409 0.305709
vn -0.242932 -0.935612 0.256152
vn 0.688089 -0.314235 0.654057
vn -0.756084 0.409073 -0.510877
vn 0.372747 -0.906437 0.198574
vn -0.714288 -0.686353 -0.136789
vn -0.715948 -0.555773 -0.422534
vn -0.806266 0.115428 0.580182
vn -0.927140 0.222364 -0.301604
vn -0.806266 0.115428 0.580182
vn -0.533698 0.335582 0.776242
vn -0.927140 0.222364 -0.301604
vn -0.806266 0.115428 0.580182
vn 0.262282 -0.279178 0.923725
vn -0.533698 0.335582 0.776242
vn 0.262282 -0.279178 0.923725
vn 0.615851 0.251742 0.746561
vn -0.533698 0.335582 0.776242
vn 0.262282 -0.279178 0.923725
vn 0.897918 -0.436831 0.054053
vn 0.615851 0.251742 0.746561
vn 0.897918 -0.436831 0.054053
vn 0.932867 0.086708 -0.349629
vn 0.615851 0.251742 0.746561
vn 0.897918 -0.436831 0.054053
vn 0.304159 -0.159985 -0.939091
vn 0.932867 0.086708 -0.349629
vn 0.304159 -0.159985 -0.939091
vn -0.020754 0.068550 -0.997432
vn 0.932867 0.086708 -0.349629
vn 0.304159 -0.159985 -0.939091
vn -0.715948 -0.555773 -0.422534
vn -0.020754 0.068550 -0.997432
vn -0.715948 -0.555773 -0.422534
vn -0.927140 0.222364 -0.301604
vn -0.020754 0.068550 -0.997432
vn -0.927140 0.222364 -0.301604
vn -0.533698 0.335582 0.776242
vn -0.956430 0.268714 -0.114168
vn -0.533698 0.335582 0.776242
vn -0.367343 0.303576 0.879148
vn -0.956430 0.268714 -0.114168
vn -0.533698 0.335582 0.776242
vn 0.615851 0.251742 0.746561
vn -0.367343 0.303576 0.879148
vn 0.615851 0.251742 0.746561
vn 0.756298 0.224301 0.614576
vn -0.367343 0.303576 0.879148
vn 0.615851 0.251742 0.746561
vn 0.932867 0.086708 -0.349629
vn 0.756298 0.224301 0.614576
vn 0.932867 0.086708 -0.349629
vn 0.848703 0.069322 -0.524306
vn 0.756298 0.224301 0.614576
vn 0.932867 0.086708 -0.349629
vn -0.020754 0.068550 -0.997432
vn 0.848703 0.069322 -0.524306
vn -0.020754 0.068550 -0.997432
vn -0.216915 0.051285 -0.974842
vn 0.848703 0.069322 -0.524306
vn -0.020754 0.068550 -0.997432
vn -0.927140 0.222364 -0.301604
vn -0.216915 0.051285 -0.974842
vn -0.927140 0.222364 -0.301604
vn -0.956430 0.268714 -0.114168
vn -0.216915 0.051285 -0.974842
vn -0.715948 -0.555773 -0.422534
vn 0.262282 -0.279178 0.923725
vn -0.806266 0.115428 0.580182
vn -0.956430 0.268714 -0.114168
vn -0.367343 0.303576 0.879148
vn 0.756298 0.224301 0.614576
vn -0.715948 -0.555773 -0.422534
vn 0.897918 -0.436831 0.054053
vn 0.262282 -0.279178 0.923725
vn -0.956430 0.268714 -0.114168
vn 0.756298 0.224301 0.614576
vn 0.848703 0.069322 -0.524306
vn -0.715948 -0.555773 -0.422534
vn 0.304159 -0.159985 -0.939091
vn 0.897918 -0.436831 0.054053
vn -0.956430 0.268714 -0.114168
vn 0.848703 0.069322 -0.524306
vn -0.216915 0.051285 -0.974842
vn -0.726822 -0.517516 -0.451560
vn -0.809898 0.104620 0.577165
vn -0.931459 0.202075 -0.302572
vn -0.809898 0.104620 0.577165
vn -0.542953 0.305037 0.782403
vn -0.931459 0.202075 -0.302572
vn -0.809898 0.104620 0.577165
vn 0.265135 -0.256084 0.929583
vn -0.542953 0.305037 0.782403
vn 0.265135 -0.256084 0.929583
vn 0.611293 0.228792 0.757612
vn -0.542953 0.305037 0.782403
vn 0.265135 -0.256084 0.929583
vn 0.914785 -0.400855 0.049827
vn 0.611293 0.228792 0.757612
vn 0.914785 -0.400855 0.049827
vn 0.936148 0.078708 -0.342684
vn 0.611293 0.228792 0.757612
vn 0.914785 -0.400855 0.049827
vn 0.310129 -0.144975 -0.939575
vn 0.936148 0.078708 -0.342684
vn 0.310129 -0.144975 -0.939575
vn -0.017327 0.062196 -0.997914
vn 0.936148 0.078708 -0.342684
vn 0.310129 -0.144975 -0.939575
vn -0.726822 -0.517516 -0.451560
vn -0.017327 0.062196 -0.997914
vn -0.726822 -0.517516 -0.451560
vn -0.931459 0.202075 -0.302572
vn -0.017327 0.062196 -0.997914
vn -0.931459 0.202075 -0.302572
vn -0.542953 0.305037 0.782403
vn -0.962958 0.244392 -0.113946
vn -0.542953 0.305037 0.782403
vn -0.375723 0.275651 0.884788
vn -0.962958 0.244392 -0.113946
vn -0.542953 0.305037 0.782403
vn 0.611293 0.228792 0.757612
vn -0.375723 0.275651 0.884788
vn 0.611293 0.228792 0.757612
vn 0.753078 0.203833 0.625560
vn -0.375723 0.275651 0.884788
vn 0.611293 0.228792 0.757612
vn 0.936148 0.078708 -0.342684
vn 0.753078 0.203833 0.625560
vn 0.936148 0.078708 -0.342684
vn 0.852694 0.062896 -0.518610
vn 0.753078 0.203833 0.625560
vn 0.936148 0.078708 -0.342684
vn -0.017327 0.062196 -0.997914
vn 0.852694 0.062896 -0.518610
vn -0.017327 0.062196 -0.997914
vn -0.213729 0.046467 -0.975787
vn 0.852694 0.062896 -0.518610
vn -0.017327 0.062196 -0.997914
vn -0.931459 0.202075 -0.302572
vn -0.213729 0.046467 -0.975787
vn -0.931459 0.202075 -0.302572
vn -0.962958 0.244392 -0.113946
vn -0.213729 0.046467 -0.975787
vn -0.726822 -0.517516 -0.451560
vn 0.265135 -0.256084 0.929583
vn -0.809898 0.104620 0.577165
vn -0.962958 0.244392 -0.113946
vn -0.375723 0.275651 0.884788
vn 0.753078 0.203833 0.625560
vn -0.726822 -0.517516 -0.451560
vn 0.914785 -0.400855 0.049827
vn 0.265135 -0.256084 0.929583
vn -0.962958 0.244392 -0.113946
vn 0.753078 0.203833 0.625560
vn 0.852694 0.062896 -0.518610
vn -0.726822 -0.517516 -0.451560
vn 0.310129 -0.144975 -0.939575
vn 0.914785 -0.400855 0.049827
vn -0.962958 0.244392 -0.113946
vn 0.852694 0.062896 -0.518610
vn -0.213729 0.046467 -0.975787
vn -0.711785 -0.555756 -0.429532
vn -0.812167 0.116151 0.571746
vn -0.923897 0.222479 -0.311316
vn -0.812167 0.116151 0.571746
vn -0.541555 0.336318 0.770460
vn -0.923897 0.222479 -0.311316
vn -0.812167 0.116151 0.571746
vn 0.252631 -0.278577 0.926592
vn -0.541555 0.336318 0.770460
vn 0.252631 -0.278577 0.926592
vn 0.608207 0.252019 0.752709
vn -0.541555 0.336318 0.770460
vn 0.252631 -0.278577 0.926592
vn 0.897161 -0.437096 0.063624
vn 0.608207 0.252019 0.752709
vn 0.897161 -0.437096 0.063624
vn 0.936463 0.086080 -0.340041
vn 0.608207 0.252019 0.752709
vn 0.897161 -0.437096 0.063624
vn 0.313778 -0.160770 -0.935787
vn 0.936463 0.086080 -0.340041
vn 0.313778 -0.160770 -0.935787
vn -0.010432 0.067824 -0.997643
vn 0.936463 0.086080 -0.340041
vn 0.313778 -0.160770 -0.935787
vn -0.711785 -0.555756 -0.429532
vn -0.010432 0.067824 -0.997643
vn -0.711785 -0.555756 -0.429532
vn -0.923897 0.222479 -0.311316
vn -0.010432 0.067824 -0.997643
vn -0.923897 0.222479 -0.311316
vn -0.541555 0.336318 0.770460
vn -0.955104 0.268973 -0.124220
vn -0.541555 0.336318 0.770460
vn -0.376290 0.304323 0.875096
vn -0.955104 0.268973 -0.124220
vn -0.541555 0.336318 0.770460
vn 0.608207 0.252019 0.752709
vn -0.376290 0.304323 0.875096
vn 0.608207 0.252019 0.752709
vn 0.749999 0.224430 0.622200
vn -0.376290 0.304323 0.875096
vn 0.608207 0.252019 0.752709
vn 0.936463 0.086080 -0.340041
vn 0.749999 0.224430 0.622200
vn 0.936463 0.086080 -0.340041
vn 0.854101 0.068603 -0.515563
vn 0.749999 0.224430 0.622200
vn 0.936463 0.086080 -0.340041
vn -0.010432 0.067824 -0.997643
vn 0.854101 0.068603 -0.515563
vn -0.010432 0.067824 -0.997643
vn -0.206822 0.050654 -0.977066
vn 0.854101 0.068603 -0.515563
vn -0.010432 0.067824 -0.997643
vn -0.923897 0.222479 -0.311316
vn -0.206822 0.050654 -0.977066
vn -0.923897 0.222479 -0.311316
vn -0.955104 0.268973 -0.124220
vn -0.206822 0.050654 -0.977066
vn -0.711785 -0.555756 -0.429532
vn 0.252631 -0.278577 0.926592
vn -0.812167 0.116151 0.571746
vn -0.955104 0.268973 -0.124220
vn -0.376290 0.304323 0.875096
vn 0.749999 0.224430 0.622200
vn -0.711785 -0.555756 -0.429532
vn 0.897161 -0.437096 0.063624
vn 0.252631 -0.278577 0.926592
vn -0.955104 0.268973 -0.124220
vn 0.749999 0.224430 0.622200
vn 0.854101 0.068603 -0.515563
vn -0.711785 -0.555756 -0.429532
vn 0.313778 -0.160770 -0.935787
vn 0.897161 -0.437096 0.063624
vn -0.955104 0.268973 -0.124220
vn 0.854101 0.068603 -0.515563
vn -0.206822 0.050654 -0.977066
vn -0.722350 -0.517517 -0.458679
vn -0.815743 0.105281 0.568753
vn -0.928236 0.202188 -0.312247
vn -0.815743 0.105281 0.568753
vn -0.550850 0.305720 0.776595
vn -0.928236 0.202188 -0.312247
vn -0.815743 0.105281 0.568753
vn 0.255492 -0.255541 0.932428
vn -0.550850 0.305720 0.776595
vn 0.255492 -0.255541 0.932428
vn 0.603566 0.229053 0.763703
vn -0.550850 0.305720 0.776595
vn 0.255492 -0.255541 0.932428
vn 0.914095 -0.401115 0.059472
vn 0.603566 0.229053 0.763703
vn 0.914095 -0.401115 0.059472
vn 0.939646 0.078139 -0.333106
vn 0.603566 0.229053 0.763703
vn 0.914095 -0.401115 0.059472
vn 0.319706 -0.145694 -0.936248
vn 0.939646 0.078139 -0.333106
vn 0.319706 -0.145694 -0.936248
vn -0.007062 0.061536 -0.998080
vn 0.939646 0.078139 -0.333106
vn 0.319706 -0.145694 -0.936248
vn -0.722350 -0.517517 -0.458679
vn -0.007062 0.061536 -0.998080
vn -0.722350 -0.517517 -0.458679
vn -0.928236 0.202188 -0.312247
vn -0.007062 0.061536 -0.998080
vn -0.928236 0.202188 -0.312247
vn -0.550850 0.305720 0.776595
vn -0.961655 0.244639 -0.123980
vn -0.550850 0.305720 0.776595
vn -0.384690 0.276345 0.880708
vn -0.961655 0.244639 -0.123980
vn -0.550850 0.305720 0.776595
vn 0.603566 0.229053 0.763703
vn -0.384690 0.276345 0.880708
vn 0.603566 0.229053 0.763703
vn 0.746694 0.203959 0.633126
vn -0.384690 0.276345 0.880708
vn 0.603566 0.229053 0.763703
vn 0.939646 0.078139 -0.333106
vn 0.746694 0.203959 0.633126
vn 0.939646 0.078139 -0.333106
vn 0.857998 0.062242 -0.509868
vn 0.746694 0.203959 0.633126
vn 0.939646 0.078139 -0.333106
vn -0.007062 0.061536 -0.998080
vn 0.857998 0.062242 -0.509868
vn -0.007062 0.061536 -0.998080
vn -0.203688 0.045893 -0.977960
vn 0.857998 0.062242 -0.509868
vn -0.007062 0.061536 -0.998080
vn -0.928236 0.202188 -0.312247
vn -0.203688 0.045893 -0.977960
vn -0.928236 0.202188 -0.312247
vn -0.961655 0.244639 -0.123980
vn -0.203688 0.045893 -0.977960
vn -0.722350 -0.517517 -0.458679
vn 0.255492 -0.255541 0.932428
vn -0.815743 0.105281 0.568753
vn -0.961655 0.244639 -0.123980
vn -0.384690 0.276345 0.880708
vn 0.746694 0.203959 0.633126
vn -0.722350 -0.517517 -0.458679
vn 0.914095 -0.401115 0.059472
vn 0.255492 -0.255541 0.932428
vn -0.961655 0.244639 -0.123980
vn 0.746694 0.203959 0.633126
vn 0.857998 0.062242 -0.509868
vn -0.722350 -0.517517 -0.458679
vn 0.319706 -0.145694 -0.936248
vn 0.914095 -0.401115 0.059472
vn -0.961655 0.244639 -0.123980
vn 0.857998 0.062242 -0.509868
vn -0.203688 0.045893 -0.977960
vn -0.707609 -0.555740 -0.436398
vn -0.817914 0.116887 0.563341
vn -0.920588 0.222596 -0.320889
vn -0.817914 0.116887 0.563341
vn -0.549262 0.337066 0.764656
vn -0.920588 0.222596 -0.320889
vn -0.817914 0.116887 0.563341
vn 0.243054 -0.277967 0.929332
vn -0.549262 0.337066 0.764656
vn 0.243054 -0.277967 0.929332
vn 0.600597 0.252300 0.758702
vn -0.549262 0.337066 0.764656
vn 0.243054 -0.277967 0.929332
vn 0.896308 -0.437367 0.073090
vn 0.600597 0.252300 0.758702
vn 0.896308 -0.437367 0.073090
vn 0.939922 0.085442 -0.330524
vn 0.600597 0.252300 0.758702
vn 0.896308 -0.437367 0.073090
vn 0.323247 -0.161566 -0.932420
vn 0.939922 0.085442 -0.330524
vn 0.323247 -0.161566 -0.932420
vn -0.000220 0.067083 -0.997747
vn 0.939922 0.085442 -0.330524
vn 0.323247 -0.161566 -0.932420
vn -0.707609 -0.555740 -0.436398
vn -0.000220 0.067083 -0.997747
vn -0.707609 -0.555740 -0.436398
vn -0.920588 0.222596 -0.320889
vn -0.000220 0.067083 -0.997747
vn -0.920588 0.222596 -0.320889
vn -0.549262 0.337066 0.764656
vn -0.953685 0.269235 -0.134156
vn -0.549262 0.337066 0.764656
vn -0.385079 0.305086 0.870998
vn -0.953685 0.269235 -0.134156
vn -0.549262 0.337066 0.764656
vn 0.600597 0.252300 0.758702
vn -0.385079 0.305086 0.870998
vn 0.600597 0.252300 0.758702
vn 0.743702 0.224560 0.629667
vn -0.385079 0.305086 0.870998
vn 0.600597 0.252300 0.758702
vn 0.939922 0.085442 -0.330524
vn 0.743702 0.224560 0.629667
vn 0.939922 0.085442 -0.330524
vn 0.859348 0.067869 -0.506867
vn 0.743702 0.224560 0.629667
vn 0.939922 0.085442 -0.330524
vn -0.000220 0.067083 -0.997747
vn 0.859348 0.067869 -0.506867
vn -0.000220 0.067083 -0.997747
vn -0.196820 0.050011 -0.979163
vn 0.859348 0.067869 -0.506867
vn -0.000220 0.067083 -0.997747
vn -0.920588 0.222596 -0.320889
vn -0.196820 0.050011 -0.979163
vn -0.920588 0.222596 -0.320889
vn -0.953685 0.269235 -0.134156
vn -0.196820 0.050011 -0.979163
vn -0.707609 -0.555740 -0.436398
vn 0.243054 -0.277967 0.929332
vn -0.817914 0.116887 0.563341
vn -0.953685 0.269235 -0.134156
vn -0.385079 0.305086 0.870998
vn 0.743702 0.224560 0.629667
vn -0.707609 -0.555740 -0.436398
vn 0.896308 -0.437367 0.073090
vn 0.243054 -0.277967 0.929332
vn -0.953685 0.269235 -0.134156
vn 0.743702 0.224560 0.629667
vn 0.859348 0.067869 -0.506867
vn -0.707609 -0.555740 -0.436398
vn 0.323247 -0.161566 -0.932420
vn 0.896308 -0.437367 0.073090
vn -0.953685 0.269235 -0.134156
vn 0.859348 0.067869 -0.506867
vn -0.196820 0.050011 -0.979163
vn -0.717866 -0.517519 -0.465664
vn -0.821435 0.105953 0.560373
vn -0.924947 0.202304 -0.321785
vn -0.821435 0.105953 0.560373
vn -0.558592 0.306416 0.770768
vn -0.924947 0.202304 -0.321785
vn -0.821435 0.105953 0.560373
vn 0.245926 -0.254988 0.935148
vn -0.558592 0.306416 0.770768
vn 0.245926 -0.254988 0.935148
vn 0.595870 0.229319 0.769644
vn -0.558592 0.306416 0.770768
vn 0.245926 -0.254988 0.935148
vn 0.913309 -0.401379 0.069008
vn 0.595870 0.229319 0.769644
vn 0.913309 -0.401379 0.069008
vn 0.943009 0.077560 -0.323602
vn 0.595870 0.229319 0.769644
vn 0.913309 -0.401379 0.069008
vn 0.329140 -0.146425 -0.932859
vn 0.943009 0.077560 -0.323602
vn 0.329140 -0.146425 -0.932859
vn 0.003093 0.060863 -0.998141
vn 0.943009 0.077560 -0.323602
vn 0.329140 -0.146425 -0.932859
vn -0.717866 -0.517519 -0.465664
vn 0.003093 0.060863 -0.998141
vn -0.717866 -0.517519 -0.465664
vn -0.924947 0.202304 -0.321785
vn 0.003093 0.060863 -0.998141
vn -0.924947 0.202304 -0.321785
vn -0.558592 0.306416 0.770768
vn -0.960261 0.244889 -0.133894
vn -0.558592 0.306416 0.770768
vn -0.393504 0.277051 0.876583
vn -0.960261 0.244889 -0.133894
vn -0.558592 0.306416 0.770768
vn 0.595870 0.229319 0.769644
vn -0.393504 0.277051 0.876583
vn 0.595870 0.229319 0.769644
vn 0.740301 0.204087 0.640549
vn -0.393504 0.277051 0.876583
vn 0.595870 0.229319 0.769644
vn 0.943009 0.077560 -0.323602
vn 0.740301 0.204087 0.640549
vn 0.943009 0.077560 -0.323602
vn 0.863153 0.061576 -0.501174
vn 0.740301 0.204087 0.640549
vn 0.943009 0.077560 -0.323602
vn 0.003093 0.060863 -0.998141
vn 0.863153 0.061576 -0.501174
vn 0.003093 0.060863 -0.998141
vn -0.193732 0.045309 -0.980008
vn 0.863153 0.061576 -0.501174
vn 0.003093 0.060863 -0.998141
vn -0.924947 0.202304 -0.321785
vn -0.193732 0.045309 -0.980008
vn -0.924947 0.202304 -0.321785
vn -0.960261 0.244889 -0.133894
vn -0.193732 0.045309 -0.980008
vn -0.717866 -0.517519 -0.465664
vn 0.245926 -0.254988 0.935148
vn -0.821435 0.105953 0.560373
vn -0.960261 0.244889 -0.133894
vn -0.393504 0.277051 0.876583
vn 0.740301 0.204087 0.640549
vn -0.717866 -0.517519 -0.465664
vn 0.913309 -0.401379 0.069008
vn 0.245926 -0.254988 0.935148
vn -0.960261 0.244889 -0.133894
vn 0.740301 0.204087 0.640549
vn 0.863153 0.061576 -0.501174
vn -0.717866 -0.517519 -0.465664
vn 0.329140 -0.146425 -0.932859
vn 0.913309 -0.401379 0.069008
vn -0.960261 0.244889 -0.133894
vn 0.863153 0.061576 -0.501174
vn -0.193732 0.045309 -0.980008
vn -0.703420 -0.555722 -0.443139
vn -0.823510 0.117636 0.554972
vn -0.917216 0.222716 -0.330323
vn -0.823510 0.117636 0.554972
vn -0.556812 0.337828 0.758836
vn -0.917216 0.222716 -0.330323
vn -0.823510 0.117636 0.554972
vn 0.233557 -0.277345 0.931950
vn -0.556812 0.337828 0.758836
vn 0.233557 -0.277345 0.931950
vn 0.593017 0.252586 0.764547
vn -0.556812 0.337828 0.758836
vn 0.233557 -0.277345 0.931950
vn 0.895361 -0.437642 0.082445
vn 0.593017 0.252586 0.764547
vn 0.895361 -0.437642 0.082445
vn 0.943248 0.084791 -0.321082
vn 0.593017 0.252586 0.764547
vn 0.895361 -0.437642 0.082445
vn 0.332575 -0.162379 -0.928992
vn 0.943248 0.084791 -0.321082
vn 0.332575 -0.162379 -0.928992
vn 0.009875 0.066330 -0.997749
vn 0.943248 0.084791 -0.321082
vn 0.332575 -0.162379 -0.928992
vn -0.703420 -0.555722 -0.443139
vn 0.009875 0.066330 -0.997749
vn -0.703420 -0.555722 -0.443139
vn -0.917216 0.222716 -0.330323
vn 0.009875 0.066330 -0.997749
vn -0.917216 0.222716 -0.330323
vn -0.556812 0.337828 0.758836
vn -0.952177 0.269503 -0.143969
vn -0.556812 0.337828 0.758836
vn -0.393720 0.305862 0.866853
vn -0.952177 0.269503 -0.143969
vn -0.556812 0.337828 0.758836
vn 0.593017 0.252586 0.764547
vn -0.393720 0.305862 0.866853
vn 0.593017 0.252586 0.764547
vn 0.737402 0.224693 0.636986
vn -0.393720 0.305862 0.866853
vn 0.593017 0.252586 0.764547
vn 0.943248 0.084791 -0.321082
vn 0.737402 0.224693 0.636986
vn 0.943248 0.084791 -0.321082
vn 0.864451 0.067122 -0.498217
vn 0.737402 0.224693 0.636986
vn 0.943248 0.084791 -0.321082
vn 0.009875 0.066330 -0.997749
vn 0.864451 0.067122 -0.498217
vn 0.009875 0.066330 -0.997749
vn -0.186908 0.049354 -0.981137
vn 0.864451 0.067122 -0.498217
vn 0.009875 0.066330 -0.997749
vn -0.917216 0.222716 -0.330323
vn -0.186908 0.049354 -0.981137
vn -0.917216 0.222716 -0.330323
vn -0.952177 0.269503 -0.143969
vn -0.186908 0.049354 -0.981137
vn -0.703420 -0.555722 -0.443139
vn 0.233557 -0.277345 0.931950
vn -0.823510 0.117636 0.554972
vn -0.952177 0.269503 -0.143969
vn -0.393720 0.305862 0.866853
vn 0.737402 0.224693 0.636986
vn -0.703420 -0.555722 -0.443139
vn 0.895361 -0.437642 0.082445
vn 0.233557 -0.277345 0.931950
vn -0.952177 0.269503 -0.143969
vn 0.737402 0.224693 0.636986
vn 0.864451 0.067122 -0.498217
vn -0.703420 -0.555722 -0.443139
vn 0.332575 -0.162379 -0.928992
vn 0.895361 -0.437642 0.082445
vn -0.952177 0.269503 -0.143969
vn 0.864451 0.067122 -0.498217
vn -0.186908 0.049354 -0.981137
vn -0.713369 -0.517520 -0.472522
vn -0.826976 0.106639 0.552031
vn -0.921599 0.202421 -0.331182
vn -0.826976 0.106639 0.552031
vn -0.566184 0.307123 0.764926
vn -0.921599 0.202421 -0.331182
vn -0.826976 0.106639 0.552031
vn 0.236439 -0.254428 0.937744
vn -0.566184 0.307123 0.764926
vn 0.236439 -0.254428 0.937744
vn 0.588204 0.229590 0.775438
vn -0.566184 0.307123 0.764926
vn 0.236439 -0.254428 0.937744
vn 0.912430 -0.401648 0.078430
vn 0.588204 0.229590 0.775438
vn 0.912430 -0.401648 0.078430
vn 0.946241 0.076970 -0.314172
vn 0.588204 0.229590 0.775438
vn 0.912430 -0.401648 0.078430
vn 0.338427 -0.147168 -0.929413
vn 0.946241 0.076970 -0.314172
vn 0.338427 -0.147168 -0.929413
vn 0.013131 0.060179 -0.998101
vn 0.946241 0.076970 -0.314172
vn 0.338427 -0.147168 -0.929413
vn -0.713369 -0.517520 -0.472522
vn 0.013131 0.060179 -0.998101
vn -0.713369 -0.517520 -0.472522
vn -0.921599 0.202421 -0.331182
vn 0.013131 0.060179 -0.998101
vn -0.921599 0.202421 -0.331182
vn -0.566184 0.307123 0.764926
vn -0.958780 0.245143 -0.143684
vn -0.566184 0.307123 0.764926
vn -0.402182 0.277768 0.872407
vn -0.958780 0.245143 -0.143684
vn -0.566184 0.307123 0.764926
vn 0.588204 0.229590 0.775438
vn -0.402182 0.277768 0.872407
vn 0.588204 0.229590 0.775438
vn 0.733917 0.204217 0.647812
vn -0.402182 0.277768 0.872407
vn 0.588204 0.229590 0.775438
vn 0.946241 0.076970 -0.314172
vn 0.733917 0.204217 0.647812
vn 0.946241 0.076970 -0.314172
vn 0.868165 0.060898 -0.492525
vn 0.733917 0.204217 0.647812
vn 0.946241 0.076970 -0.314172
vn 0.013131 0.060179 -0.998101
vn 0.868165 0.060898 -0.492525
vn 0.013131 0.060179 -0.998101
vn -0.183876 0.044713 -0.981932
vn 0.868165 0.060898 -0.492525
vn 0.013131 0.060179 -0.998101
vn -0.921599 0.202421 -0.331182
vn -0.183876 0.044713 -0.981932
vn -0.921599 0.202421 -0.331182
vn -0.958780 0.245143 -0.143684
vn -0.183876 0.044713 -0.981932
vn -0.713369 -0.517520 -0.472522
vn 0.236439 -0.254428 0.937744
vn -0.826976 0.106639 0.552031
vn -0.958780 0.245143 -0.143684
vn -0.402182 0.277768 0.872407
vn 0.733917 0.204217 0.647812
vn -0.713369 -0.517520 -0.472522
vn 0.912430 -0.401648 0.078430
vn 0.236439 -0.254428 0.937744
vn -0.958780 0.245143 -0.143684
vn 0.733917 0.204217 0.647812
vn 0.868165 0.060898 -0.492525
vn -0.713369 -0.517520 -0.472522
vn 0.338427 -0.147168 -0.929413
vn 0.912430 -0.401648 0.078430
vn -0.958780 0.245143 -0.143684
vn 0.868165 0.060898 -0.492525
vn -0.183876 0.044713 -0.981932
vn -0.749744 -0.555772 0.359168
vn 0.032648 0.115427 0.992779
vn -0.766971 0.222364 0.601922
vn 0.032648 0.115427 0.992779
vn 0.347313 0.335582 0.875647
vn -0.766971 0.222364 0.601922
vn 0.032648 0.115427 0.992779
vn 0.913223 -0.279177 0.296790
vn 0.347313 0.335582 0.875647
vn 0.913223 -0.279177 0.296790
vn 0.963068 0.251742 -0.095529
vn 0.347313 0.335582 0.875647
vn 0.913223 -0.279177 0.296790
vn 0.545113 -0.436831 -0.715563
vn 0.963068 0.251742 -0.095529
vn 0.545113 -0.436831 -0.715563
vn 0.229345 0.086707 -0.969475
vn 0.963068 0.251742 -0.095529
vn 0.545113 -0.436831 -0.715563
vn -0.610422 -0.159985 -0.775751
vn 0.229345 0.086707 -0.969475
vn -0.610422 -0.159985 -0.775751
vn -0.839880 0.068551 -0.538427
vn 0.229345 0.086707 -0.969475
vn -0.610422 -0.159985 -0.775751
vn -0.749744 -0.555772 0.359168
vn -0.839880 0.068551 -0.538427
vn -0.749744 -0.555772 0.359168
vn -0.766971 0.222364 0.601922
vn -0.839880 0.068551 -0.538427
vn -0.766971 0.222364 0.601922
vn 0.347313 0.335582 0.875647
vn -0.627631 0.268714 0.730666
vn 0.347313 0.335582 0.875647
vn 0.525444 0.303576 0.794827
vn -0.627631 0.268714 0.730666
vn 0.347313 0.335582 0.875647
vn 0.963068 0.251742 -0.095529
vn 0.525444 0.303576 0.794827
vn 0.963068 0.251742 -0.095529
vn 0.931704 0.224301 -0.285688
vn 0.525444 0.303576 0.794827
vn 0.963068 0.251742 -0.095529
vn 0.229345 0.086707 -0.969475
vn 0.931704 0.224301 -0.285688
vn 0.229345 0.086707 -0.969475
vn 0.037394 0.069322 -0.996893
vn 0.931704 0.224301 -0.285688
vn 0.229345 0.086707 -0.969475
vn -0.839880 0.068551 -0.538427
vn 0.037394 0.069322 -0.996893
vn -0.839880 0.068551 -0.538427
vn -0.930400 0.051285 -0.362940
vn 0.037394 0.069322 -0.996893
vn -0.839880 0.068551 -0.538427
vn -0.766971 0.222364 0.601922
vn -0.930400 0.051285 -0.362940
vn -0.766971 0.222364 0.601922
vn -0.627631 0.268714 0.730666
vn -0.930400 0.051285 -0.362940
vn -0.749744 -0.555772 0.359168
vn 0.913223 -0.279177 0.296790
vn 0.032648 0.115427 0.992779
vn -0.627631 0.268714 0.730666
vn 0.525444 0.303576 0.794827
vn 0.931704 0.224301 -0.285688
vn -0.749744 -0.555772 0.359168
vn 0.545113 -0.436831 -0.715563
vn 0.913223 -0.279177 0.296790
vn -0.627631 0.268714 0.730666
vn 0.931704 0.224301 -0.285688
vn 0.037394 0.069322 -0.996893
vn -0.749744 -0.555772 0.359168
vn -0.610422 -0.159985 -0.775751
vn 0.545113 -0.436831 -0.715563
vn -0.627631 0.268714 0.730666
vn 0.037394 0.069322 -0.996893
vn -0.930400 0.051285 -0.362940
vn -0.776219 -0.517517 0.360084
vn 0.038405 0.104620 0.993770
vn -0.763876 0.202075 0.612911
vn 0.038405 0.104620 0.993770
vn 0.356430 0.305037 0.883125
vn -0.763876 0.202075 0.612911
vn 0.038405 0.104620 0.993770
vn 0.922709 -0.256084 0.288147
vn 0.356430 0.305037 0.883125
vn 0.922709 -0.256084 0.288147
vn 0.968768 0.228792 -0.095619
vn 0.356430 0.305037 0.883125
vn 0.922709 -0.256084 0.288147
vn 0.543395 -0.400856 -0.737589
vn 0.968768 0.228792 -0.095619
vn 0.543395 -0.400856 -0.737589
vn 0.226905 0.078708 -0.970731
vn 0.968768 0.228792 -0.095619
vn 0.543395 -0.400856 -0.737589
vn -0.615550 -0.144975 -0.774648
vn 0.226905 0.078708 -0.970731
vn -0.615550 -0.144975 -0.774648
vn -0.843930 0.062195 -0.532836
vn 0.226905 0.078708 -0.970731
vn -0.615550 -0.144975 -0.774648
vn -0.776219 -0.517517 0.360084
vn -0.843930 0.062195 -0.532836
vn -0.776219 -0.517517 0.360084
vn -0.763876 0.202075 0.612911
vn -0.843930 0.062195 -0.532836
vn -0.763876 0.202075 0.612911
vn 0.356430 0.305037 0.883125
vn -0.623429 0.244392 0.742704
vn 0.356430 0.305037 0.883125
vn 0.533762 0.275650 0.799447
vn -0.623429 0.244392 0.742704
vn 0.356430 0.305037 0.883125
vn 0.968768 0.228792 -0.095619
vn 0.533762 0.275650 0.799447
vn 0.968768 0.228792 -0.095619
vn 0.936116 0.203833 -0.286600
vn 0.533762 0.275650 0.799447
vn 0.968768 0.228792 -0.095619
vn 0.226905 0.078708 -0.970731
vn 0.936116 0.203833 -0.286600
vn 0.226905 0.078708 -0.970731
vn 0.034029 0.062897 -0.997440
vn 0.936116 0.203833 -0.286600
vn 0.226905 0.078708 -0.970731
vn -0.843930 0.062195 -0.532836
vn 0.034029 0.062897 -0.997440
vn -0.843930 0.062195 -0.532836
vn -0.933150 0.046468 -0.356471
vn 0.034029 0.062897 -0.997440
vn -0.843930 0.062195 -0.532836
vn -0.763876 0.202075 0.612911
vn -0.933150 0.046468 -0.356471
vn -0.763876 0.202075 0.612911
vn -0.623429 0.244392 0.742704
vn -0.933150 0.046468 -0.356471
vn -0.776219 -0.517517 0.360084
vn 0.922709 -0.256084 0.288147
vn 0.038405 0.104620 0.993770
vn -0.623429 0.244392 0.742704
vn 0.533762 0.275650 0.799447
vn 0.936116 0.203833 -0.286600
vn -0.776219 -0.517517 0.360084
vn 0.543395 -0.400856 -0.737589
vn 0.922709 -0.256084 0.288147
vn -0.623429 0.244392 0.742704
vn 0.936116 0.203833 -0.286600
vn 0.034029 0.062897 -0.997440
vn -0.776219 -0.517517 0.360084
vn -0.615550 -0.144975 -0.774648
vn 0.543395 -0.400856 -0.737589
vn -0.623429 0.244392 0.742704
vn 0.034029 0.062897 -0.997440
vn -0.933150 0.046468 -0.356471
vn -0.745811 -0.555757 0.367287
vn 0.042849 0.116151 0.992307
vn -0.760804 0.222480 0.609655
vn 0.042849 0.116151 0.992307
vn 0.356204 0.336317 0.871785
vn -0.760804 0.222480 0.609655
vn 0.042849 0.116151 0.992307
vn 0.916358 -0.278579 0.287544
vn 0.356204 0.336317 0.871785
vn 0.916358 -0.278579 0.287544
vn 0.961939 0.252019 -0.105640
vn 0.356204 0.336317 0.871785
vn 0.916358 -0.278579 0.287544
vn 0.537872 -0.437096 -0.720861
vn 0.961939 0.252019 -0.105640
vn 0.537872 -0.437096 -0.720861
vn 0.219293 0.086081 -0.971854
vn 0.961939 0.252019 -0.105640
vn 0.537872 -0.437096 -0.720861
vn -0.618336 -0.160769 -0.769294
vn 0.219293 0.086081 -0.971854
vn -0.618336 -0.160769 -0.769294
vn -0.845421 0.067824 -0.529776
vn 0.219293 0.086081 -0.971854
vn -0.618336 -0.160769 -0.769294
vn -0.745811 -0.555757 0.367287
vn -0.845421 0.067824 -0.529776
vn -0.745811 -0.555757 0.367287
vn -0.760804 0.222480 0.609655
vn -0.845421 0.067824 -0.529776
vn -0.760804 0.222480 0.609655
vn 0.356204 0.336317 0.871785
vn -0.620161 0.268972 0.736922
vn 0.356204 0.336317 0.871785
vn 0.533502 0.304324 0.789153
vn -0.620161 0.268972 0.736922
vn 0.356204 0.336317 0.871785
vn 0.961939 0.252019 -0.105640
vn 0.533502 0.304324 0.789153
vn 0.961939 0.252019 -0.105640
vn 0.928624 0.224430 -0.295446
vn 0.533502 0.304324 0.789153
vn 0.961939 0.252019 -0.105640
vn 0.219293 0.086081 -0.971854
vn 0.928624 0.224430 -0.295446
vn 0.219293 0.086081 -0.971854
vn 0.027076 0.068602 -0.997277
vn 0.928624 0.224430 -0.295446
vn 0.219293 0.086081 -0.971854
vn -0.845421 0.067824 -0.529776
vn 0.027076 0.068602 -0.997277
vn -0.845421 0.067824 -0.529776
vn -0.934117 0.050653 -0.353354
vn 0.027076 0.068602 -0.997277
vn -0.845421 0.067824 -0.529776
vn -0.760804 0.222480 0.609655
vn -0.934117 0.050653 -0.353354
vn -0.760804 0.222480 0.609655
vn -0.620161 0.268972 0.736922
vn -0.934117 0.050653 -0.353354
vn -0.745811 -0.555757 0.367287
vn 0.916358 -0.278579 0.287544
vn 0.042849 0.116151 0.992307
vn -0.620161 0.268972 0.736922
vn 0.533502 0.304324 0.789153
vn 0.928624 0.224430 -0.295446
vn -0.745811 -0.555757 0.367287
vn 0.537872 -0.437096 -0.720861
vn 0.916358 -0.278579 0.287544
vn -0.620161 0.268972 0.736922
vn 0.928624 0.224430 -0.295446
vn 0.027076 0.068602 -0.997277
vn -0.745811 -0.555757 0.367287
vn -0.618336 -0.160769 -0.769294
vn 0.537872 -0.437096 -0.720861
vn -0.620161 0.268972 0.736922
vn 0.027076 0.068602 -0.997277
vn -0.934117 0.050653 -0.353354
vn -0.772319 -0.517518 0.368372
vn 0.048567 0.105280 0.993256
vn -0.757618 0.202188 0.620592
vn 0.048567 0.105280 0.993256
vn 0.365373 0.305720 0.879226
vn -0.757618 0.202188 0.620592
vn 0.048567 0.105280 0.993256
vn 0.925719 -0.255541 0.278825
vn 0.365373 0.305720 0.879226
vn 0.925719 -0.255541 0.278825
vn 0.967657 0.229054 -0.105706
vn 0.365373 0.305720 0.879226
vn 0.925719 -0.255541 0.278825
vn 0.535940 -0.401115 -0.742883
vn 0.967657 0.229054 -0.105706
vn 0.535940 -0.401115 -0.742883
vn 0.216899 0.078139 -0.973062
vn 0.967657 0.229054 -0.105706
vn 0.535940 -0.401115 -0.742883
vn -0.623417 -0.145694 -0.768196
vn 0.216899 0.078139 -0.973062
vn -0.623417 -0.145694 -0.768196
vn -0.849378 0.061535 -0.524185
vn 0.216899 0.078139 -0.973062
vn -0.623417 -0.145694 -0.768196
vn -0.772319 -0.517518 0.368372
vn -0.849378 0.061535 -0.524185
vn -0.772319 -0.517518 0.368372
vn -0.757618 0.202188 0.620592
vn -0.849378 0.061535 -0.524185
vn -0.757618 0.202188 0.620592
vn 0.365373 0.305720 0.879226
vn -0.615859 0.244639 0.748913
vn 0.365373 0.305720 0.879226
vn 0.541846 0.276344 0.793749
vn -0.615859 0.244639 0.748913
vn 0.365373 0.305720 0.879226
vn 0.967657 0.229054 -0.105706
vn 0.541846 0.276344 0.793749
vn 0.967657 0.229054 -0.105706
vn 0.933053 0.203959 -0.296331
vn 0.541846 0.276344 0.793749
vn 0.967657 0.229054 -0.105706
vn 0.216899 0.078139 -0.973062
vn 0.933053 0.203959 -0.296331
vn 0.216899 0.078139 -0.973062
vn 0.023770 0.062243 -0.997778
vn 0.933053 0.203959 -0.296331
vn 0.216899 0.078139 -0.973062
vn -0.849378 0.061535 -0.524185
vn 0.023770 0.062243 -0.997778
vn -0.849378 0.061535 -0.524185
vn -0.936777 0.045895 -0.346903
vn 0.023770 0.062243 -0.997778
vn -0.849378 0.061535 -0.524185
vn -0.757618 0.202188 0.620592
vn -0.936777 0.045895 -0.346903
vn -0.757618 0.202188 0.620592
vn -0.615859 0.244639 0.748913
vn -0.936777 0.045895 -0.346903
vn -0.772319 -0.517518 0.368372
vn 0.925719 -0.255541 0.278825
vn 0.048567 0.105280 0.993256
vn -0.615859 0.244639 0.748913
vn 0.541846 0.276344 0.793749
vn 0.933053 0.203959 -0.296331
vn -0.772319 -0.517518 0.368372
vn 0.535940 -0.401115 -0.742883
vn 0.925719 -0.255541 0.278825
vn -0.615859 0.244639 0.748913
vn 0.933053 0.203959 -0.296331
vn 0.023770 0.062243 -0.997778
vn -0.772319 -0.517518 0.368372
vn -0.623417 -0.145694 -0.768196
vn 0.535940 -0.401115 -0.742883
vn -0.615859 0.244639 0.748913
vn 0.023770 0.062243 -0.997778
vn -0.936777 0.045895 -0.346903
vn -0.741831 -0.555739 0.375288
vn 0.052929 0.116887 0.991734
vn -0.754634 0.222596 0.617234
vn 0.052929 0.116887 0.991734
vn 0.364955 0.337066 0.867868
vn -0.754634 0.222596 0.617234
vn 0.052929 0.116887 0.991734
vn 0.919370 -0.277967 0.278375
vn 0.364955 0.337066 0.867868
vn 0.919370 -0.277967 0.278375
vn 0.960715 0.252300 -0.115634
vn 0.364955 0.337066 0.867868
vn 0.919370 -0.277967 0.278375
vn 0.530669 -0.437367 -0.726017
vn 0.960715 0.252300 -0.115634
vn 0.530669 -0.437367 -0.726017
vn 0.209331 0.085441 -0.974105
vn 0.960715 0.252300 -0.115634
vn 0.530669 -0.437367 -0.726017
vn -0.626090 -0.161568 -0.762828
vn 0.209331 0.085441 -0.974105
vn -0.626090 -0.161568 -0.762828
vn -0.850814 0.067084 -0.521167
vn 0.209331 0.085441 -0.974105
vn -0.626090 -0.161568 -0.762828
vn -0.741831 -0.555739 0.375288
vn -0.850814 0.067084 -0.521167
vn -0.741831 -0.555739 0.375288
vn -0.754634 0.222596 0.617234
vn -0.850814 0.067084 -0.521167
vn -0.754634 0.222596 0.617234
vn 0.364955 0.337066 0.867868
vn -0.612714 0.269235 0.743030
vn 0.364955 0.337066 0.867868
vn 0.541413 0.305086 0.783450
vn -0.612714 0.269235 0.743030
vn 0.364955 0.337066 0.867868
vn 0.960715 0.252300 -0.115634
vn 0.541413 0.305086 0.783450
vn 0.960715 0.252300 -0.115634
vn 0.925475 0.224560 -0.305073
vn 0.541413 0.305086 0.783450
vn 0.960715 0.252300 -0.115634
vn 0.209331 0.085441 -0.974105
vn 0.925475 0.224560 -0.305073
vn 0.209331 0.085441 -0.974105
vn 0.016874 0.067870 -0.997551
vn 0.925475 0.224560 -0.305073
vn 0.209331 0.085441 -0.974105
vn -0.850814 0.067084 -0.521167
vn 0.016874 0.067870 -0.997551
vn -0.850814 0.067084 -0.521167
vn -0.937698 0.050010 -0.343833
vn 0.016874 0.067870 -0.997551
vn -0.850814 0.067084 -0.521167
vn -0.754634 0.222596 0.617234
vn -0.937698 0.050010 -0.343833
vn -0.754634 0.222596 0.617234
vn -0.612714 0.269235 0.743030
vn -0.937698 0.050010 -0.343833
vn -0.741831 -0.555739 0.375288
vn 0.919370 -0.277967 0.278375
vn 0.052929 0.116887 0.991734
vn -0.612714 0.269235 0.743030
vn 0.541413 0.305086 0.783450
vn 0.925475 0.224560 -0.305073
vn -0.741831 -0.555739 0.375288
vn 0.530669 -0.437367 -0.726017
vn 0.919370 -0.277967 0.278375
vn -0.612714 0.269235 0.743030
vn 0.925475 0.224560 -0.305073
vn 0.016874 0.067870 -0.997551
vn -0.741831 -0.555739 0.375288
vn -0.626090 -0.161568 -0.762828
vn 0.530669 -0.437367 -0.726017
vn -0.612714 0.269235 0.743030
vn 0.016874 0.067870 -0.997551
vn -0.937698 0.050010 -0.343833
vn -0.768371 -0.517519 0.376537
vn 0.058608 0.105955 0.992642
vn -0.751356 0.202304 0.628121
vn 0.058608 0.105955 0.992642
vn 0.374165 0.306416 0.875277
vn -0.751356 0.202304 0.628121
vn 0.058608 0.105955 0.992642
vn 0.928605 -0.254988 0.269582
vn 0.374165 0.306416 0.875277
vn 0.928605 -0.254988 0.269582
vn 0.966454 0.229319 -0.115672
vn 0.374165 0.306416 0.875277
vn 0.928605 -0.254988 0.269582
vn 0.528528 -0.401379 -0.748032
vn 0.966454 0.229319 -0.115672
vn 0.528528 -0.401379 -0.748032
vn 0.206988 0.077559 -0.975264
vn 0.966454 0.229319 -0.115672
vn 0.528528 -0.401379 -0.748032
vn -0.631128 -0.146426 -0.761733
vn 0.206988 0.077559 -0.975264
vn -0.631128 -0.146426 -0.761733
vn -0.854680 0.060863 -0.515575
vn 0.206988 0.077559 -0.975264
vn -0.631128 -0.146426 -0.761733
vn -0.768371 -0.517519 0.376537
vn -0.854680 0.060863 -0.515575
vn -0.768371 -0.517519 0.376537
vn -0.751356 0.202304 0.628121
vn -0.854680 0.060863 -0.515575
vn -0.751356 0.202304 0.628121
vn 0.374165 0.306416 0.875277
vn -0.608318 0.244889 0.754970
vn 0.374165 0.306416 0.875277
vn 0.549770 0.277050 0.788033
vn -0.608318 0.244889 0.754970
vn 0.374165 0.306416 0.875277
vn 0.966454 0.229319 -0.115672
vn 0.549770 0.277050 0.788033
vn 0.966454 0.229319 -0.115672
vn 0.929927 0.204087 -0.305915
vn 0.549770 0.277050 0.788033
vn 0.966454 0.229319 -0.115672
vn 0.206988 0.077559 -0.975264
vn 0.929927 0.204087 -0.305915
vn 0.206988 0.077559 -0.975264
vn 0.013622 0.061577 -0.998009
vn 0.929927 0.204087 -0.305915
vn 0.206988 0.077559 -0.975264
vn -0.854680 0.060863 -0.515575
vn 0.013622 0.061577 -0.998009
vn -0.854680 0.060863 -0.515575
vn -0.940268 0.045310 -0.337405
vn 0.013622 0.061577 -0.998009
vn -0.854680 0.060863 -0.515575
vn -0.751356 0.202304 0.628121
vn -0.940268 0.045310 -0.337405
vn -0.751356 0.202304 0.628121
vn -0.608318 0.244889 0.754970
vn -0.940268 0.045310 -0.337405
vn -0.768371 -0.517519 0.376537
vn 0.928605 -0.254988 0.269582
vn 0.058608 0.105955 0.992642
vn -0.608318 0.244889 0.754970
vn 0.549770 0.277050 0.788033
vn 0.929927 0.204087 -0.305915
vn -0.768371 -0.517519 0.376537
vn 0.528528 -0.401379 -0.748032
vn 0.928605 -0.254988 0.269582
vn -0.608318 0.244889 0.754970
vn 0.929927 0.204087 -0.305915
vn 0.013622 0.061577 -0.998009
vn -0.768371 -0.517519 0.376537
vn -0.631128 -0.146426 -0.761733
vn 0.528528 -0.401379 -0.748032
vn -0.608318 0.244889 0.754970
vn 0.013622 0.061577 -0.998009
vn -0.940268 0.045310 -0.337405
vn -0.737806 -0.555722 0.383164
vn 0.062883 0.117634 0.991064
vn -0.748461 0.222714 0.624663
vn 0.062883 0.117634 0.991064
vn 0.373557 0.337828 0.863902
vn -0.748461 0.222714 0.624663
vn 0.062883 0.117634 0.991064
vn 0.922262 -0.277345 0.269282
vn 0.373557 0.337828 0.863902
vn 0.922262 -0.277345 0.269282
vn 0.959400 0.252586 -0.125505
vn 0.373557 0.337828 0.863902
vn 0.922262 -0.277345 0.269282
vn 0.523503 -0.437641 -0.731037
vn 0.959400 0.252586 -0.125505
vn 0.523503 -0.437641 -0.731037
vn 0.199456 0.084791 -0.976231
vn 0.959400 0.252586 -0.125505
vn 0.523503 -0.437641 -0.731037
vn -0.633690 -0.162380 -0.756353
vn 0.199456 0.084791 -0.976231
vn -0.633690 -0.162380 -0.756353
vn -0.856061 0.066330 -0.512601
vn 0.199456 0.084791 -0.976231
vn -0.633690 -0.162380 -0.756353
vn -0.737806 -0.555722 0.383164
vn -0.856061 0.066330 -0.512601
vn -0.737806 -0.555722 0.383164
vn -0.748461 0.222714 0.624663
vn -0.856061 0.066330 -0.512601
vn -0.748461 0.222714 0.624663
vn 0.373557 0.337828 0.863902
vn -0.605301 0.269504 0.748985
vn 0.373557 0.337828 0.863902
vn 0.549174 0.305863 0.777725
vn -0.605301 0.269504 0.748985
vn 0.373557 0.337828 0.863902
vn 0.959400 0.252586 -0.125505
vn 0.549174 0.305863 0.777725
vn 0.959400 0.252586 -0.125505
vn 0.922261 0.224692 -0.314560
vn 0.549174 0.305863 0.777725
vn 0.959400 0.252586 -0.125505
vn 0.199456 0.084791 -0.976231
vn 0.922261 0.224692 -0.314560
vn 0.199456 0.084791 -0.976231
vn 0.006772 0.067122 -0.997722
vn 0.922261 0.224692 -0.314560
vn 0.199456 0.084791 -0.976231
vn -0.856061 0.066330 -0.512601
vn 0.006772 0.067122 -0.997722
vn -0.856061 0.066330 -0.512601
vn -0.941143 0.049354 -0.334386
vn 0.006772 0.067122 -0.997722
vn -0.856061 0.066330 -0.512601
vn -0.748461 0.222714 0.624663
vn -0.941143 0.049354 -0.334386
vn -0.748461 0.222714 0.624663
vn -0.605301 0.269504 0.748985
vn -0.941143 0.049354 -0.334386
vn -0.737806 -0.555722 0.383164
vn 0.922262 -0.277345 0.269282
vn 0.062883 0.117634 0.991064
vn -0.605301 0.269504 0.748985
vn 0.549174 0.305863 0.777725
vn 0.922261 0.224692 -0.314560
vn -0.737806 -0.555722 0.383164
vn 0.523503 -0.437641 -0.731037
vn 0.922262 -0.277345 0.269282
vn -0.605301 0.269504 0.748985
vn 0.922261 0.224692 -0.314560
vn 0.006772 0.067122 -0.997722
vn -0.737806 -0.555722 0.383164
vn -0.633690 -0.162380 -0.756353
vn 0.523503 -0.437641 -0.731037
vn -0.605301 0.269504 0.748985
vn 0.006772 0.067122 -0.997722
vn -0.941143 0.049354 -0.334386
vn -0.764381 -0.517520 0.384572
vn 0.068526 0.106640 0.991933
vn -0.745093 0.202422 0.635501
vn 0.068526 0.106640 0.991933
vn 0.382814 0.307123 0.871280
vn -0.745093 0.202422 0.635501
vn 0.068526 0.106640 0.991933
vn 0.931370 -0.254425 0.260418
vn 0.382814 0.307123 0.871280
vn 0.931370 -0.254425 0.260418
vn 0.965161 0.229590 -0.125513
vn 0.382814 0.307123 0.871280
vn 0.931370 -0.254425 0.260418
vn 0.521152 -0.401648 -0.753047
vn 0.965161 0.229590 -0.125513
vn 0.521152 -0.401648 -0.753047
vn 0.197163 0.076969 -0.977345
vn 0.965161 0.229590 -0.125513
vn 0.521152 -0.401648 -0.753047
vn -0.638684 -0.147171 -0.755264
vn 0.197163 0.076969 -0.977345
vn -0.638684 -0.147171 -0.755264
vn -0.859836 0.060178 -0.507012
vn 0.197163 0.076969 -0.977345
vn -0.638684 -0.147171 -0.755264
vn -0.764381 -0.517520 0.384572
vn -0.859836 0.060178 -0.507012
vn -0.764381 -0.517520 0.384572
vn -0.745093 0.202422 0.635501
vn -0.859836 0.060178 -0.507012
vn -0.745093 0.202422 0.635501
vn 0.382814 0.307123 0.871280
vn -0.600803 0.245144 0.760881
vn 0.382814 0.307123 0.871280
vn 0.557543 0.277768 0.782299
vn -0.600803 0.245144 0.760881
vn 0.382814 0.307123 0.871280
vn 0.965161 0.229590 -0.125513
vn 0.557543 0.277768 0.782299
vn 0.965161 0.229590 -0.125513
vn 0.926737 0.204216 -0.315364
vn 0.557543 0.277768 0.782299
vn 0.965161 0.229590 -0.125513
vn 0.197163 0.076969 -0.977345
vn 0.926737 0.204216 -0.315364
vn 0.197163 0.076969 -0.977345
vn 0.003578 0.060899 -0.998138
vn 0.926737 0.204216 -0.315364
vn 0.197163 0.076969 -0.977345
vn -0.859836 0.060178 -0.507012
vn 0.003578 0.060899 -0.998138
vn -0.859836 0.060178 -0.507012
vn -0.943625 0.044714 -0.327982
vn 0.003578 0.060899 -0.998138
vn -0.859836 0.060178 -0.507012
vn -0.745093 0.202422 0.635501
vn -0.943625 0.044714 -0.327982
vn -0.745093 0.202422 0.635501
vn -0.600803 0.245144 0.760881
vn -0.943625 0.044714 -0.327982
vn -0.764381 -0.517520 0.384572
vn 0.931370 -0.254425 0.260418
vn 0.068526 0.106640 0.991933
vn -0.600803 0.245144 0.760881
vn 0.557543 0.277768 0.782299
vn 0.926737 0.204216 -0.315364
vn -0.764381 -0.517520 0.384572
vn 0.521152 -0.401648 -0.753047
vn 0.931370 -0.254425 0.260418
vn -0.600803 0.245144 0.760881
vn 0.926737 0.204216 -0.315364
vn 0.003578 0.060899 -0.998138
vn -0.764381 -0.517520 0.384572
vn -0.638684 -0.147171 -0.755264
vn 0.521152 -0.401648 -0.753047
vn -0.600803 0.245144 0.760881
vn 0.003578 0.060899 -0.998138
vn -0.943625 0.044714 -0.327982
vn 0.000000 1.000000 0.000000
vn -0.105635 0.994405 0.000000
vn -0.081057 0.996074 0.035577
vn 0.000000 1.000000 0.000000
vn -0.081057 0.996074 0.035577
vn -0.018416 0.998337 0.054631
vn 0.000000 1.000000 0.000000
vn -0.018416 0.998337 0.054631
vn 0.052979 0.997441 0.047999
vn 0.000000 1.000000 0.000000
vn 0.052979 0.997441 0.047999
vn 0.099312 0.994877 0.018907
vn 0.000000 1.000000 0.000000
vn 0.099312 0.994877 0.018907
vn 0.099312 0.994877 -0.018907
vn 0.000000 1.000000 0.000000
vn 0.099312 0.994877 -0.018907
vn 0.052979 0.997441 -0.047999
vn 0.000000 1.000000 0.000000
vn 0.052979 0.997441 -0.047999
vn -0.018416 0.998337 -0.054631
vn 0.000000 1.000000 0.000000
vn -0.018416 0.998337 -0.054631
vn -0.081057 0.996074 -0.035577
vn 0.000000 1.000000 0.000000
vn -0.081057 0.996074 -0.035577
vn -0.105635 0.994405 -0.000000
vn -0.081057 0.996074 0.035577
vn -0.105635 0.994405 0.000000
vn -0.206439 0.974255 0.090609
vn -0.105635 0.994405 0.000000
vn -0.266598 0.963808 0.000000
vn -0.206439 0.974255 0.090609
vn -0.018416 0.998337 0.054631
vn -0.081057 0.996074 0.035577
vn -0.047499 0.988883 0.140906
vn -0.081057 0.996074 0.035577
vn -0.206439 0.974255 0.090609
vn -0.047499 0.988883 0.140906
vn 0.052979 0.997441 0.047999
vn -0.018416 0.998337 0.054631
vn 0.135957 0.983028 0.123177
vn -0.018416 0.998337 0.054631
vn -0.047499 0.988883 0.140906
vn 0.135957 0.983028 0.123177
vn 0.099312 0.994877 0.018907
vn 0.052979 0.997441 0.047999
vn 0.251280 0.966731 0.047840
vn 0.052979 0.997441 0.047999
vn 0.135957 0.983028 0.123177
vn 0.251280 0.966731 0.047840
vn 0.099312 0.994877 -0.018907
vn 0.099312 0.994877 0.018907
vn 0.251280 0.966731 -0.047840
vn 0.099312 0.994877 0.018907
vn 0.251280 0.966731 0.047840
vn 0.251280 0.966731 -0.047840
vn 0.052979 0.997441 -0.047999
vn 0.099312 0.994877 -0.018907
vn 0.135957 0.983028 -0.123177
vn 0.099312 0.994877 -0.018907
vn 0.251280 0.966731 -0.047840
vn 0.135957 0.983028 -0.123177
vn -0.018416 0.998337 -0.054631
vn 0.052979 0.997441 -0.047999
vn -0.047499 0.988883 -0.140906
vn 0.052979 0.997441 -0.047999
vn 0.135957 0.983028 -0.123177
vn -0.047499 0.988883 -0.140906
vn -0.081057 0.996074 -0.035577
vn -0.018416 0.998337 -0.054631
vn -0.206439 0.974255 -0.090609
vn -0.018416 0.998337 -0.054631
vn -0.047499 0.988883 -0.140906
vn -0.206439 0.974255 -0.090609
vn -0.105635 0.994405 -0.000000
vn -0.081057 0.996074 -0.035577
vn -0.266598 0.963808 -0.000000
vn -0.081057 0.996074 -0.035577
vn -0.206439 0.974255 -0.090609
vn -0.266598 0.963808 -0.000000
vn -0.206439 0.974255 0.090609
vn -0.266598 0.963808 0.000000
vn -0.575715 0.777624 0.252689
vn -0.266598 0.963808 0.000000
vn -0.694945 0.719063 0.000000
vn -0.575715 0.777624 0.252689
vn -0.047499 0.988883 0.140906
vn -0.206439 0.974255 0.090609
vn -0.148568 0.885260 0.440729
vn -0.206439 0.974255 0.090609
vn -0.575715 0.777624 0.252689
vn -0.148568 0.885260 0.440729
vn 0.135957 0.983028 0.123177
vn -0.047499 0.988883 0.140906
vn 0.404779 0.837654 0.366729
vn -0.047499 0.988883 0.140906
vn -0.148568 0.885260 0.440729
vn 0.404779 0.837654 0.366729
vn 0.251280 0.966731 0.047840
vn 0.135957 0.983028 0.123177
vn 0.666861 0.734287 0.126960
vn 0.135957 0.983028 0.123177
vn 0.404779 0.837654 0.366729
vn 0.666861 0.734287 0.126960
vn 0.251280 0.966731 -0.047840
vn 0.251280 0.966731 0.047840
vn 0.666861 0.734287 -0.126960
vn 0.251280 0.966731 0.047840
vn 0.666861 0.734287 0.126960
vn 0.666861 0.734287 -0.126960
vn 0.135957 0.983028 -0.123177
vn 0.251280 0.966731 -0.047840
vn 0.404779 0.837654 -0.366729
vn 0.251280 0.966731 -0.047840
vn 0.666861 0.734287 -0.126960
vn 0.404779 0.837654 -0.366729
vn -0.047499 0.988883 -0.140906
vn 0.135957 0.983028 -0.123177
vn -0.148568 0.885260 -0.440729
vn 0.135957 0.983028 -0.123177
vn 0.404779 0.837654 -0.366729
vn -0.148568 0.885260 -0.440729
vn -0.206439 0.974255 -0.090609
vn -0.047499 0.988883 -0.140906
vn -0.575715 0.777624 -0.252689
vn -0.047499 0.988883 -0.140906
vn -0.148568 0.885260 -0.440729
vn -0.575715 0.777624 -0.252689
vn -0.266598 0.963808 -0.000000
vn -0.206439 0.974255 -0.090609
vn -0.694945 0.719063 -0.000000
vn -0.206439 0.974255 -0.090609
vn -0.575715 0.777624 -0.252689
vn -0.694945 0.719063 -0.000000
vn -0.575715 0.777624 0.252689
vn -0.694945 0.719063 0.000000
vn -0.575715 -0.777624 0.252689
vn -0.694945 0.719063 0.000000
vn -0.694945 -0.719063 0.000000
vn -0.575715 -0.777624 0.252689
vn -0.148568 0.885260 0.440729
vn -0.575715 0.777624 0.252689
vn -0.148568 -0.885260 0.440729
vn -0.575715 0.777624 0.252689
vn -0.575715 -0.777624 0.252689
vn -0.148568 -0.885260 0.440729
vn 0.404779 0.837654 0.366729
vn -0.148568 0.885260 0.440729
vn 0.404779 -0.837654 0.366729
vn -0.148568 0.885260 0.440729
vn -0.148568 -0.885260 0.440729
vn 0.404779 -0.837654 0.366729
vn 0.666861 0.734287 0.126960
vn 0.404779 0.837654 0.366729
vn 0.666861 -0.734287 0.126960
vn 0.404779 0.837654 0.366729
vn 0.404779 -0.837654 0.366729
vn 0.666861 -0.734287 0.126960
vn 0.666861 0.734287 -0.126960
vn 0.666861 0.734287 0.126960
vn 0.666861 -0.734287 -0.126960
vn 0.666861 0.734287 0.126960
vn 0.666861 -0.734287 0.126960
vn 0.666861 -0.734287 -0.126960
vn 0.404779 0.837654 -0.366729
vn 0.666861 0.734287 -0.126960
vn 0.404779 -0.837654 -0.366729
vn 0.666861 0.734287 -0.126960
vn 0.666861 -0.734287 -0.126960
vn 0.404779 -0.837654 -0.366729
vn -0.148568 0.885260 -0.440729
vn 0.404779 0.837654 -0.366729
vn -0.148568 -0.885260 -0.440729
vn 0.404779 0.837654 -0.366729
vn 0.404779 -0.837654 -0.366729
vn -0.148568 -0.885260 -0.440729
vn -0.575715 0.777624 -0.252689
vn -0.148568 0.885260 -0.440729
vn -0.575715 -0.777624 -0.252689
vn -0.148568 0.885260 -0.440729
vn -0.148568 -0.885260 -0.440729
vn -0.575715 -0.777624 -0.252689
vn -0.694945 0.719063 -0.000000
vn -0.575715 0.777624 -0.252689
vn -0.694945 -0.719063 -0.000000
vn -0.575715 0.777624 -0.252689
vn -0.575715 -0.777624 -0.252689
vn -0.694945 -0.719063 -0.000000
vn -0.575715 -0.777624 0.252689
vn -0.694945 -0.719063 0.000000
vn -0.206439 -0.974255 0.090609
vn -0.694945 -0.719063 0.000000
vn -0.266598 -0.963808 0.000000
vn -0.206439 -0.974255 0.090609
vn -0.148568 -0.885260 0.440729
vn -0.575715 -0.777624 0.252689
vn -0.047499 -0.988883 0.140906
vn -0.575715 -0.777624 0.252689
vn -0.206439 -0.974255 0.090609
vn -0.047499 -0.988883 0.140906
vn 0.404779 -0.837654 0.366729
vn -0.148568 -0.885260 0.440729
vn 0.135957 -0.983028 0.123177
vn -0.148568 -0.885260 0.440729
vn -0.047499 -0.988883 0.140906
vn 0.135957 -0.983028 0.123177
vn 0.666861 -0.734287 0.126960
vn 0.404779 -0.837654 0.366729
vn 0.251280 -0.966731 0.047840
vn 0.404779 -0.837654 0.366729
vn 0.135957 -0.983028 0.123177
vn 0.251280 -0.966731 0.047840
vn 0.666861 -0.734287 -0.126960
vn 0.666861 -0.734287 0.126960
vn 0.251280 -0.966731 -0.047840
vn 0.666861 -0.734287 0.126960
vn 0.251280 -0.966731 0.047840
vn 0.251280 -0.966731 -0.047840
vn 0.404779 -0.837654 -0.366729
vn 0.666861 -0.734287 -0.126960
vn 0.135957 -0.983028 -0.123177
vn 0.666861 -0.734287 -0.126960
vn 0.251280 -0.966731 -0.047840
vn 0.135957 -0.983028 -0.123177
vn -0.148568 -0.885260 -0.440729
vn 0.404779 -0.837654 -0.366729
vn -0.047499 -0.988883 -0.140906
vn 0.404779 -0.837654 -0.366729
vn 0.135957 -0.983028 -0.123177
vn -0.047499 -0.988883 -0.140906
vn -0.575715 -0.777624 -0.252689
vn -0.148568 -0.885260 -0.440729
vn -0.206439 -0.974255 -0.090609
vn -0.148568 -0.885260 -0.440729
vn -0.047499 -0.988883 -0.140906
vn -0.206439 -0.974255 -0.090609
vn -0.694945 -0.719063 -0.000000
vn -0.575715 -0.777624 -0.252689
vn -0.266598 -0.963808 -0.000000
vn -0.575715 -0.777624 -0.252689
vn -0.206439 -0.974255 -0.090609
vn -0.266598 -0.963808 -0.000000
vn -0.206439 -0.974255 0.090609
vn -0.266598 -0.963808 0.000000
vn -0.081057 -0.996074 0.035577
vn -0.266598 -0.963808 0.000000
vn -0.105635 -0.994405 0.000000
vn -0.081057 -0.996074 0.035577
vn -0.047499 -0.988883 0.140906
vn -0.206439 -0.974255 0.090609
vn -0.018416 -0.998337 0.054631
vn -0.206439 -0.974255 0.090609
vn -0.081057 -0.996074 0.035577
vn -0.018416 -0.998337 0.054631
vn 0.135957 -0.983028 0.123177
vn -0.047499 -0.988883 0.140906
vn 0.052979 -0.997441 0.047999
vn -0.047499 -0.988883 0.140906
vn -0.018416 -0.998337 0.054631
vn 0.052979 -0.997441 0.047999
vn 0.251280 -0.966731 0.047840
vn 0.135957 -0.983028 0.123177
vn 0.099312 -0.994877 0.018907
vn 0.135957 -0.983028 0.123177
vn 0.052979 -0.997441 0.047999
vn 0.099312 -0.994877 0.018907
vn 0.251280 -0.966731 -0.047840
vn 0.251280 -0.966731 0.047840
vn 0.099312 -0.994877 -0.018907
vn 0.251280 -0.966731 0.047840
vn 0.099312 -0.994877 0.018907
vn 0.099312 -0.994877 -0.018907
vn 0.135957 -0.983028 -0.123177
vn 0.251280 -0.966731 -0.047840
vn 0.052979 -0.997441 -0.047999
vn 0.251280 -0.966731 -0.047840
vn 0.099312 -0.994877 -0.018907
vn 0.052979 -0.997441 -0.047999
vn -0.047499 -0.988883 -0.140906
vn 0.135957 -0.983028 -0.123177
vn -0.018416 -0.998337 -0.054631
vn 0.135957 -0.983028 -0.123177
vn 0.052979 -0.997441 -0.047999
vn -0.018416 -0.998337 -0.054631
vn -0.206439 -0.974255 -0.090609
vn -0.047499 -0.988883 -0.140906
vn -0.081057 -0.996074 -0.035577
vn -0.047499 -0.988883 -0.140906
vn -0.018416 -0.998337 -0.054631
vn -0.081057 -0.996074 -0.035577
vn -0.266598 -0.963808 -0.000000
vn -0.206439 -0.974255 -0.090609
vn -0.105635 -0.994405 -0.000000
vn -0.206439 -0.974255 -0.090609
vn -0.081057 -0.996074 -0.035577
vn -0.105635 -0.994405 -0.000000
vn -0.081057 -0.996074 0.035577
vn -0.105635 -0.994405 0.000000
vn -0.000000 -1.000000 0.000000
vn -0.018416 -0.998337 0.054631
vn -0.081057 -0.996074 0.035577
vn -0.000000 -1.000000 0.000000
vn 0.052979 -0.997441 0.047999
vn -0.018416 -0.998337 0.054631
vn 0.000000 -1.000000 0.000000
vn 0.099312 -0.994877 0.018907
vn 0.052979 -0.997441 0.047999
vn 0.000000 -1.000000 0.000000
vn 0.099312 -0.994877 -0.018907
vn 0.099312 -0.994877 0.018907
vn 0.000000 -1.000000 -0.000000
vn 0.052979 -0.997441 -0.047999
vn 0.099312 -0.994877 -0.018907
vn 0.000000 -1.000000 -0.000000
vn -0.018416 -0.998337 -0.054631
vn 0.052979 -0.997441 -0.047999
vn -0.000000 -1.000000 -0.000000
vn -0.081057 -0.996074 -0.035577
vn -0.018416 -0.998337 -0.054631
vn -0.000000 -1.000000 -0.000000
vn -0.105635 -0.994405 -0.000000
vn -0.081057 -0.996074 -0.035577
vn -0.000000 -1.000000 -0.000000
usemtl Dragon_color_atlas
f 1/1/1 2/2/2 3/3/3
f 4/4/4 5/5/5 6/6/6
f 7/7/7 8/8/8 9/9/9
f 10/10/10 11/11/11 12/12/12
f 13/13/13 14/14/14 15/15/15
f 16/16/16 17/17/17 18/18/18
f 19/19/19 20/20/20 21/21/21
f 22/22/22 23/23/23 24/24/24
f 25/25/25 26/26/26 27/27/27
f 28/28/28 29/29/29 30/30/30
f 31/31/31 32/32/32 33/33/33
f 34/34/34 35/35/35 36/36/36
f 37/37/37 38/38/38 39/39/39
f 40/40/40 41/41/41 42/42/42
f 43/43/43 44/44/44 45/45/45
f 46/46/46 47/47/47 48/48/48
f 49/49/49 50/50/50 51/51/51
f 52/52/52 53/53/53 54/54/54
f 55/55/55 56/56/56 57/57/57
f 58/58/58 59/59/59 60/60/60
f 61/61/61 62/62/62 63/63/63
f 64/64/64 65/65/65 66/66/66
f 67/67/67 68/68/68 69/69/69
f 70/70/70 71/71/71 72/72/72
f 73/73/73 74/74/74 75/75/75
f 76/76/76 77/77/77 78/78/78
f 79/79/79 80/80/80 81/81/81
f 82/82/82 83/83/83 84/84/84
f 85/85/85 86/86/86 87/87/87
f 88/88/88 89/89/89 90/90/90
f 91/91/91 92/92/92 93/93/93
f 94/94/94 95/95/95 96/96/96
f 97/97/97 98/98/98 99/99/99
f 100/100/100 101/101/101 102/102/102
f 103/103/103 104/104/104 105/105/105
f 106/106/106 107/107/107 108/108/108
f 109/109/109 110/110/110 111/111/111
f 112/112/112 113/113/113 114/114/114
f 115/115/115 116/116/116 117/117/117
f 118/118/118 119/119/119 120/120/120
f 121/121/121 122/122/122 123/123/123
f 124/124/124 125/125/125 126/126/126
f 127/127/127 128/128/128 129/129/129
f 130/130/130 131/131/131 132/132/132
f 133/133/133 134/134/134 135/135/135
f 136/136/136 137/137/137 138/138/138
f 139/139/139 140/140/140 141/141/141
f 142/142/142 143/143/143 144/144/144
f 145/145/145 146/146/146 147/147/147
f 148/148/148 149/149/149 150/150/150
f 151/151/151 152/152/152 153/153/153
f 154/154/154 155/155/155 156/156/156
f 157/157/157 158/158/158 159/159/159
f 160/160/160 161/161/161 162/162/162
f 163/163/163 164/164/164 165/165/165
f 166/166/166 167/167/167 168/168/168
f 169/169/169 170/170/170 171/171/171
f 172/172/172 173/173/173 174/174/174
f 175/175/175 176/176/176 177/177/177
f 178/178/178 179/179/179 180/180/180
f 181/181/181 182/182/182 183/183/183
f 184/184/184 185/185/185 186/186/186
f 187/187/187 188/188/188 189/189/189
f 190/190/190 191/191/191 192/192/192
f 193/193/193 194/194/194 195/195/195
f 196/196/196 197/197/197 198/198/198
f 199/199/199 200/200/200 201/201/201
f 202/202/202 203/203/203 204/204/204
f 205/205/205 206/206/206 207/207/207
f 208/208/208 209/209/209 210/210/210
f 211/211/211 212/212/212 213/213/213
f 214/214/214 215/215/215 216/216/216
f 217/217/217 218/218/218 219/219/219
f 220/220/220 221/221/221 222/222/222
f 223/223/223 224/224/224 225/225/225
f 226/226/226 227/227/227 228/228/228
f 229/229/229 230/230/230 231/231/231
f 232/232/232 233/233/233 234/234/234
f 235/235/235 236/236/236 237/237/237
f 238/238/238 239/239/239 240/240/240
f 241/241/241 242/242/242 243/243/243
f 244/244/244 245/245/245 246/246/246
f 247/247/247 248/248/248 249/249/249
f 250/250/250 251/251/251 252/252/252
f 253/253/253 254/254/254 255/255/255
f 256/256/256 257/257/257 258/258/258
f 259/259/259 260/260/260 261/261/261
f 262/262/262 263/263/263 264/264/264
f 265/265/265 266/266/266 267/267/267
f 268/268/268 269/269/269 270/270/270
f 271/271/271 272/272/272 273/273/273
f 274/274/274 275/275/275 276/276/276
f 277/277/277 278/278/278 279/279/279
f 280/280/280 281/281/281 282/282/282
f 283/283/283 284/284/284 285/285/285
f 286/286/286 287/287/287 288/288/288
f 289/289/289 290/290/290 291/291/291
f 292/292/292 293/293/293 294/294/294
f 295/295/295 296/296/296 297/297/297
f 298/298/298 299/299/299 300/300/300
f 301/301/301 302/302/302 303/303/303
f 304/304/304 305/305/305 306/306/306
f 307/307/307 308/308/308 309/309/309
f 310/310/310 311/311/311 312/312/312
f 313/313/313 314/314/314 315/315/315
f 316/316/316 317/317/317 318/318/318
f 319/319/319 320/320/320 321/321/321
f 322/322/322 323/323/323 324/324/324
f 325/325/325 326/326/326 327/327/327
f 328/328/328 329/329/329 330/330/330
f 331/331/331 332/332/332 333/333/333
f 334/334/334 335/335/335 336/336/336
f 337/337/337 338/338/338 339/339/339
f 340/340/340 341/341/341 342/342/342
f 343/343/343 344/344/344 345/345/345
f 346/346/346 347/347/347 348/348/348
f 349/349/349 350/350/350 351/351/351
f 352/352/352 353/353/353 354/354/354
f 355/355/355 356/356/356 357/357/357
f 358/358/358 359/359/359 360/360/360
f 361/361/361 362/362/362 363/363/363
f 364/364/364 365/365/365 366/366/366
f 367/367/367 368/368/368 369/369/369
f 370/370/370 371/371/371 372/372/372
f 373/373/373 374/374/374 375/375/375
f 376/376/376 377/377/377 378/378/378
f 379/379/379 380/380/380 381/381/381
f 382/382/382 383/383/383 384/384/384
f 385/385/385 386/386/386 387/387/387
f 388/388/388 389/389/389 390/390/390
f 391/391/391 392/392/392 393/393/393
f 394/394/394 395/395/395 396/396/396
f 397/397/397 398/398/398 399/399/399
f 400/400/400 401/401/401 402/402/402
f 403/403/403 404/404/404 405/405/405
f 406/406/406 407/407/407 408/408/408
f 409/409/409 410/410/410 411/411/411
f 412/412/412 413/413/413 414/414/414
f 415/415/415 416/416/416 417/417/417
f 418/418/418 419/419/419 420/420/420
f 421/421/421 422/422/422 423/423/423
f 424/424/424 425/425/425 426/426/426
f 427/427/427 428/428/428 429/429/429
f 430/430/430 431/431/431 432/432/432
f 433/433/433 434/434/434 435/435/435
f 436/436/436 437/437/437 438/438/438
f 439/439/439 440/440/440 441/441/441
f 442/442/442 443/443/443 444/444/444
f 445/445/445 446/446/446 447/447/447
f 448/448/448 449/449/449 450/450/450
f 451/451/451 452/452/452 453/453/453
f 454/454/454 455/455/455 456/456/456
f 457/457/457 458/458/458 459/459/459
f 460/460/460 461/461/461 462/462/462
f 463/463/463 464/464/464 465/465/465
f 466/466/466 467/467/467 468/468/468
f 469/469/469 470/470/470 471/471/471
f 472/472/472 473/473/473 474/474/474
f 475/475/475 476/476/476 477/477/477
f 478/478/478 479/479/479 480/480/480
f 481/481/481 482/482/482 483/483/483
f 484/484/484 485/485/485 486/486/486
f 487/487/487 488/488/488 489/489/489
f 490/490/490 491/491/491 492/492/492
f 493/493/493 494/494/494 495/495/495
f 496/496/496 497/497/497 498/498/498
f 499/499/499 500/500/500 501/501/501
f 502/502/502 503/503/503 504/504/504
f 505/505/505 506/506/506 507/507/507
f 508/508/508 509/509/509 510/510/510
f 511/511/511 512/512/512 513/513/513
f 514/514/514 515/515/515 516/516/516
f 517/517/517 518/518/518 519/519/519
f 520/520/520 521/521/521 522/522/522
f 523/523/523 524/524/524 525/525/525
f 526/526/526 527/527/527 528/528/528
f 529/529/529 530/530/530 531/531/531
f 532/532/532 533/533/533 534/534/534
f 535/535/535 536/536/536 537/537/537
f 538/538/538 539/539/539 540/540/540
f 541/541/541 542/542/542 543/543/543
f 544/544/544 545/545/545 546/546/546
f 547/547/547 548/548/548 549/549/549
f 550/550/550 551/551/551 552/552/552
f 553/553/553 554/554/554 555/555/555
f 556/556/556 557/557/557 558/558/558
f 559/559/559 560/560/560 561/561/561
f 562/562/562 563/563/563 564/564/564
f 565/565/565 566/566/566 567/567/567
f 568/568/568 569/569/569 570/570/570
f 571/571/571 572/572/572 573/573/573
f 574/574/574 575/575/575 576/576/576
f 577/577/577 578/578/578 579/579/579
f 580/580/580 581/581/581 582/582/582
f 583/583/583 584/584/584 585/585/585
f 586/586/586 587/587/587 588/588/588
f 589/589/589 590/590/590 591/591/591
f 592/592/592 593/593/593 594/594/594
f 595/595/595 596/596/596 597/597/597
f 598/598/598 599/599/599 600/600/600
f 601/601/601 602/602/602 603/603/603
f 604/604/604 605/605/605 606/606/606
f 607/607/607 608/608/608 609/609/609
f 610/610/610 611/611/611 612/612/612
f 613/613/613 614/614/614 615/615/615
f 616/616/616 617/617/617 618/618/618
f 619/619/619 620/620/620 621/621/621
f 622/622/622 623/623/623 624/624/624
f 625/625/625 626/626/626 627/627/627
f 628/628/628 629/629/629 630/630/630
f 631/631/631 632/632/632 633/633/633
f 634/634/634 635/635/635 636/636/636
f 637/637/637 638/638/638 639/639/639
f 640/640/640 641/641/641 642/642/642
f 643/643/643 644/644/644 645/645/645
f 646/646/646 647/647/647 648/648/648
f 649/649/649 650/650/650 651/651/651
f 652/652/652 653/653/653 654/654/654
f 655/655/655 656/656/656 657/657/657
f 658/658/658 659/659/659 660/660/660
f 661/661/661 662/662/662 663/663/663
f 664/664/664 665/665/665 666/666/666
f 667/667/667 668/668/668 669/669/669
f 670/670/670 671/671/671 672/672/672
f 673/673/673 674/674/674 675/675/675
f 676/676/676 677/677/677 678/678/678
f 679/679/679 680/680/680 681/681/681
f 682/682/682 683/683/683 684/684/684
f 685/685/685 686/686/686 687/687/687
f 688/688/688 689/689/689 690/690/690
f 691/691/691 692/692/692 693/693/693
f 694/694/694 695/695/695 696/696/696
f 697/697/697 698/698/698 699/699/699
f 700/700/700 701/701/701 702/702/702
f 703/703/703 704/704/704 705/705/705
f 706/706/706 707/707/707 708/708/708
f 709/709/709 710/710/710 711/711/711
f 712/712/712 713/713/713 714/714/714
f 715/715/715 716/716/716 717/717/717
f 718/718/718 719/719/719 720/720/720
f 721/721/721 722/722/722 723/723/723
f 724/724/724 725/725/725 726/726/726
f 727/727/727 728/728/728 729/729/729
f 730/730/730 731/731/731 732/732/732
f 733/733/733 734/734/734 735/735/735
f 736/736/736 737/737/737 738/738/738
f 739/739/739 740/740/740 741/741/741
f 742/742/742 743/743/743 744/744/744
f 745/745/745 746/746/746 747/747/747
f 748/748/748 749/749/749 750/750/750
f 751/751/751 752/752/752 753/753/753
f 754/754/754 755/755/755 756/756/756
f 757/757/757 758/758/758 759/759/759
f 760/760/760 761/761/761 762/762/762
f 763/763/763 764/764/764 765/765/765
f 766/766/766 767/767/767 768/768/768
f 769/769/769 770/770/770 771/771/771
f 772/772/772 773/773/773 774/774/774
f 775/775/775 776/776/776 777/777/777
f 778/778/778 779/779/779 780/780/780
f 781/781/781 782/782/782 783/783/783
f 784/784/784 785/785/785 786/786/786
f 787/787/787 788/788/788 789/789/789
f 790/790/790 791/791/791 792/792/792
f 793/793/793 794/794/794 795/795/795
f 796/796/796 797/797/797 798/798/798
f 799/799/799 800/800/800 801/801/801
f 802/802/802 803/803/803 804/804/804
f 805/805/805 806/806/806 807/807/807
f 808/808/808 809/809/809 810/810/810
f 811/811/811 812/812/812 813/813/813
f 814/814/814 815/815/815 816/816/816
f 817/817/817 818/818/818 819/819/819
f 820/820/820 821/821/821 822/822/822
f 823/823/823 824/824/824 825/825/825
f 826/826/826 827/827/827 828/828/828
f 829/829/829 830/830/830 831/831/831
f 832/832/832 833/833/833 834/834/834
f 835/835/835 836/836/836 837/837/837
f 838/838/838 839/839/839 840/840/840
f 841/841/841 842/842/842 843/843/843
f 844/844/844 845/845/845 846/846/846
f 847/847/847 848/848/848 849/849/849
f 850/850/850 851/851/851 852/852/852
f 853/853/853 854/854/854 855/855/855
f 856/856/856 857/857/857 858/858/858
f 859/859/859 860/860/860 861/861/861
f 862/862/862 863/863/863 864/864/864
f 865/865/865 866/866/866 867/867/867
f 868/868/868 869/869/869 870/870/870
f 871/871/871 872/872/872 873/873/873
f 874/874/874 875/875/875 876/876/876
f 877/877/877 878/878/878 879/879/879
f 880/880/880 881/881/881 882/882/882
f 883/883/883 884/884/884 885/885/885
f 886/886/886 887/887/887 888/888/888
f 889/889/889 890/890/890 891/891/891
f 892/892/892 893/893/893 894/894/894
f 895/895/895 896/896/896 897/897/897
f 898/898/898 899/899/899 900/900/900
f 901/901/901 902/902/902 903/903/903
f 904/904/904 905/905/905 906/906/906
f 907/907/907 908/908/908 909/909/909
f 910/910/910 911/911/911 912/912/912
f 913/913/913 914/914/914 915/915/915
f 916/916/916 917/917/917 918/918/918
f 919/919/919 920/920/920 921/921/921
f 922/922/922 923/923/923 924/924/924
f 925/925/925 926/926/926 927/927/927
f 928/928/928 929/929/929 930/930/930
f 931/931/931 932/932/932 933/933/933
f 934/934/934 935/935/935 936/936/936
f 937/937/937 938/938/938 939/939/939
f 940/940/940 941/941/941 942/942/942
f 943/943/943 944/944/944 945/945/945
f 946/946/946 947/947/947 948/948/948
f 949/949/949 950/950/950 951/951/951
f 952/952/952 953/953/953 954/954/954
f 955/955/955 956/956/956 957/957/957
f 958/958/958 959/959/959 960/960/960
f 961/961/961 962/962/962 963/963/963
f 964/964/964 965/965/965 966/966/966
f 967/967/967 968/968/968 969/969/969
f 970/970/970 971/971/971 972/972/972
f 973/973/973 974/974/974 975/975/975
f 976/976/976 977/977/977 978/978/978
f 979/979/979 980/980/980 981/981/981
f 982/982/982 983/983/983 984/984/984
f 985/985/985 986/986/986 987/987/987
f 988/988/988 989/989/989 990/990/990
f 991/991/991 992/992/992 993/993/993
f 994/994/994 995/995/995 996/996/996
f 997/997/997 998/998/998 999/999/999
f 1000/1000/1000 1001/1001/1001 1002/1002/1002
f 1003/1003/1003 1004/1004/1004 1005/1005/1005
f 1006/1006/1006 1007/1007/1007 1008/1008/1008
f 1009/1009/1009 1010/1010/1010 1011/1011/1011
f 1012/1012/1012 1013/1013/1013 1014/1014/1014
f 1015/1015/1015 1016/1016/1016 1017/1017/1017
f 1018/1018/1018 1019/1019/1019 1020/1020/1020
f 1021/1021/1021 1022/1022/1022 1023/1023/1023
f 1024/1024/1024 1025/1025/1025 1026/1026/1026
f 1027/1027/1027 1028/1028/1028 1029/1029/1029
f 1030/1030/1030 1031/1031/1031 1032/1032/1032
f 1033/1033/1033 1034/1034/1034 1035/1035/1035
f 1036/1036/1036 1037/1037/1037 1038/1038/1038
f 1039/1039/1039 1040/1040/1040 1041/1041/1041
f 1042/1042/1042 1043/1043/1043 1044/1044/1044
f 1045/1045/1045 1046/1046/1046 1047/1047/1047
f 1048/1048/1048 1049/1049/1049 1050/1050/1050
f 1051/1051/1051 1052/1052/1052 1053/1053/1053
f 1054/1054/1054 1055/1055/1055 1056/1056/1056
f 1057/1057/1057 1058/1058/1058 1059/1059/1059
f 1060/1060/1060 1061/1061/1061 1062/1062/1062
f 1063/1063/1063 1064/1064/1064 1065/1065/1065
f 1066/1066/1066 1067/1067/1067 1068/1068/1068
f 1069/1069/1069 1070/1070/1070 1071/1071/1071
f 1072/1072/1072 1073/1073/1073 1074/1074/1074
f 1075/1075/1075 1076/1076/1076 1077/1077/1077
f 1078/1078/1078 1079/1079/1079 1080/1080/1080
f 1081/1081/1081 1082/1082/1082 1083/1083/1083
f 1084/1084/1084 1085/1085/1085 1086/1086/1086
f 1087/1087/1087 1088/1088/1088 1089/1089/1089
f 1090/1090/1090 1091/1091/1091 1092/1092/1092
f 1093/1093/1093 1094/1094/1094 1095/1095/1095
f 1096/1096/1096 1097/1097/1097 1098/1098/1098
f 1099/1099/1099 1100/1100/1100 1101/1101/1101
f 1102/1102/1102 1103/1103/1103 1104/1104/1104
f 1105/1105/1105 1106/1106/1106 1107/1107/1107
f 1108/1108/1108 1109/1109/1109 1110/1110/1110
f 1111/1111/1111 1112/1112/1112 1113/1113/1113
f 1114/1114/1114 1115/1115/1115 1116/1116/1116
f 1117/1117/1117 1118/1118/1118 1119/1119/1119
f 1120/1120/1120 1121/1121/1121 1122/1122/1122
f 1123/1123/1123 1124/1124/1124 1125/1125/1125
f 1126/1126/1126 1127/1127/1127 1128/1128/1128
f 1129/1129/1129 1130/1130/1130 1131/1131/1131
f 1132/1132/1132 1133/1133/1133 1134/1134/1134
f 1135/1135/1135 1136/1136/1136 1137/1137/1137
f 1138/1138/1138 1139/1139/1139 1140/1140/1140
f 1141/1141/1141 1142/1142/1142 1143/1143/1143
f 1144/1144/1144 1145/1145/1145 1146/1146/1146
f 1147/1147/1147 1148/1148/1148 1149/1149/1149
f 1150/1150/1150 1151/1151/1151 1152/1152/1152
f 1153/1153/1153 1154/1154/1154 1155/1155/1155
f 1156/1156/1156 1157/1157/1157 1158/1158/1158
f 1159/1159/1159 1160/1160/1160 1161/1161/1161
f 1162/1162/1162 1163/1163/1163 1164/1164/1164
f 1165/1165/1165 1166/1166/1166 1167/1167/1167
f 1168/1168/1168 1169/1169/1169 1170/1170/1170
f 1171/1171/1171 1172/1172/1172 1173/1173/1173
f 1174/1174/1174 1175/1175/1175 1176/1176/1176
f 1177/1177/1177 1178/1178/1178 1179/1179/1179
f 1180/1180/1180 1181/1181/1181 1182/1182/1182
f 1183/1183/1183 1184/1184/1184 1185/1185/1185
f 1186/1186/1186 1187/1187/1187 1188/1188/1188
f 1189/1189/1189 1190/1190/1190 1191/1191/1191
f 1192/1192/1192 1193/1193/1193 1194/1194/1194
f 1195/1195/1195 1196/1196/1196 1197/1197/1197
f 1198/1198/1198 1199/1199/1199 1200/1200/1200
f 1201/1201/1201 1202/1202/1202 1203/1203/1203
f 1204/1204/1204 1205/1205/1205 1206/1206/1206
f 1207/1207/1207 1208/1208/1208 1209/1209/1209
f 1210/1210/1210 1211/1211/1211 1212/1212/1212
f 1213/1213/1213 1214/1214/1214 1215/1215/1215
f 1216/1216/1216 1217/1217/1217 1218/1218/1218
f 1219/1219/1219 1220/1220/1220 1221/1221/1221
f 1222/1222/1222 1223/1223/1223 1224/1224/1224
f 1225/1225/1225 1226/1226/1226 1227/1227/1227
f 1228/1228/1228 1229/1229/1229 1230/1230/1230
f 1231/1231/1231 1232/1232/1232 1233/1233/1233
f 1234/1234/1234 1235/1235/1235 1236/1236/1236
f 1237/1237/1237 1238/1238/1238 1239/1239/1239
f 1240/1240/1240 1241/1241/1241 1242/1242/1242
f 1243/1243/1243 1244/1244/1244 1245/1245/1245
f 1246/1246/1246 1247/1247/1247 1248/1248/1248
f 1249/1249/1249 1250/1250/1250 1251/1251/1251
f 1252/1252/1252 1253/1253/1253 1254/1254/1254
f 1255/1255/1255 1256/1256/1256 1257/1257/1257
f 1258/1258/1258 1259/1259/1259 1260/1260/1260
f 1261/1261/1261 1262/1262/1262 1263/1263/1263
f 1264/1264/1264 1265/1265/1265 1266/1266/1266
f 1267/1267/1267 1268/1268/1268 1269/1269/1269
f 1270/1270/1270 1271/1271/1271 1272/1272/1272
f 1273/1273/1273 1274/1274/1274 1275/1275/1275
f 1276/1276/1276 1277/1277/1277 1278/1278/1278
f 1279/1279/1279 1280/1280/1280 1281/1281/1281
f 1282/1282/1282 1283/1283/1283 1284/1284/1284
f 1285/1285/1285 1286/1286/1286 1287/1287/1287
f 1288/1288/1288 1289/1289/1289 1290/1290/1290
f 1291/1291/1291 1292/1292/1292 1293/1293/1293
f 1294/1294/1294 1295/1295/1295 1296/1296/1296
f 1297/1297/1297 1298/1298/1298 1299/1299/1299
f 1300/1300/1300 1301/1301/1301 1302/1302/1302
f 1303/1303/1303 1304/1304/1304 1305/1305/1305
f 1306/1306/1306 1307/1307/1307 1308/1308/1308
f 1309/1309/1309 1310/1310/1310 1311/1311/1311
f 1312/1312/1312 1313/1313/1313 1314/1314/1314
f 1315/1315/1315 1316/1316/1316 1317/1317/1317
f 1318/1318/1318 1319/1319/1319 1320/1320/1320
f 1321/1321/1321 1322/1322/1322 1323/1323/1323
f 1324/1324/1324 1325/1325/1325 1326/1326/1326
f 1327/1327/1327 1328/1328/1328 1329/1329/1329
f 1330/1330/1330 1331/1331/1331 1332/1332/1332
f 1333/1333/1333 1334/1334/1334 1335/1335/1335
f 1336/1336/1336 1337/1337/1337 1338/1338/1338
f 1339/1339/1339 1340/1340/1340 1341/1341/1341
f 1342/1342/1342 1343/1343/1343 1344/1344/1344
f 1345/1345/1345 1346/1346/1346 1347/1347/1347
f 1348/1348/1348 1349/1349/1349 1350/1350/1350
f 1351/1351/1351 1352/1352/1352 1353/1353/1353
f 1354/1354/1354 1355/1355/1355 1356/1356/1356
f 1357/1357/1357 1358/1358/1358 1359/1359/1359
f 1360/1360/1360 1361/1361/1361 1362/1362/1362
f 1363/1363/1363 1364/1364/1364 1365/1365/1365
f 1366/1366/1366 1367/1367/1367 1368/1368/1368
f 1369/1369/1369 1370/1370/1370 1371/1371/1371
f 1372/1372/1372 1373/1373/1373 1374/1374/1374
f 1375/1375/1375 1376/1376/1376 1377/1377/1377
f 1378/1378/1378 1379/1379/1379 1380/1380/1380
f 1381/1381/1381 1382/1382/1382 1383/1383/1383
f 1384/1384/1384 1385/1385/1385 1386/1386/1386
f 1387/1387/1387 1388/1388/1388 1389/1389/1389
f 1390/1390/1390 1391/1391/1391 1392/1392/1392
f 1393/1393/1393 1394/1394/1394 1395/1395/1395
f 1396/1396/1396 1397/1397/1397 1398/1398/1398
f 1399/1399/1399 1400/1400/1400 1401/1401/1401
f 1402/1402/1402 1403/1403/1403 1404/1404/1404
f 1405/1405/1405 1406/1406/1406 1407/1407/1407
f 1408/1408/1408 1409/1409/1409 1410/1410/1410
f 1411/1411/1411 1412/1412/1412 1413/1413/1413
f 1414/1414/1414 1415/1415/1415 1416/1416/1416
f 1417/1417/1417 1418/1418/1418 1419/1419/1419
f 1420/1420/1420 1421/1421/1421 1422/1422/1422
f 1423/1423/1423 1424/1424/1424 1425/1425/1425
f 1426/1426/1426 1427/1427/1427 1428/1428/1428
f 1429/1429/1429 1430/1430/1430 1431/1431/1431
f 1432/1432/1432 1433/1433/1433 1434/1434/1434
f 1435/1435/1435 1436/1436/1436 1437/1437/1437
f 1438/1438/1438 1439/1439/1439 1440/1440/1440
f 1441/1441/1441 1442/1442/1442 1443/1443/1443
f 1444/1444/1444 1445/1445/1445 1446/1446/1446
f 1447/1447/1447 1448/1448/1448 1449/1449/1449
f 1450/1450/1450 1451/1451/1451 1452/1452/1452
f 1453/1453/1453 1454/1454/1454 1455/1455/1455
f 1456/1456/1456 1457/1457/1457 1458/1458/1458
f 1459/1459/1459 1460/1460/1460 1461/1461/1461
f 1462/1462/1462 1463/1463/1463 1464/1464/1464
f 1465/1465/1465 1466/1466/1466 1467/1467/1467
f 1468/1468/1468 1469/1469/1469 1470/1470/1470
f 1471/1471/1471 1472/1472/1472 1473/1473/1473
f 1474/1474/1474 1475/1475/1475 1476/1476/1476
f 1477/1477/1477 1478/1478/1478 1479/1479/1479
f 1480/1480/1480 1481/1481/1481 1482/1482/1482
f 1483/1483/1483 1484/1484/1484 1485/1485/1485
f 1486/1486/1486 1487/1487/1487 1488/1488/1488
f 1489/1489/1489 1490/1490/1490 1491/1491/1491
f 1492/1492/1492 1493/1493/1493 1494/1494/1494
f 1495/1495/1495 1496/1496/1496 1497/1497/1497
f 1498/1498/1498 1499/1499/1499 1500/1500/1500
f 1501/1501/1501 1502/1502/1502 1503/1503/1503
f 1504/1504/1504 1505/1505/1505 1506/1506/1506
f 1507/1507/1507 1508/1508/1508 1509/1509/1509
f 1510/1510/1510 1511/1511/1511 1512/1512/1512
f 1513/1513/1513 1514/1514/1514 1515/1515/1515
f 1516/1516/1516 1517/1517/1517 1518/1518/1518
f 1519/1519/1519 1520/1520/1520 1521/1521/1521
f 1522/1522/1522 1523/1523/1523 1524/1524/1524
f 1525/1525/1525 1526/1526/1526 1527/1527/1527
f 1528/1528/1528 1529/1529/1529 1530/1530/1530
f 1531/1531/1531 1532/1532/1532 1533/1533/1533
f 1534/1534/1534 1535/1535/1535 1536/1536/1536
f 1537/1537/1537 1538/1538/1538 1539/1539/1539
f 1540/1540/1540 1541/1541/1541 1542/1542/1542
f 1543/1543/1543 1544/1544/1544 1545/1545/1545
f 1546/1546/1546 1547/1547/1547 1548/1548/1548
f 1549/1549/1549 1550/1550/1550 1551/1551/1551
f 1552/1552/1552 1553/1553/1553 1554/1554/1554
f 1555/1555/1555 1556/1556/1556 1557/1557/1557
f 1558/1558/1558 1559/1559/1559 1560/1560/1560
f 1561/1561/1561 1562/1562/1562 1563/1563/1563
f 1564/1564/1564 1565/1565/1565 1566/1566/1566
f 1567/1567/1567 1568/1568/1568 1569/1569/1569
f 1570/1570/1570 1571/1571/1571 1572/1572/1572
f 1573/1573/1573 1574/1574/1574 1575/1575/1575
f 1576/1576/1576 1577/1577/1577 1578/1578/1578
f 1579/1579/1579 1580/1580/1580 1581/1581/1581
f 1582/1582/1582 1583/1583/1583 1584/1584/1584
f 1585/1585/1585 1586/1586/1586 1587/1587/1587
f 1588/1588/1588 1589/1589/1589 1590/1590/1590
f 1591/1591/1591 1592/1592/1592 1593/1593/1593
f 1594/1594/1594 1595/1595/1595 1596/1596/1596
f 1597/1597/1597 1598/1598/1598 1599/1599/1599
f 1600/1600/1600 1601/1601/1601 1602/1602/1602
f 1603/1603/1603 1604/1604/1604 1605/1605/1605
f 1606/1606/1606 1607/1607/1607 1608/1608/1608
f 1609/1609/1609 1610/1610/1610 1611/1611/1611
f 1612/1612/1612 1613/1613/1613 1614/1614/1614
f 1615/1615/1615 1616/1616/1616 1617/1617/1617
f 1618/1618/1618 1619/1619/1619 1620/1620/1620
f 1621/1621/1621 1622/1622/1622 1623/1623/1623
f 1624/1624/1624 1625/1625/1625 1626/1626/1626
f 1627/1627/1627 1628/1628/1628 1629/1629/1629
f 1630/1630/1630 1631/1631/1631 1632/1632/1632
f 1633/1633/1633 1634/1634/1634 1635/1635/1635
f 1636/1636/1636 1637/1637/1637 1638/1638/1638
f 1639/1639/1639 1640/1640/1640 1641/1641/1641
f 1642/1642/1642 1643/1643/1643 1644/1644/1644
f 1645/1645/1645 1646/1646/1646 1647/1647/1647
f 1648/1648/1648 1649/1649/1649 1650/1650/1650
f 1651/1651/1651 1652/1652/1652 1653/1653/1653
f 1654/1654/1654 1655/1655/1655 1656/1656/1656
f 1657/1657/1657 1658/1658/1658 1659/1659/1659
f 1660/1660/1660 1661/1661/1661 1662/1662/1662
f 1663/1663/1663 1664/1664/1664 1665/1665/1665
f 1666/1666/1666 1667/1667/1667 1668/1668/1668
f 1669/1669/1669 1670/1670/1670 1671/1671/1671
f 1672/1672/1672 1673/1673/1673 1674/1674/1674
f 1675/1675/1675 1676/1676/1676 1677/1677/1677
f 1678/1678/1678 1679/1679/1679 1680/1680/1680
f 1681/1681/1681 1682/1682/1682 1683/1683/1683
f 1684/1684/1684 1685/1685/1685 1686/1686/1686
f 1687/1687/1687 1688/1688/1688 1689/1689/1689
f 1690/1690/1690 1691/1691/1691 1692/1692/1692
f 1693/1693/1693 1694/1694/1694 1695/1695/1695
f 1696/1696/1696 1697/1697/1697 1698/1698/1698
f 1699/1699/1699 1700/1700/1700 1701/1701/1701
f 1702/1702/1702 1703/1703/1703 1704/1704/1704
f 1705/1705/1705 1706/1706/1706 1707/1707/1707
f 1708/1708/1708 1709/1709/1709 1710/1710/1710
f 1711/1711/1711 1712/1712/1712 1713/1713/1713
f 1714/1714/1714 1715/1715/1715 1716/1716/1716
f 1717/1717/1717 1718/1718/1718 1719/1719/1719
f 1720/1720/1720 1721/1721/1721 1722/1722/1722
f 1723/1723/1723 1724/1724/1724 1725/1725/1725
f 1726/1726/1726 1727/1727/1727 1728/1728/1728
f 1729/1729/1729 1730/1730/1730 1731/1731/1731
f 1732/1732/1732 1733/1733/1733 1734/1734/1734
f 1735/1735/1735 1736/1736/1736 1737/1737/1737
f 1738/1738/1738 1739/1739/1739 1740/1740/1740
f 1741/1741/1741 1742/1742/1742 1743/1743/1743
f 1744/1744/1744 1745/1745/1745 1746/1746/1746
f 1747/1747/1747 1748/1748/1748 1749/1749/1749
f 1750/1750/1750 1751/1751/1751 1752/1752/1752
f 1753/1753/1753 1754/1754/1754 1755/1755/1755
f 1756/1756/1756 1757/1757/1757 1758/1758/1758
f 1759/1759/1759 1760/1760/1760 1761/1761/1761
f 1762/1762/1762 1763/1763/1763 1764/1764/1764
f 1765/1765/1765 1766/1766/1766 1767/1767/1767
f 1768/1768/1768 1769/1769/1769 1770/1770/1770
f 1771/1771/1771 1772/1772/1772 1773/1773/1773
f 1774/1774/1774 1775/1775/1775 1776/1776/1776
f 1777/1777/1777 1778/1778/1778 1779/1779/1779
f 1780/1780/1780 1781/1781/1781 1782/1782/1782
f 1783/1783/1783 1784/1784/1784 1785/1785/1785
f 1786/1786/1786 1787/1787/1787 1788/1788/1788
f 1789/1789/1789 1790/1790/1790 1791/1791/1791
f 1792/1792/1792 1793/1793/1793 1794/1794/1794
f 1795/1795/1795 1796/1796/1796 1797/1797/1797
f 1798/1798/1798 1799/1799/1799 1800/1800/1800
f 1801/1801/1801 1802/1802/1802 1803/1803/1803
f 1804/1804/1804 1805/1805/1805 1806/1806/1806
f 1807/1807/1807 1808/1808/1808 1809/1809/1809
f 1810/1810/1810 1811/1811/1811 1812/1812/1812
f 1813/1813/1813 1814/1814/1814 1815/1815/1815
f 1816/1816/1816 1817/1817/1817 1818/1818/1818
f 1819/1819/1819 1820/1820/1820 1821/1821/1821
f 1822/1822/1822 1823/1823/1823 1824/1824/1824
f 1825/1825/1825 1826/1826/1826 1827/1827/1827
f 1828/1828/1828 1829/1829/1829 1830/1830/1830
f 1831/1831/1831 1832/1832/1832 1833/1833/1833
f 1834/1834/1834 1835/1835/1835 1836/1836/1836
f 1837/1837/1837 1838/1838/1838 1839/1839/1839
f 1840/1840/1840 1841/1841/1841 1842/1842/1842
f 1843/1843/1843 1844/1844/1844 1845/1845/1845
f 1846/1846/1846 1847/1847/1847 1848/1848/1848
f 1849/1849/1849 1850/1850/1850 1851/1851/1851
f 1852/1852/1852 1853/1853/1853 1854/1854/1854
f 1855/1855/1855 1856/1856/1856 1857/1857/1857
f 1858/1858/1858 1859/1859/1859 1860/1860/1860
