# Obsidian West — joint-local part geometry, +Y up, +Z forward
mtllib materials.mtl
o Neck_01
v 0.780000 -0.000000 -0.000000
v 0.631033 0.456321 0.044365
v 0.811200 -0.035000 0.360000
v 0.631033 0.456321 0.044365
v 0.656275 0.439574 0.406139
v 0.811200 -0.035000 0.360000
v 0.631033 0.456321 0.044365
v 0.241033 0.738343 0.071783
v 0.656275 0.439574 0.406139
v 0.241033 0.738343 0.071783
v 0.250675 0.732877 0.434655
v 0.656275 0.439574 0.406139
v 0.241033 0.738343 0.071783
v -0.241033 0.738343 0.071783
v 0.250675 0.732877 0.434655
v -0.241033 0.738343 0.071783
v -0.250675 0.732877 0.434655
v 0.250675 0.732877 0.434655
v -0.241033 0.738343 0.071783
v -0.631033 0.456321 0.044365
v -0.250675 0.732877 0.434655
v -0.631033 0.456321 0.044365
v -0.656275 0.439574 0.406139
v -0.250675 0.732877 0.434655
v -0.631033 0.456321 0.044365
v -0.780000 -0.000000 -0.000000
v -0.656275 0.439574 0.406139
v -0.780000 -0.000000 -0.000000
v -0.811200 -0.035000 0.360000
v -0.656275 0.439574 0.406139
v -0.780000 -0.000000 -0.000000
v -0.631033 -0.456321 -0.044365
v -0.811200 -0.035000 0.360000
v -0.631033 -0.456321 -0.044365
v -0.656275 -0.509574 0.313861
v -0.811200 -0.035000 0.360000
v -0.631033 -0.456321 -0.044365
v -0.241033 -0.738343 -0.071783
v -0.656275 -0.509574 0.313861
v -0.241033 -0.738343 -0.071783
v -0.250675 -0.802876 0.285345
v -0.656275 -0.509574 0.313861
v -0.241033 -0.738343 -0.071783
v 0.241033 -0.738343 -0.071783
v -0.250675 -0.802876 0.285345
v 0.241033 -0.738343 -0.071783
v 0.250675 -0.802876 0.285345
v -0.250675 -0.802876 0.285345
v 0.241033 -0.738343 -0.071783
v 0.631033 -0.456321 -0.044365
v 0.250675 -0.802876 0.285345
v 0.631033 -0.456321 -0.044365
v 0.656275 -0.509574 0.313861
v 0.250675 -0.802876 0.285345
v 0.631033 -0.456321 -0.044365
v 0.780000 -0.000000 -0.000000
v 0.656275 -0.509574 0.313861
v 0.780000 -0.000000 -0.000000
v 0.811200 -0.035000 0.360000
v 0.656275 -0.509574 0.313861
v 0.811200 -0.035000 0.360000
v 0.656275 0.439574 0.406139
v 0.748800 -0.070000 0.720000
v 0.656275 0.439574 0.406139
v 0.605792 0.368068 0.762590
v 0.748800 -0.070000 0.720000
v 0.656275 0.439574 0.406139
v 0.250675 0.732877 0.434655
v 0.605792 0.368068 0.762590
v 0.250675 0.732877 0.434655
v 0.231392 0.638809 0.788912
v 0.605792 0.368068 0.762590
v 0.250675 0.732877 0.434655
v -0.250675 0.732877 0.434655
v 0.231392 0.638809 0.788912
v -0.250675 0.732877 0.434655
v -0.231392 0.638809 0.788912
v 0.231392 0.638809 0.788912
v -0.250675 0.732877 0.434655
v -0.656275 0.439574 0.406139
v -0.231392 0.638809 0.788912
v -0.656275 0.439574 0.406139
v -0.605792 0.368068 0.762590
v -0.231392 0.638809 0.788912
v -0.656275 0.439574 0.406139
v -0.811200 -0.035000 0.360000
v -0.605792 0.368068 0.762590
v -0.811200 -0.035000 0.360000
v -0.748800 -0.070000 0.720000
v -0.605792 0.368068 0.762590
v -0.811200 -0.035000 0.360000
v -0.656275 -0.509574 0.313861
v -0.748800 -0.070000 0.720000
v -0.656275 -0.509574 0.313861
v -0.605792 -0.508068 0.677410
v -0.748800 -0.070000 0.720000
v -0.656275 -0.509574 0.313861
v -0.250675 -0.802876 0.285345
v -0.605792 -0.508068 0.677410
v -0.250675 -0.802876 0.285345
v -0.231392 -0.778809 0.651088
v -0.605792 -0.508068 0.677410
v -0.250675 -0.802876 0.285345
v 0.250675 -0.802876 0.285345
v -0.231392 -0.778809 0.651088
v 0.250675 -0.802876 0.285345
v 0.231392 -0.778809 0.651088
v -0.231392 -0.778809 0.651088
v 0.250675 -0.802876 0.285345
v 0.656275 -0.509574 0.313861
v 0.231392 -0.778809 0.651088
v 0.656275 -0.509574 0.313861
v 0.605792 -0.508068 0.677410
v 0.231392 -0.778809 0.651088
v 0.656275 -0.509574 0.313861
v 0.811200 -0.035000 0.360000
v 0.605792 -0.508068 0.677410
v 0.811200 -0.035000 0.360000
v 0.748800 -0.070000 0.720000
v 0.605792 -0.508068 0.677410
v 0.780000 -0.000000 -0.000000
v 0.241033 0.738343 0.071783
v 0.631033 0.456321 0.044365
v 0.748800 -0.070000 0.720000
v 0.605792 0.368068 0.762590
v 0.231392 0.638809 0.788912
v 0.780000 -0.000000 -0.000000
v -0.241033 0.738343 0.071783
v 0.241033 0.738343 0.071783
v 0.748800 -0.070000 0.720000
v 0.231392 0.638809 0.788912
v -0.231392 0.638809 0.788912
v 0.780000 -0.000000 -0.000000
v -0.631033 0.456321 0.044365
v -0.241033 0.738343 0.071783
v 0.748800 -0.070000 0.720000
v -0.231392 0.638809 0.788912
v -0.605792 0.368068 0.762590
v 0.780000 -0.000000 -0.000000
v -0.780000 -0.000000 -0.000000
v -0.631033 0.456321 0.044365
v 0.748800 -0.070000 0.720000
v -0.605792 0.368068 0.762590
v -0.748800 -0.070000 0.720000
v 0.780000 -0.000000 -0.000000
v -0.631033 -0.456321 -0.044365
v -0.780000 -0.000000 -0.000000
v 0.748800 -0.070000 0.720000
v -0.748800 -0.070000 0.720000
v -0.605792 -0.508068 0.677410
v 0.780000 -0.000000 -0.000000
v -0.241033 -0.738343 -0.071783
v -0.631033 -0.456321 -0.044365
v 0.748800 -0.070000 0.720000
v -0.605792 -0.508068 0.677410
v -0.231392 -0.778809 0.651088
v 0.780000 -0.000000 -0.000000
v 0.241033 -0.738343 -0.071783
v -0.241033 -0.738343 -0.071783
v 0.748800 -0.070000 0.720000
v -0.231392 -0.778809 0.651088
v 0.231392 -0.778809 0.651088
v 0.780000 -0.000000 -0.000000
v 0.631033 -0.456321 -0.044365
v 0.241033 -0.738343 -0.071783
v 0.748800 -0.070000 0.720000
v 0.231392 -0.778809 0.651088
v 0.605792 -0.508068 0.677410
v -0.624000 0.365000 0.360000
v -0.732297 0.325388 0.360000
v -0.700578 0.325388 0.494993
v -0.624000 0.365000 0.360000
v -0.700578 0.325388 0.494993
v -0.624000 0.325388 0.550909
v -0.624000 0.365000 0.360000
v -0.624000 0.325388 0.550909
v -0.547422 0.325388 0.494993
v -0.624000 0.365000 0.360000
v -0.547422 0.325388 0.494993
v -0.515703 0.325388 0.360000
v -0.624000 0.365000 0.360000
v -0.515703 0.325388 0.360000
v -0.547422 0.325388 0.225007
v -0.624000 0.365000 0.360000
v -0.547422 0.325388 0.225007
v -0.624000 0.325388 0.169091
v -0.624000 0.365000 0.360000
v -0.624000 0.325388 0.169091
v -0.700578 0.325388 0.225007
v -0.624000 0.365000 0.360000
v -0.700578 0.325388 0.225007
v -0.732297 0.325388 0.360000
v -0.700578 0.325388 0.494993
v -0.732297 0.325388 0.360000
v -0.761988 0.214396 0.603249
v -0.732297 0.325388 0.360000
v -0.819145 0.214396 0.360000
v -0.761988 0.214396 0.603249
v -0.624000 0.325388 0.550909
v -0.700578 0.325388 0.494993
v -0.624000 0.214396 0.704006
v -0.700578 0.325388 0.494993
v -0.761988 0.214396 0.603249
v -0.624000 0.214396 0.704006
v -0.547422 0.325388 0.494993
v -0.624000 0.325388 0.550909
v -0.486012 0.214396 0.603249
v -0.624000 0.325388 0.550909
v -0.624000 0.214396 0.704006
v -0.486012 0.214396 0.603249
v -0.515703 0.325388 0.360000
v -0.547422 0.325388 0.494993
v -0.428855 0.214396 0.360000
v -0.547422 0.325388 0.494993
v -0.486012 0.214396 0.603249
v -0.428855 0.214396 0.360000
v -0.547422 0.325388 0.225007
v -0.515703 0.325388 0.360000
v -0.486012 0.214396 0.116751
v -0.515703 0.325388 0.360000
v -0.428855 0.214396 0.360000
v -0.486012 0.214396 0.116751
v -0.624000 0.325388 0.169091
v -0.547422 0.325388 0.225007
v -0.624000 0.214396 0.015994
v -0.547422 0.325388 0.225007
v -0.486012 0.214396 0.116751
v -0.624000 0.214396 0.015994
v -0.700578 0.325388 0.225007
v -0.624000 0.325388 0.169091
v -0.761988 0.214396 0.116751
v -0.624000 0.325388 0.169091
v -0.624000 0.214396 0.015994
v -0.761988 0.214396 0.116751
v -0.732297 0.325388 0.360000
v -0.700578 0.325388 0.225007
v -0.819145 0.214396 0.360000
v -0.700578 0.325388 0.225007
v -0.761988 0.214396 0.116751
v -0.819145 0.214396 0.360000
v -0.761988 0.214396 0.603249
v -0.819145 0.214396 0.360000
v -0.796069 0.054008 0.663326
v -0.819145 0.214396 0.360000
v -0.867342 0.054008 0.360000
v -0.796069 0.054008 0.663326
v -0.624000 0.214396 0.704006
v -0.761988 0.214396 0.603249
v -0.624000 0.054008 0.788968
v -0.761988 0.214396 0.603249
v -0.796069 0.054008 0.663326
v -0.624000 0.054008 0.788968
v -0.486012 0.214396 0.603249
v -0.624000 0.214396 0.704006
v -0.451931 0.054008 0.663326
v -0.624000 0.214396 0.704006
v -0.624000 0.054008 0.788968
v -0.451931 0.054008 0.663326
v -0.428855 0.214396 0.360000
v -0.486012 0.214396 0.603249
v -0.380658 0.054008 0.360000
v -0.486012 0.214396 0.603249
v -0.451931 0.054008 0.663326
v -0.380658 0.054008 0.360000
v -0.486012 0.214396 0.116751
v -0.428855 0.214396 0.360000
v -0.451931 0.054008 0.056674
v -0.428855 0.214396 0.360000
v -0.380658 0.054008 0.360000
v -0.451931 0.054008 0.056674
v -0.624000 0.214396 0.015994
v -0.486012 0.214396 0.116751
v -0.624000 0.054008 -0.068968
v -0.486012 0.214396 0.116751
v -0.451931 0.054008 0.056674
v -0.624000 0.054008 -0.068968
v -0.761988 0.214396 0.116751
v -0.624000 0.214396 0.015994
v -0.796069 0.054008 0.056674
v -0.624000 0.214396 0.015994
v -0.624000 0.054008 -0.068968
v -0.796069 0.054008 0.056674
v -0.819145 0.214396 0.360000
v -0.761988 0.214396 0.116751
v -0.867342 0.054008 0.360000
v -0.761988 0.214396 0.116751
v -0.796069 0.054008 0.056674
v -0.867342 0.054008 0.360000
v -0.796069 0.054008 0.663326
v -0.867342 0.054008 0.360000
v -0.796069 -0.124008 0.663326
v -0.867342 0.054008 0.360000
v -0.867342 -0.124008 0.360000
v -0.796069 -0.124008 0.663326
v -0.624000 0.054008 0.788968
v -0.796069 0.054008 0.663326
v -0.624000 -0.124008 0.788968
v -0.796069 0.054008 0.663326
v -0.796069 -0.124008 0.663326
v -0.624000 -0.124008 0.788968
v -0.451931 0.054008 0.663326
v -0.624000 0.054008 0.788968
v -0.451931 -0.124008 0.663326
v -0.624000 0.054008 0.788968
v -0.624000 -0.124008 0.788968
v -0.451931 -0.124008 0.663326
v -0.380658 0.054008 0.360000
v -0.451931 0.054008 0.663326
v -0.380658 -0.124008 0.360000
v -0.451931 0.054008 0.663326
v -0.451931 -0.124008 0.663326
v -0.380658 -0.124008 0.360000
v -0.451931 0.054008 0.056674
v -0.380658 0.054008 0.360000
v -0.451931 -0.124008 0.056674
v -0.380658 0.054008 0.360000
v -0.380658 -0.124008 0.360000
v -0.451931 -0.124008 0.056674
v -0.624000 0.054008 -0.068968
v -0.451931 0.054008 0.056674
v -0.624000 -0.124008 -0.068968
v -0.451931 0.054008 0.056674
v -0.451931 -0.124008 0.056674
v -0.624000 -0.124008 -0.068968
v -0.796069 0.054008 0.056674
v -0.624000 0.054008 -0.068968
v -0.796069 -0.124008 0.056674
v -0.624000 0.054008 -0.068968
v -0.624000 -0.124008 -0.068968
v -0.796069 -0.124008 0.056674
v -0.867342 0.054008 0.360000
v -0.796069 0.054008 0.056674
v -0.867342 -0.124008 0.360000
v -0.796069 0.054008 0.056674
v -0.796069 -0.124008 0.056674
v -0.867342 -0.124008 0.360000
v -0.796069 -0.124008 0.663326
v -0.867342 -0.124008 0.360000
v -0.761988 -0.284396 0.603249
v -0.867342 -0.124008 0.360000
v -0.819145 -0.284396 0.360000
v -0.761988 -0.284396 0.603249
v -0.624000 -0.124008 0.788968
v -0.796069 -0.124008 0.663326
v -0.624000 -0.284396 0.704006
v -0.796069 -0.124008 0.663326
v -0.761988 -0.284396 0.603249
v -0.624000 -0.284396 0.704006
v -0.451931 -0.124008 0.663326
v -0.624000 -0.124008 0.788968
v -0.486012 -0.284396 0.603249
v -0.624000 -0.124008 0.788968
v -0.624000 -0.284396 0.704006
v -0.486012 -0.284396 0.603249
v -0.380658 -0.124008 0.360000
v -0.451931 -0.124008 0.663326
v -0.428855 -0.284396 0.360000
v -0.451931 -0.124008 0.663326
v -0.486012 -0.284396 0.603249
v -0.428855 -0.284396 0.360000
v -0.451931 -0.124008 0.056674
v -0.380658 -0.124008 0.360000
v -0.486012 -0.284396 0.116751
v -0.380658 -0.124008 0.360000
v -0.428855 -0.284396 0.360000
v -0.486012 -0.284396 0.116751
v -0.624000 -0.124008 -0.068968
v -0.451931 -0.124008 0.056674
v -0.624000 -0.284396 0.015994
v -0.451931 -0.124008 0.056674
v -0.486012 -0.284396 0.116751
v -0.624000 -0.284396 0.015994
v -0.796069 -0.124008 0.056674
v -0.624000 -0.124008 -0.068968
v -0.761988 -0.284396 0.116751
v -0.624000 -0.124008 -0.068968
v -0.624000 -0.284396 0.015994
v -0.761988 -0.284396 0.116751
v -0.867342 -0.124008 0.360000
v -0.796069 -0.124008 0.056674
v -0.819145 -0.284396 0.360000
v -0.796069 -0.124008 0.056674
v -0.761988 -0.284396 0.116751
v -0.819145 -0.284396 0.360000
v -0.761988 -0.284396 0.603249
v -0.819145 -0.284396 0.360000
v -0.700578 -0.395388 0.494993
v -0.819145 -0.284396 0.360000
v -0.732297 -0.395388 0.360000
v -0.700578 -0.395388 0.494993
v -0.624000 -0.284396 0.704006
v -0.761988 -0.284396 0.603249
v -0.624000 -0.395388 0.550909
v -0.761988 -0.284396 0.603249
v -0.700578 -0.395388 0.494993
v -0.624000 -0.395388 0.550909
v -0.486012 -0.284396 0.603249
v -0.624000 -0.284396 0.704006
v -0.547422 -0.395388 0.494993
v -0.624000 -0.284396 0.704006
v -0.624000 -0.395388 0.550909
v -0.547422 -0.395388 0.494993
v -0.428855 -0.284396 0.360000
v -0.486012 -0.284396 0.603249
v -0.515703 -0.395388 0.360000
v -0.486012 -0.284396 0.603249
v -0.547422 -0.395388 0.494993
v -0.515703 -0.395388 0.360000
v -0.486012 -0.284396 0.116751
v -0.428855 -0.284396 0.360000
v -0.547422 -0.395388 0.225007
v -0.428855 -0.284396 0.360000
v -0.515703 -0.395388 0.360000
v -0.547422 -0.395388 0.225007
v -0.624000 -0.284396 0.015994
v -0.486012 -0.284396 0.116751
v -0.624000 -0.395388 0.169091
v -0.486012 -0.284396 0.116751
v -0.547422 -0.395388 0.225007
v -0.624000 -0.395388 0.169091
v -0.761988 -0.284396 0.116751
v -0.624000 -0.284396 0.015994
v -0.700578 -0.395388 0.225007
v -0.624000 -0.284396 0.015994
v -0.624000 -0.395388 0.169091
v -0.700578 -0.395388 0.225007
v -0.819145 -0.284396 0.360000
v -0.761988 -0.284396 0.116751
v -0.732297 -0.395388 0.360000
v -0.761988 -0.284396 0.116751
v -0.700578 -0.395388 0.225007
v -0.732297 -0.395388 0.360000
v -0.700578 -0.395388 0.494993
v -0.732297 -0.395388 0.360000
v -0.624000 -0.435000 0.360000
v -0.624000 -0.395388 0.550909
v -0.700578 -0.395388 0.494993
v -0.624000 -0.435000 0.360000
v -0.547422 -0.395388 0.494993
v -0.624000 -0.395388 0.550909
v -0.624000 -0.435000 0.360000
v -0.515703 -0.395388 0.360000
v -0.547422 -0.395388 0.494993
v -0.624000 -0.435000 0.360000
v -0.547422 -0.395388 0.225007
v -0.515703 -0.395388 0.360000
v -0.624000 -0.435000 0.360000
v -0.624000 -0.395388 0.169091
v -0.547422 -0.395388 0.225007
v -0.624000 -0.435000 0.360000
v -0.700578 -0.395388 0.225007
v -0.624000 -0.395388 0.169091
v -0.624000 -0.435000 0.360000
v -0.732297 -0.395388 0.360000
v -0.700578 -0.395388 0.225007
v -0.624000 -0.435000 0.360000
v -0.715297 0.165000 0.317264
v -0.537887 0.343937 0.259003
v -0.957593 0.398200 -0.002813
v -0.537887 0.343937 0.259003
v -0.872436 0.484090 -0.030778
v -0.957593 0.398200 -0.002813
v -0.537887 0.343937 0.259003
v -0.425586 0.275589 0.036284
v -0.872436 0.484090 -0.030778
v -0.425586 0.275589 0.036284
v -0.818531 0.451283 -0.137684
v -0.872436 0.484090 -0.030778
v -0.425586 0.275589 0.036284
v -0.533589 0.054411 -0.043104
v -0.818531 0.451283 -0.137684
v -0.533589 0.054411 -0.043104
v -0.870373 0.345117 -0.175790
v -0.818531 0.451283 -0.137684
v -0.533589 0.054411 -0.043104
v -0.712641 -0.013937 0.130552
v -0.870373 0.345117 -0.175790
v -0.712641 -0.013937 0.130552
v -0.956318 0.312310 -0.092435
v -0.870373 0.345117 -0.175790
v -0.712641 -0.013937 0.130552
v -0.715297 0.165000 0.317264
v -0.956318 0.312310 -0.092435
v -0.715297 0.165000 0.317264
v -0.957593 0.398200 -0.002813
v -0.956318 0.312310 -0.092435
v -0.957593 0.398200 -0.002813
v -0.872436 0.484090 -0.030778
v -1.175330 0.605000 -0.282748
v -0.872436 0.484090 -0.030778
v -1.168073 0.612320 -0.285132
v -1.175330 0.605000 -0.282748
v -0.872436 0.484090 -0.030778
v -0.818531 0.451283 -0.137684
v -1.168073 0.612320 -0.285132
v -0.818531 0.451283 -0.137684
v -1.163478 0.609524 -0.294243
v -1.168073 0.612320 -0.285132
v -0.818531 0.451283 -0.137684
v -0.870373 0.345117 -0.175790
v -1.163478 0.609524 -0.294243
v -0.870373 0.345117 -0.175790
v -1.167897 0.600476 -0.297491
v -1.163478 0.609524 -0.294243
v -0.870373 0.345117 -0.175790
v -0.956318 0.312310 -0.092435
v -1.167897 0.600476 -0.297491
v -0.956318 0.312310 -0.092435
v -1.175222 0.597680 -0.290386
v -1.167897 0.600476 -0.297491
v -0.956318 0.312310 -0.092435
v -0.957593 0.398200 -0.002813
v -1.175222 0.597680 -0.290386
v -0.957593 0.398200 -0.002813
v -1.175330 0.605000 -0.282748
v -1.175222 0.597680 -0.290386
v -0.715297 0.165000 0.317264
v -0.425586 0.275589 0.036284
v -0.537887 0.343937 0.259003
v -1.175330 0.605000 -0.282748
v -1.168073 0.612320 -0.285132
v -1.163478 0.609524 -0.294243
v -0.715297 0.165000 0.317264
v -0.533589 0.054411 -0.043104
v -0.425586 0.275589 0.036284
v -1.175330 0.605000 -0.282748
v -1.163478 0.609524 -0.294243
v -1.167897 0.600476 -0.297491
v -0.715297 0.165000 0.317264
v -0.712641 -0.013937 0.130552
v -0.533589 0.054411 -0.043104
v -1.175330 0.605000 -0.282748
v -1.167897 0.600476 -0.297491
v -1.175222 0.597680 -0.290386
v 0.624000 0.365000 0.360000
v 0.515703 0.325388 0.360000
v 0.547422 0.325388 0.494993
v 0.624000 0.365000 0.360000
v 0.547422 0.325388 0.494993
v 0.624000 0.325388 0.550909
v 0.624000 0.365000 0.360000
v 0.624000 0.325388 0.550909
v 0.700578 0.325388 0.494993
v 0.624000 0.365000 0.360000
v 0.700578 0.325388 0.494993
v 0.732297 0.325388 0.360000
v 0.624000 0.365000 0.360000
v 0.732297 0.325388 0.360000
v 0.700578 0.325388 0.225007
v 0.624000 0.365000 0.360000
v 0.700578 0.325388 0.225007
v 0.624000 0.325388 0.169091
v 0.624000 0.365000 0.360000
v 0.624000 0.325388 0.169091
v 0.547422 0.325388 0.225007
v 0.624000 0.365000 0.360000
v 0.547422 0.325388 0.225007
v 0.515703 0.325388 0.360000
v 0.547422 0.325388 0.494993
v 0.515703 0.325388 0.360000
v 0.486012 0.214396 0.603249
v 0.515703 0.325388 0.360000
v 0.428855 0.214396 0.360000
v 0.486012 0.214396 0.603249
v 0.624000 0.325388 0.550909
v 0.547422 0.325388 0.494993
v 0.624000 0.214396 0.704006
v 0.547422 0.325388 0.494993
v 0.486012 0.214396 0.603249
v 0.624000 0.214396 0.704006
v 0.700578 0.325388 0.494993
v 0.624000 0.325388 0.550909
v 0.761988 0.214396 0.603249
v 0.624000 0.325388 0.550909
v 0.624000 0.214396 0.704006
v 0.761988 0.214396 0.603249
v 0.732297 0.325388 0.360000
v 0.700578 0.325388 0.494993
v 0.819145 0.214396 0.360000
v 0.700578 0.325388 0.494993
v 0.761988 0.214396 0.603249
v 0.819145 0.214396 0.360000
v 0.700578 0.325388 0.225007
v 0.732297 0.325388 0.360000
v 0.761988 0.214396 0.116751
v 0.732297 0.325388 0.360000
v 0.819145 0.214396 0.360000
v 0.761988 0.214396 0.116751
v 0.624000 0.325388 0.169091
v 0.700578 0.325388 0.225007
v 0.624000 0.214396 0.015994
v 0.700578 0.325388 0.225007
v 0.761988 0.214396 0.116751
v 0.624000 0.214396 0.015994
v 0.547422 0.325388 0.225007
v 0.624000 0.325388 0.169091
v 0.486012 0.214396 0.116751
v 0.624000 0.325388 0.169091
v 0.624000 0.214396 0.015994
v 0.486012 0.214396 0.116751
v 0.515703 0.325388 0.360000
v 0.547422 0.325388 0.225007
v 0.428855 0.214396 0.360000
v 0.547422 0.325388 0.225007
v 0.486012 0.214396 0.116751
v 0.428855 0.214396 0.360000
v 0.486012 0.214396 0.603249
v 0.428855 0.214396 0.360000
v 0.451931 0.054008 0.663326
v 0.428855 0.214396 0.360000
v 0.380658 0.054008 0.360000
v 0.451931 0.054008 0.663326
v 0.624000 0.214396 0.704006
v 0.486012 0.214396 0.603249
v 0.624000 0.054008 0.788968
v 0.486012 0.214396 0.603249
v 0.451931 0.054008 0.663326
v 0.624000 0.054008 0.788968
v 0.761988 0.214396 0.603249
v 0.624000 0.214396 0.704006
v 0.796069 0.054008 0.663326
v 0.624000 0.214396 0.704006
v 0.624000 0.054008 0.788968
v 0.796069 0.054008 0.663326
v 0.819145 0.214396 0.360000
v 0.761988 0.214396 0.603249
v 0.867342 0.054008 0.360000
v 0.761988 0.214396 0.603249
v 0.796069 0.054008 0.663326
v 0.867342 0.054008 0.360000
v 0.761988 0.214396 0.116751
v 0.819145 0.214396 0.360000
v 0.796069 0.054008 0.056674
v 0.819145 0.214396 0.360000
v 0.867342 0.054008 0.360000
v 0.796069 0.054008 0.056674
v 0.624000 0.214396 0.015994
v 0.761988 0.214396 0.116751
v 0.624000 0.054008 -0.068968
v 0.761988 0.214396 0.116751
v 0.796069 0.054008 0.056674
v 0.624000 0.054008 -0.068968
v 0.486012 0.214396 0.116751
v 0.624000 0.214396 0.015994
v 0.451931 0.054008 0.056674
v 0.624000 0.214396 0.015994
v 0.624000 0.054008 -0.068968
v 0.451931 0.054008 0.056674
v 0.428855 0.214396 0.360000
v 0.486012 0.214396 0.116751
v 0.380658 0.054008 0.360000
v 0.486012 0.214396 0.116751
v 0.451931 0.054008 0.056674
v 0.380658 0.054008 0.360000
v 0.451931 0.054008 0.663326
v 0.380658 0.054008 0.360000
v 0.451931 -0.124008 0.663326
v 0.380658 0.054008 0.360000
v 0.380658 -0.124008 0.360000
v 0.451931 -0.124008 0.663326
v 0.624000 0.054008 0.788968
v 0.451931 0.054008 0.663326
v 0.624000 -0.124008 0.788968
v 0.451931 0.054008 0.663326
v 0.451931 -0.124008 0.663326
v 0.624000 -0.124008 0.788968
v 0.796069 0.054008 0.663326
v 0.624000 0.054008 0.788968
v 0.796069 -0.124008 0.663326
v 0.624000 0.054008 0.788968
v 0.624000 -0.124008 0.788968
v 0.796069 -0.124008 0.663326
v 0.867342 0.054008 0.360000
v 0.796069 0.054008 0.663326
v 0.867342 -0.124008 0.360000
v 0.796069 0.054008 0.663326
v 0.796069 -0.124008 0.663326
v 0.867342 -0.124008 0.360000
v 0.796069 0.054008 0.056674
v 0.867342 0.054008 0.360000
v 0.796069 -0.124008 0.056674
v 0.867342 0.054008 0.360000
v 0.867342 -0.124008 0.360000
v 0.796069 -0.124008 0.056674
v 0.624000 0.054008 -0.068968
v 0.796069 0.054008 0.056674
v 0.624000 -0.124008 -0.068968
v 0.796069 0.054008 0.056674
v 0.796069 -0.124008 0.056674
v 0.624000 -0.124008 -0.068968
v 0.451931 0.054008 0.056674
v 0.624000 0.054008 -0.068968
v 0.451931 -0.124008 0.056674
v 0.624000 0.054008 -0.068968
v 0.624000 -0.124008 -0.068968
v 0.451931 -0.124008 0.056674
v 0.380658 0.054008 0.360000
v 0.451931 0.054008 0.056674
v 0.380658 -0.124008 0.360000
v 0.451931 0.054008 0.056674
v 0.451931 -0.124008 0.056674
v 0.380658 -0.124008 0.360000
v 0.451931 -0.124008 0.663326
v 0.380658 -0.124008 0.360000
v 0.486012 -0.284396 0.603249
v 0.380658 -0.124008 0.360000
v 0.428855 -0.284396 0.360000
v 0.486012 -0.284396 0.603249
v 0.624000 -0.124008 0.788968
v 0.451931 -0.124008 0.663326
v 0.624000 -0.284396 0.704006
v 0.451931 -0.124008 0.663326
v 0.486012 -0.284396 0.603249
v 0.624000 -0.284396 0.704006
v 0.796069 -0.124008 0.663326
v 0.624000 -0.124008 0.788968
v 0.761988 -0.284396 0.603249
v 0.624000 -0.124008 0.788968
v 0.624000 -0.284396 0.704006
v 0.761988 -0.284396 0.603249
v 0.867342 -0.124008 0.360000
v 0.796069 -0.124008 0.663326
v 0.819145 -0.284396 0.360000
v 0.796069 -0.124008 0.663326
v 0.761988 -0.284396 0.603249
v 0.819145 -0.284396 0.360000
v 0.796069 -0.124008 0.056674
v 0.867342 -0.124008 0.360000
v 0.761988 -0.284396 0.116751
v 0.867342 -0.124008 0.360000
v 0.819145 -0.284396 0.360000
v 0.761988 -0.284396 0.116751
v 0.624000 -0.124008 -0.068968
v 0.796069 -0.124008 0.056674
v 0.624000 -0.284396 0.015994
v 0.796069 -0.124008 0.056674
v 0.761988 -0.284396 0.116751
v 0.624000 -0.284396 0.015994
v 0.451931 -0.124008 0.056674
v 0.624000 -0.124008 -0.068968
v 0.486012 -0.284396 0.116751
v 0.624000 -0.124008 -0.068968
v 0.624000 -0.284396 0.015994
v 0.486012 -0.284396 0.116751
v 0.380658 -0.124008 0.360000
v 0.451931 -0.124008 0.056674
v 0.428855 -0.284396 0.360000
v 0.451931 -0.124008 0.056674
v 0.486012 -0.284396 0.116751
v 0.428855 -0.284396 0.360000
v 0.486012 -0.284396 0.603249
v 0.428855 -0.284396 0.360000
v 0.547422 -0.395388 0.494993
v 0.428855 -0.284396 0.360000
v 0.515703 -0.395388 0.360000
v 0.547422 -0.395388 0.494993
v 0.624000 -0.284396 0.704006
v 0.486012 -0.284396 0.603249
v 0.624000 -0.395388 0.550909
v 0.486012 -0.284396 0.603249
v 0.547422 -0.395388 0.494993
v 0.624000 -0.395388 0.550909
v 0.761988 -0.284396 0.603249
v 0.624000 -0.284396 0.704006
v 0.700578 -0.395388 0.494993
v 0.624000 -0.284396 0.704006
v 0.624000 -0.395388 0.550909
v 0.700578 -0.395388 0.494993
v 0.819145 -0.284396 0.360000
v 0.761988 -0.284396 0.603249
v 0.732297 -0.395388 0.360000
v 0.761988 -0.284396 0.603249
v 0.700578 -0.395388 0.494993
v 0.732297 -0.395388 0.360000
v 0.761988 -0.284396 0.116751
v 0.819145 -0.284396 0.360000
v 0.700578 -0.395388 0.225007
v 0.819145 -0.284396 0.360000
v 0.732297 -0.395388 0.360000
v 0.700578 -0.395388 0.225007
v 0.624000 -0.284396 0.015994
v 0.761988 -0.284396 0.116751
v 0.624000 -0.395388 0.169091
v 0.761988 -0.284396 0.116751
v 0.700578 -0.395388 0.225007
v 0.624000 -0.395388 0.169091
v 0.486012 -0.284396 0.116751
v 0.624000 -0.284396 0.015994
v 0.547422 -0.395388 0.225007
v 0.624000 -0.284396 0.015994
v 0.624000 -0.395388 0.169091
v 0.547422 -0.395388 0.225007
v 0.428855 -0.284396 0.360000
v 0.486012 -0.284396 0.116751
v 0.515703 -0.395388 0.360000
v 0.486012 -0.284396 0.116751
v 0.547422 -0.395388 0.225007
v 0.515703 -0.395388 0.360000
v 0.547422 -0.395388 0.494993
v 0.515703 -0.395388 0.360000
v 0.624000 -0.435000 0.360000
v 0.624000 -0.395388 0.550909
v 0.547422 -0.395388 0.494993
v 0.624000 -0.435000 0.360000
v 0.700578 -0.395388 0.494993
v 0.624000 -0.395388 0.550909
v 0.624000 -0.435000 0.360000
v 0.732297 -0.395388 0.360000
v 0.700578 -0.395388 0.494993
v 0.624000 -0.435000 0.360000
v 0.700578 -0.395388 0.225007
v 0.732297 -0.395388 0.360000
v 0.624000 -0.435000 0.360000
v 0.624000 -0.395388 0.169091
v 0.700578 -0.395388 0.225007
v 0.624000 -0.435000 0.360000
v 0.547422 -0.395388 0.225007
v 0.624000 -0.395388 0.169091
v 0.624000 -0.435000 0.360000
v 0.515703 -0.395388 0.360000
v 0.547422 -0.395388 0.225007
v 0.624000 -0.435000 0.360000
v 0.454703 0.165000 -0.037264
v 0.457359 0.343937 0.149448
v 0.832507 0.398200 -0.172987
v 0.457359 0.343937 0.149448
v 0.833782 0.484090 -0.083365
v 0.832507 0.398200 -0.172987
v 0.457359 0.343937 0.149448
v 0.636411 0.275589 0.323104
v 0.833782 0.484090 -0.083365
v 0.636411 0.275589 0.323104
v 0.919727 0.451283 -0.000010
v 0.833782 0.484090 -0.083365
v 0.636411 0.275589 0.323104
v 0.744414 0.054411 0.243716
v 0.919727 0.451283 -0.000010
v 0.744414 0.054411 0.243716
v 0.971569 0.345117 -0.038116
v 0.919727 0.451283 -0.000010
v 0.744414 0.054411 0.243716
v 0.632113 -0.013937 0.020997
v 0.971569 0.345117 -0.038116
v 0.632113 -0.013937 0.020997
v 0.917664 0.312310 -0.145022
v 0.971569 0.345117 -0.038116
v 0.632113 -0.013937 0.020997
v 0.454703 0.165000 -0.037264
v 0.917664 0.312310 -0.145022
v 0.454703 0.165000 -0.037264
v 0.832507 0.398200 -0.172987
v 0.917664 0.312310 -0.145022
v 0.832507 0.398200 -0.172987
v 0.833782 0.484090 -0.083365
v 1.164670 0.605000 -0.297252
v 0.833782 0.484090 -0.083365
v 1.164778 0.612320 -0.289613
v 1.164670 0.605000 -0.297252
v 0.833782 0.484090 -0.083365
v 0.919727 0.451283 -0.000010
v 1.164778 0.612320 -0.289613
v 0.919727 0.451283 -0.000010
v 1.172103 0.609524 -0.282509
v 1.164778 0.612320 -0.289613
v 0.919727 0.451283 -0.000010
v 0.971569 0.345117 -0.038116
v 1.172103 0.609524 -0.282509
v 0.971569 0.345117 -0.038116
v 1.176522 0.600476 -0.285757
v 1.172103 0.609524 -0.282509
v 0.971569 0.345117 -0.038116
v 0.917664 0.312310 -0.145022
v 1.176522 0.600476 -0.285757
v 0.917664 0.312310 -0.145022
v 1.171927 0.597680 -0.294868
v 1.176522 0.600476 -0.285757
v 0.917664 0.312310 -0.145022
v 0.832507 0.398200 -0.172987
v 1.171927 0.597680 -0.294868
v 0.832507 0.398200 -0.172987
v 1.164670 0.605000 -0.297252
v 1.171927 0.597680 -0.294868
v 0.454703 0.165000 -0.037264
v 0.636411 0.275589 0.323104
v 0.457359 0.343937 0.149448
v 1.164670 0.605000 -0.297252
v 1.164778 0.612320 -0.289613
v 1.172103 0.609524 -0.282509
v 0.454703 0.165000 -0.037264
v 0.744414 0.054411 0.243716
v 0.636411 0.275589 0.323104
v 1.164670 0.605000 -0.297252
v 1.172103 0.609524 -0.282509
v 1.176522 0.600476 -0.285757
v 0.454703 0.165000 -0.037264
v 0.632113 -0.013937 0.020997
v 0.744414 0.054411 0.243716
v 1.164670 0.605000 -0.297252
v 1.176522 0.600476 -0.285757
v 1.171927 0.597680 -0.294868
v -0.280000 0.195000 -0.186000
v -0.086525 0.369405 0.015237
v -0.134400 0.624300 -0.558060
v -0.086525 0.369405 0.015237
v -0.041532 0.708015 -0.461466
v -0.134400 0.624300 -0.558060
v -0.086525 0.369405 0.015237
v 0.226525 0.302789 -0.061629
v -0.041532 0.708015 -0.461466
v 0.226525 0.302789 -0.061629
v 0.108732 0.676039 -0.498362
v -0.041532 0.708015 -0.461466
v 0.226525 0.302789 -0.061629
v 0.226525 0.087211 -0.310371
v 0.108732 0.676039 -0.498362
v 0.226525 0.087211 -0.310371
v 0.108732 0.572562 -0.617758
v 0.108732 0.676039 -0.498362
v 0.226525 0.087211 -0.310371
v -0.086525 0.020595 -0.387237
v 0.108732 0.572562 -0.617758
v -0.086525 0.020595 -0.387237
v -0.041532 0.540585 -0.654654
v 0.108732 0.572562 -0.617758
v -0.086525 0.020595 -0.387237
v -0.280000 0.195000 -0.186000
v -0.041532 0.540585 -0.654654
v -0.280000 0.195000 -0.186000
v -0.134400 0.624300 -0.558060
v -0.041532 0.540585 -0.654654
v -0.134400 0.624300 -0.558060
v -0.041532 0.708015 -0.461466
v -0.009000 1.005000 -0.888000
v -0.041532 0.708015 -0.461466
v -0.002781 1.010606 -0.881532
v -0.009000 1.005000 -0.888000
v -0.041532 0.708015 -0.461466
v 0.108732 0.676039 -0.498362
v -0.002781 1.010606 -0.881532
v 0.108732 0.676039 -0.498362
v 0.007281 1.008465 -0.884002
v -0.002781 1.010606 -0.881532
v 0.108732 0.676039 -0.498362
v 0.108732 0.572562 -0.617758
v 0.007281 1.008465 -0.884002
v 0.108732 0.572562 -0.617758
v 0.007281 1.001535 -0.891998
v 0.007281 1.008465 -0.884002
v 0.108732 0.572562 -0.617758
v -0.041532 0.540585 -0.654654
v 0.007281 1.001535 -0.891998
v -0.041532 0.540585 -0.654654
v -0.002781 0.999394 -0.894468
v 0.007281 1.001535 -0.891998
v -0.041532 0.540585 -0.654654
v -0.134400 0.624300 -0.558060
v -0.002781 0.999394 -0.894468
v -0.134400 0.624300 -0.558060
v -0.009000 1.005000 -0.888000
v -0.002781 0.999394 -0.894468
v -0.280000 0.195000 -0.186000
v 0.226525 0.302789 -0.061629
v -0.086525 0.369405 0.015237
v -0.009000 1.005000 -0.888000
v -0.002781 1.010606 -0.881532
v 0.007281 1.008465 -0.884002
v -0.280000 0.195000 -0.186000
v 0.226525 0.087211 -0.310371
v 0.226525 0.302789 -0.061629
v -0.009000 1.005000 -0.888000
v 0.007281 1.008465 -0.884002
v 0.007281 1.001535 -0.891998
v -0.280000 0.195000 -0.186000
v -0.086525 0.020595 -0.387237
v 0.226525 0.087211 -0.310371
v -0.009000 1.005000 -0.888000
v 0.007281 1.001535 -0.891998
v -0.002781 0.999394 -0.894468
v 0.000000 0.035000 0.921600
v -0.253822 0.010242 0.921600
v -0.205346 0.010242 0.972606
v 0.000000 0.035000 0.921600
v -0.205346 0.010242 0.972606
v -0.078435 0.010242 1.004130
v 0.000000 0.035000 0.921600
v -0.078435 0.010242 1.004130
v 0.078435 0.010242 1.004130
v 0.000000 0.035000 0.921600
v 0.078435 0.010242 1.004130
v 0.205346 0.010242 0.972606
v 0.000000 0.035000 0.921600
v 0.205346 0.010242 0.972606
v 0.253822 0.010242 0.921600
v 0.000000 0.035000 0.921600
v 0.253822 0.010242 0.921600
v 0.205346 0.010242 0.870594
v 0.000000 0.035000 0.921600
v 0.205346 0.010242 0.870594
v 0.078435 0.010242 0.839070
v 0.000000 0.035000 0.921600
v 0.078435 0.010242 0.839070
v -0.078435 0.010242 0.839070
v 0.000000 0.035000 0.921600
v -0.078435 0.010242 0.839070
v -0.205346 0.010242 0.870594
v 0.000000 0.035000 0.921600
v -0.205346 0.010242 0.870594
v -0.253822 0.010242 0.921600
v -0.205346 0.010242 0.972606
v -0.253822 0.010242 0.921600
v -0.370021 -0.059128 1.013510
v -0.253822 0.010242 0.921600
v -0.457371 -0.059128 0.921600
v -0.370021 -0.059128 1.013510
v -0.078435 0.010242 1.004130
v -0.205346 0.010242 0.972606
v -0.141336 -0.059128 1.070313
v -0.205346 0.010242 0.972606
v -0.370021 -0.059128 1.013510
v -0.141336 -0.059128 1.070313
v 0.078435 0.010242 1.004130
v -0.078435 0.010242 1.004130
v 0.141336 -0.059128 1.070313
v -0.078435 0.010242 1.004130
v -0.141336 -0.059128 1.070313
v 0.141336 -0.059128 1.070313
v 0.205346 0.010242 0.972606
v 0.078435 0.010242 1.004130
v 0.370021 -0.059128 1.013510
v 0.078435 0.010242 1.004130
v 0.141336 -0.059128 1.070313
v 0.370021 -0.059128 1.013510
v 0.253822 0.010242 0.921600
v 0.205346 0.010242 0.972606
v 0.457371 -0.059128 0.921600
v 0.205346 0.010242 0.972606
v 0.370021 -0.059128 1.013510
v 0.457371 -0.059128 0.921600
v 0.205346 0.010242 0.870594
v 0.253822 0.010242 0.921600
v 0.370021 -0.059128 0.829690
v 0.253822 0.010242 0.921600
v 0.457371 -0.059128 0.921600
v 0.370021 -0.059128 0.829690
v 0.078435 0.010242 0.839070
v 0.205346 0.010242 0.870594
v 0.141336 -0.059128 0.772887
v 0.205346 0.010242 0.870594
v 0.370021 -0.059128 0.829690
v 0.141336 -0.059128 0.772887
v -0.078435 0.010242 0.839070
v 0.078435 0.010242 0.839070
v -0.141336 -0.059128 0.772887
v 0.078435 0.010242 0.839070
v 0.141336 -0.059128 0.772887
v -0.141336 -0.059128 0.772887
v -0.205346 0.010242 0.870594
v -0.078435 0.010242 0.839070
v -0.370021 -0.059128 0.829690
v -0.078435 0.010242 0.839070
v -0.141336 -0.059128 0.772887
v -0.370021 -0.059128 0.829690
v -0.253822 0.010242 0.921600
v -0.205346 0.010242 0.870594
v -0.457371 -0.059128 0.921600
v -0.205346 0.010242 0.870594
v -0.370021 -0.059128 0.829690
v -0.457371 -0.059128 0.921600
v -0.370021 -0.059128 1.013510
v -0.457371 -0.059128 0.921600
v -0.461409 -0.159370 1.036210
v -0.457371 -0.059128 0.921600
v -0.570333 -0.159370 0.921600
v -0.461409 -0.159370 1.036210
v -0.141336 -0.059128 1.070313
v -0.370021 -0.059128 1.013510
v -0.176243 -0.159370 1.107042
v -0.370021 -0.059128 1.013510
v -0.461409 -0.159370 1.036210
v -0.176243 -0.159370 1.107042
v 0.141336 -0.059128 1.070313
v -0.141336 -0.059128 1.070313
v 0.176243 -0.159370 1.107042
v -0.141336 -0.059128 1.070313
v -0.176243 -0.159370 1.107042
v 0.176243 -0.159370 1.107042
v 0.370021 -0.059128 1.013510
v 0.141336 -0.059128 1.070313
v 0.461409 -0.159370 1.036210
v 0.141336 -0.059128 1.070313
v 0.176243 -0.159370 1.107042
v 0.461409 -0.159370 1.036210
v 0.457371 -0.059128 0.921600
v 0.370021 -0.059128 1.013510
v 0.570333 -0.159370 0.921600
v 0.370021 -0.059128 1.013510
v 0.461409 -0.159370 1.036210
v 0.570333 -0.159370 0.921600
v 0.370021 -0.059128 0.829690
v 0.457371 -0.059128 0.921600
v 0.461409 -0.159370 0.806990
v 0.457371 -0.059128 0.921600
v 0.570333 -0.159370 0.921600
v 0.461409 -0.159370 0.806990
v 0.141336 -0.059128 0.772887
v 0.370021 -0.059128 0.829690
v 0.176243 -0.159370 0.736158
v 0.370021 -0.059128 0.829690
v 0.461409 -0.159370 0.806990
v 0.176243 -0.159370 0.736158
v -0.141336 -0.059128 0.772887
v 0.141336 -0.059128 0.772887
v -0.176243 -0.159370 0.736158
v 0.141336 -0.059128 0.772887
v 0.176243 -0.159370 0.736158
v -0.176243 -0.159370 0.736158
v -0.370021 -0.059128 0.829690
v -0.141336 -0.059128 0.772887
v -0.461409 -0.159370 0.806990
v -0.141336 -0.059128 0.772887
v -0.176243 -0.159370 0.736158
v -0.461409 -0.159370 0.806990
v -0.457371 -0.059128 0.921600
v -0.370021 -0.059128 0.829690
v -0.570333 -0.159370 0.921600
v -0.370021 -0.059128 0.829690
v -0.461409 -0.159370 0.806990
v -0.570333 -0.159370 0.921600
v -0.461409 -0.159370 1.036210
v -0.570333 -0.159370 0.921600
v -0.461409 -0.270630 1.036210
v -0.570333 -0.159370 0.921600
v -0.570333 -0.270630 0.921600
v -0.461409 -0.270630 1.036210
v -0.176243 -0.159370 1.107042
v -0.461409 -0.159370 1.036210
v -0.176243 -0.270630 1.107042
v -0.461409 -0.159370 1.036210
v -0.461409 -0.270630 1.036210
v -0.176243 -0.270630 1.107042
v 0.176243 -0.159370 1.107042
v -0.176243 -0.159370 1.107042
v 0.176243 -0.270630 1.107042
v -0.176243 -0.159370 1.107042
v -0.176243 -0.270630 1.107042
v 0.176243 -0.270630 1.107042
v 0.461409 -0.159370 1.036210
v 0.176243 -0.159370 1.107042
v 0.461409 -0.270630 1.036210
v 0.176243 -0.159370 1.107042
v 0.176243 -0.270630 1.107042
v 0.461409 -0.270630 1.036210
v 0.570333 -0.159370 0.921600
v 0.461409 -0.159370 1.036210
v 0.570333 -0.270630 0.921600
v 0.461409 -0.159370 1.036210
v 0.461409 -0.270630 1.036210
v 0.570333 -0.270630 0.921600
v 0.461409 -0.159370 0.806990
v 0.570333 -0.159370 0.921600
v 0.461409 -0.270630 0.806990
v 0.570333 -0.159370 0.921600
v 0.570333 -0.270630 0.921600
v 0.461409 -0.270630 0.806990
v 0.176243 -0.159370 0.736158
v 0.461409 -0.159370 0.806990
v 0.176243 -0.270630 0.736158
v 0.461409 -0.159370 0.806990
v 0.461409 -0.270630 0.806990
v 0.176243 -0.270630 0.736158
v -0.176243 -0.159370 0.736158
v 0.176243 -0.159370 0.736158
v -0.176243 -0.270630 0.736158
v 0.176243 -0.159370 0.736158
v 0.176243 -0.270630 0.736158
v -0.176243 -0.270630 0.736158
v -0.461409 -0.159370 0.806990
v -0.176243 -0.159370 0.736158
v -0.461409 -0.270630 0.806990
v -0.176243 -0.159370 0.736158
v -0.176243 -0.270630 0.736158
v -0.461409 -0.270630 0.806990
v -0.570333 -0.159370 0.921600
v -0.461409 -0.159370 0.806990
v -0.570333 -0.270630 0.921600
v -0.461409 -0.159370 0.806990
v -0.461409 -0.270630 0.806990
v -0.570333 -0.270630 0.921600
v -0.461409 -0.270630 1.036210
v -0.570333 -0.270630 0.921600
v -0.370021 -0.370872 1.013510
v -0.570333 -0.270630 0.921600
v -0.457371 -0.370872 0.921600
v -0.370021 -0.370872 1.013510
v -0.176243 -0.270630 1.107042
v -0.461409 -0.270630 1.036210
v -0.141336 -0.370872 1.070313
v -0.461409 -0.270630 1.036210
v -0.370021 -0.370872 1.013510
v -0.141336 -0.370872 1.070313
v 0.176243 -0.270630 1.107042
v -0.176243 -0.270630 1.107042
v 0.141336 -0.370872 1.070313
v -0.176243 -0.270630 1.107042
v -0.141336 -0.370872 1.070313
v 0.141336 -0.370872 1.070313
v 0.461409 -0.270630 1.036210
v 0.176243 -0.270630 1.107042
v 0.370021 -0.370872 1.013510
v 0.176243 -0.270630 1.107042
v 0.141336 -0.370872 1.070313
v 0.370021 -0.370872 1.013510
v 0.570333 -0.270630 0.921600
v 0.461409 -0.270630 1.036210
v 0.457371 -0.370872 0.921600
v 0.461409 -0.270630 1.036210
v 0.370021 -0.370872 1.013510
v 0.457371 -0.370872 0.921600
v 0.461409 -0.270630 0.806990
v 0.570333 -0.270630 0.921600
v 0.370021 -0.370872 0.829690
v 0.570333 -0.270630 0.921600
v 0.457371 -0.370872 0.921600
v 0.370021 -0.370872 0.829690
v 0.176243 -0.270630 0.736158
v 0.461409 -0.270630 0.806990
v 0.141336 -0.370872 0.772887
v 0.461409 -0.270630 0.806990
v 0.370021 -0.370872 0.829690
v 0.141336 -0.370872 0.772887
v -0.176243 -0.270630 0.736158
v 0.176243 -0.270630 0.736158
v -0.141336 -0.370872 0.772887
v 0.176243 -0.270630 0.736158
v 0.141336 -0.370872 0.772887
v -0.141336 -0.370872 0.772887
v -0.461409 -0.270630 0.806990
v -0.176243 -0.270630 0.736158
v -0.370021 -0.370872 0.829690
v -0.176243 -0.270630 0.736158
v -0.141336 -0.370872 0.772887
v -0.370021 -0.370872 0.829690
v -0.570333 -0.270630 0.921600
v -0.461409 -0.270630 0.806990
v -0.457371 -0.370872 0.921600
v -0.461409 -0.270630 0.806990
v -0.370021 -0.370872 0.829690
v -0.457371 -0.370872 0.921600
v -0.370021 -0.370872 1.013510
v -0.457371 -0.370872 0.921600
v -0.205346 -0.440242 0.972606
v -0.457371 -0.370872 0.921600
v -0.253822 -0.440242 0.921600
v -0.205346 -0.440242 0.972606
v -0.141336 -0.370872 1.070313
v -0.370021 -0.370872 1.013510
v -0.078435 -0.440242 1.004130
v -0.370021 -0.370872 1.013510
v -0.205346 -0.440242 0.972606
v -0.078435 -0.440242 1.004130
v 0.141336 -0.370872 1.070313
v -0.141336 -0.370872 1.070313
v 0.078435 -0.440242 1.004130
v -0.141336 -0.370872 1.070313
v -0.078435 -0.440242 1.004130
v 0.078435 -0.440242 1.004130
v 0.370021 -0.370872 1.013510
v 0.141336 -0.370872 1.070313
v 0.205346 -0.440242 0.972606
v 0.141336 -0.370872 1.070313
v 0.078435 -0.440242 1.004130
v 0.205346 -0.440242 0.972606
v 0.457371 -0.370872 0.921600
v 0.370021 -0.370872 1.013510
v 0.253822 -0.440242 0.921600
v 0.370021 -0.370872 1.013510
v 0.205346 -0.440242 0.972606
v 0.253822 -0.440242 0.921600
v 0.370021 -0.370872 0.829690
v 0.457371 -0.370872 0.921600
v 0.205346 -0.440242 0.870594
v 0.457371 -0.370872 0.921600
v 0.253822 -0.440242 0.921600
v 0.205346 -0.440242 0.870594
v 0.141336 -0.370872 0.772887
v 0.370021 -0.370872 0.829690
v 0.078435 -0.440242 0.839070
v 0.370021 -0.370872 0.829690
v 0.205346 -0.440242 0.870594
v 0.078435 -0.440242 0.839070
v -0.141336 -0.370872 0.772887
v 0.141336 -0.370872 0.772887
v -0.078435 -0.440242 0.839070
v 0.141336 -0.370872 0.772887
v 0.078435 -0.440242 0.839070
v -0.078435 -0.440242 0.839070
v -0.370021 -0.370872 0.829690
v -0.141336 -0.370872 0.772887
v -0.205346 -0.440242 0.870594
v -0.141336 -0.370872 0.772887
v -0.078435 -0.440242 0.839070
v -0.205346 -0.440242 0.870594
v -0.457371 -0.370872 0.921600
v -0.370021 -0.370872 0.829690
v -0.253822 -0.440242 0.921600
v -0.370021 -0.370872 0.829690
v -0.205346 -0.440242 0.870594
v -0.253822 -0.440242 0.921600
v -0.205346 -0.440242 0.972606
v -0.253822 -0.440242 0.921600
v -0.000000 -0.465000 0.921600
v -0.078435 -0.440242 1.004130
v -0.205346 -0.440242 0.972606
v -0.000000 -0.465000 0.921600
v 0.078435 -0.440242 1.004130
v -0.078435 -0.440242 1.004130
v 0.000000 -0.465000 0.921600
v 0.205346 -0.440242 0.972606
v 0.078435 -0.440242 1.004130
v 0.000000 -0.465000 0.921600
v 0.253822 -0.440242 0.921600
v 0.205346 -0.440242 0.972606
v 0.000000 -0.465000 0.921600
v 0.205346 -0.440242 0.870594
v 0.253822 -0.440242 0.921600
v 0.000000 -0.465000 0.921600
v 0.078435 -0.440242 0.839070
v 0.205346 -0.440242 0.870594
v 0.000000 -0.465000 0.921600
v -0.078435 -0.440242 0.839070
v 0.078435 -0.440242 0.839070
v -0.000000 -0.465000 0.921600
v -0.205346 -0.440242 0.870594
v -0.078435 -0.440242 0.839070
v -0.000000 -0.465000 0.921600
v -0.253822 -0.440242 0.921600
v -0.205346 -0.440242 0.870594
v -0.000000 -0.465000 0.921600
v -0.757274 0.215000 0.503501
v -0.812449 0.256007 0.541944
v -0.784702 0.045000 0.630000
v -0.812449 0.256007 0.541944
v -0.830997 0.057163 0.692549
v -0.784702 0.045000 0.630000
v -0.812449 0.256007 0.541944
v -0.882066 0.240344 0.508602
v -0.830997 0.057163 0.692549
v -0.882066 0.240344 0.508602
v -0.905906 0.052517 0.668658
v -0.830997 0.057163 0.692549
v -0.882066 0.240344 0.508602
v -0.869918 0.189657 0.449553
v -0.905906 0.052517 0.668658
v -0.869918 0.189657 0.449553
v -0.905906 0.037483 0.591342
v -0.905906 0.052517 0.668658
v -0.869918 0.189657 0.449553
v -0.792793 0.173993 0.446400
v -0.905906 0.037483 0.591342
v -0.792793 0.173993 0.446400
v -0.830997 0.032838 0.567451
v -0.905906 0.037483 0.591342
v -0.792793 0.173993 0.446400
v -0.757274 0.215000 0.503501
v -0.830997 0.032838 0.567451
v -0.757274 0.215000 0.503501
v -0.784702 0.045000 0.630000
v -0.830997 0.032838 0.567451
v -0.784702 0.045000 0.630000
v -0.830997 0.057163 0.692549
v -0.764469 -0.145000 0.527216
v -0.830997 0.057163 0.692549
v -0.775511 -0.123397 0.602149
v -0.764469 -0.145000 0.527216
v -0.830997 0.057163 0.692549
v -0.905906 0.052517 0.668658
v -0.775511 -0.123397 0.602149
v -0.905906 0.052517 0.668658
v -0.852043 -0.131648 0.618834
v -0.775511 -0.123397 0.602149
v -0.905906 0.052517 0.668658
v -0.905906 0.037483 0.591342
v -0.852043 -0.131648 0.618834
v -0.905906 0.037483 0.591342
v -0.888301 -0.158352 0.554212
v -0.852043 -0.131648 0.618834
v -0.905906 0.037483 0.591342
v -0.830997 0.032838 0.567451
v -0.888301 -0.158352 0.554212
v -0.830997 0.032838 0.567451
v -0.834177 -0.166603 0.497589
v -0.888301 -0.158352 0.554212
v -0.830997 0.032838 0.567451
v -0.784702 0.045000 0.630000
v -0.834177 -0.166603 0.497589
v -0.784702 0.045000 0.630000
v -0.764469 -0.145000 0.527216
v -0.834177 -0.166603 0.497589
v -0.764469 -0.145000 0.527216
v -0.775511 -0.123397 0.602149
v -0.724077 -0.305000 0.727948
v -0.775511 -0.123397 0.602149
v -0.762073 -0.257031 0.777535
v -0.724077 -0.305000 0.727948
v -0.775511 -0.123397 0.602149
v -0.852043 -0.131648 0.618834
v -0.762073 -0.257031 0.777535
v -0.852043 -0.131648 0.618834
v -0.838641 -0.275353 0.775250
v -0.762073 -0.257031 0.777535
v -0.852043 -0.131648 0.618834
v -0.888301 -0.158352 0.554212
v -0.838641 -0.275353 0.775250
v -0.888301 -0.158352 0.554212
v -0.847967 -0.334647 0.724251
v -0.838641 -0.275353 0.775250
v -0.888301 -0.158352 0.554212
v -0.834177 -0.166603 0.497589
v -0.847967 -0.334647 0.724251
v -0.834177 -0.166603 0.497589
v -0.777163 -0.352969 0.695016
v -0.847967 -0.334647 0.724251
v -0.834177 -0.166603 0.497589
v -0.764469 -0.145000 0.527216
v -0.777163 -0.352969 0.695016
v -0.764469 -0.145000 0.527216
v -0.724077 -0.305000 0.727948
v -0.777163 -0.352969 0.695016
v -0.757274 0.215000 0.503501
v -0.882066 0.240344 0.508602
v -0.812449 0.256007 0.541944
v -0.724077 -0.305000 0.727948
v -0.762073 -0.257031 0.777535
v -0.838641 -0.275353 0.775250
v -0.757274 0.215000 0.503501
v -0.869918 0.189657 0.449553
v -0.882066 0.240344 0.508602
v -0.724077 -0.305000 0.727948
v -0.838641 -0.275353 0.775250
v -0.847967 -0.334647 0.724251
v -0.757274 0.215000 0.503501
v -0.792793 0.173993 0.446400
v -0.869918 0.189657 0.449553
v -0.724077 -0.305000 0.727948
v -0.847967 -0.334647 0.724251
v -0.777163 -0.352969 0.695016
v -0.894613 0.045000 0.632759
v -0.865813 0.083683 0.617610
v -0.915185 -0.065000 0.312759
v -0.865813 0.083683 0.617610
v -0.886386 -0.026317 0.297610
v -0.915185 -0.065000 0.312759
v -0.865813 0.083683 0.617610
v -0.817512 0.068907 0.619584
v -0.886386 -0.026317 0.297610
v -0.817512 0.068907 0.619584
v -0.838084 -0.041093 0.299584
v -0.886386 -0.026317 0.297610
v -0.817512 0.068907 0.619584
v -0.816459 0.021093 0.635952
v -0.838084 -0.041093 0.299584
v -0.816459 0.021093 0.635952
v -0.837032 -0.088907 0.315952
v -0.838084 -0.041093 0.299584
v -0.816459 0.021093 0.635952
v -0.864111 0.006317 0.644095
v -0.837032 -0.088907 0.315952
v -0.864111 0.006317 0.644095
v -0.884683 -0.103683 0.324095
v -0.837032 -0.088907 0.315952
v -0.864111 0.006317 0.644095
v -0.894613 0.045000 0.632759
v -0.884683 -0.103683 0.324095
v -0.894613 0.045000 0.632759
v -0.915185 -0.065000 0.312759
v -0.884683 -0.103683 0.324095
v -0.894613 0.045000 0.632759
v -0.817512 0.068907 0.619584
v -0.865813 0.083683 0.617610
v -0.915185 -0.065000 0.312759
v -0.886386 -0.026317 0.297610
v -0.838084 -0.041093 0.299584
v -0.894613 0.045000 0.632759
v -0.816459 0.021093 0.635952
v -0.817512 0.068907 0.619584
v -0.915185 -0.065000 0.312759
v -0.838084 -0.041093 0.299584
v -0.837032 -0.088907 0.315952
v -0.894613 0.045000 0.632759
v -0.864111 0.006317 0.644095
v -0.816459 0.021093 0.635952
v -0.915185 -0.065000 0.312759
v -0.837032 -0.088907 0.315952
v -0.884683 -0.103683 0.324095
v 0.888526 0.215000 0.476499
v 0.853007 0.256007 0.533600
v 0.918702 0.045000 0.630000
v 0.853007 0.256007 0.533600
v 0.872406 0.057163 0.692549
v 0.918702 0.045000 0.630000
v 0.853007 0.256007 0.533600
v 0.775882 0.240344 0.530447
v 0.872406 0.057163 0.692549
v 0.775882 0.240344 0.530447
v 0.797497 0.052517 0.668658
v 0.872406 0.057163 0.692549
v 0.775882 0.240344 0.530447
v 0.763734 0.189657 0.471398
v 0.797497 0.052517 0.668658
v 0.763734 0.189657 0.471398
v 0.797497 0.037483 0.591342
v 0.797497 0.052517 0.668658
v 0.763734 0.189657 0.471398
v 0.833351 0.173993 0.438056
v 0.797497 0.037483 0.591342
v 0.833351 0.173993 0.438056
v 0.872406 0.032838 0.567451
v 0.797497 0.037483 0.591342
v 0.833351 0.173993 0.438056
v 0.888526 0.215000 0.476499
v 0.872406 0.032838 0.567451
v 0.888526 0.215000 0.476499
v 0.918702 0.045000 0.630000
v 0.872406 0.032838 0.567451
v 0.918702 0.045000 0.630000
v 0.872406 0.057163 0.692549
v 0.881331 -0.145000 0.592784
v 0.872406 0.057163 0.692549
v 0.811623 -0.123397 0.622411
v 0.881331 -0.145000 0.592784
v 0.872406 0.057163 0.692549
v 0.797497 0.052517 0.668658
v 0.811623 -0.123397 0.622411
v 0.797497 0.052517 0.668658
v 0.757499 -0.131648 0.565788
v 0.811623 -0.123397 0.622411
v 0.797497 0.052517 0.668658
v 0.797497 0.037483 0.591342
v 0.757499 -0.131648 0.565788
v 0.797497 0.037483 0.591342
v 0.793757 -0.158352 0.501166
v 0.757499 -0.131648 0.565788
v 0.797497 0.037483 0.591342
v 0.872406 0.032838 0.567451
v 0.793757 -0.158352 0.501166
v 0.872406 0.032838 0.567451
v 0.870289 -0.166603 0.517851
v 0.793757 -0.158352 0.501166
v 0.872406 0.032838 0.567451
v 0.918702 0.045000 0.630000
v 0.870289 -0.166603 0.517851
v 0.918702 0.045000 0.630000
v 0.881331 -0.145000 0.592784
v 0.870289 -0.166603 0.517851
v 0.881331 -0.145000 0.592784
v 0.811623 -0.123397 0.622411
v 0.855891 -0.305000 0.752052
v 0.811623 -0.123397 0.622411
v 0.802805 -0.257031 0.784984
v 0.855891 -0.305000 0.752052
v 0.811623 -0.123397 0.622411
v 0.757499 -0.131648 0.565788
v 0.802805 -0.257031 0.784984
v 0.757499 -0.131648 0.565788
v 0.732001 -0.275353 0.755749
v 0.802805 -0.257031 0.784984
v 0.757499 -0.131648 0.565788
v 0.793757 -0.158352 0.501166
v 0.732001 -0.275353 0.755749
v 0.793757 -0.158352 0.501166
v 0.741327 -0.334647 0.704750
v 0.732001 -0.275353 0.755749
v 0.793757 -0.158352 0.501166
v 0.870289 -0.166603 0.517851
v 0.741327 -0.334647 0.704750
v 0.870289 -0.166603 0.517851
v 0.817895 -0.352969 0.702465
v 0.741327 -0.334647 0.704750
v 0.870289 -0.166603 0.517851
v 0.881331 -0.145000 0.592784
v 0.817895 -0.352969 0.702465
v 0.881331 -0.145000 0.592784
v 0.855891 -0.305000 0.752052
v 0.817895 -0.352969 0.702465
v 0.888526 0.215000 0.476499
v 0.775882 0.240344 0.530447
v 0.853007 0.256007 0.533600
v 0.855891 -0.305000 0.752052
v 0.802805 -0.257031 0.784984
v 0.732001 -0.275353 0.755749
v 0.888526 0.215000 0.476499
v 0.763734 0.189657 0.471398
v 0.775882 0.240344 0.530447
v 0.855891 -0.305000 0.752052
v 0.732001 -0.275353 0.755749
v 0.741327 -0.334647 0.704750
v 0.888526 0.215000 0.476499
v 0.833351 0.173993 0.438056
v 0.763734 0.189657 0.471398
v 0.855891 -0.305000 0.752052
v 0.741327 -0.334647 0.704750
v 0.817895 -0.352969 0.702465
v 0.808790 0.045000 0.627241
v 0.839292 0.083683 0.615905
v 0.829363 -0.065000 0.307241
v 0.839292 0.083683 0.615905
v 0.859865 -0.026317 0.295905
v 0.829363 -0.065000 0.307241
v 0.839292 0.083683 0.615905
v 0.886944 0.068907 0.624048
v 0.859865 -0.026317 0.295905
v 0.886944 0.068907 0.624048
v 0.907516 -0.041093 0.304048
v 0.859865 -0.026317 0.295905
v 0.886944 0.068907 0.624048
v 0.885891 0.021093 0.640416
v 0.907516 -0.041093 0.304048
v 0.885891 0.021093 0.640416
v 0.906464 -0.088907 0.320416
v 0.907516 -0.041093 0.304048
v 0.885891 0.021093 0.640416
v 0.837590 0.006317 0.642390
v 0.906464 -0.088907 0.320416
v 0.837590 0.006317 0.642390
v 0.858162 -0.103683 0.322390
v 0.906464 -0.088907 0.320416
v 0.837590 0.006317 0.642390
v 0.808790 0.045000 0.627241
v 0.858162 -0.103683 0.322390
v 0.808790 0.045000 0.627241
v 0.829363 -0.065000 0.307241
v 0.858162 -0.103683 0.322390
v 0.808790 0.045000 0.627241
v 0.886944 0.068907 0.624048
v 0.839292 0.083683 0.615905
v 0.829363 -0.065000 0.307241
v 0.859865 -0.026317 0.295905
v 0.907516 -0.041093 0.304048
v 0.808790 0.045000 0.627241
v 0.885891 0.021093 0.640416
v 0.886944 0.068907 0.624048
v 0.829363 -0.065000 0.307241
v 0.907516 -0.041093 0.304048
v 0.906464 -0.088907 0.320416
v 0.808790 0.045000 0.627241
v 0.837590 0.006317 0.642390
v 0.885891 0.021093 0.640416
v 0.829363 -0.065000 0.307241
v 0.906464 -0.088907 0.320416
v 0.858162 -0.103683 0.322390
v -0.364453 -0.155000 1.055607
v -0.355752 -0.121154 1.083433
v 0.000000 -0.295000 1.109800
v -0.355752 -0.121154 1.083433
v 0.000000 -0.258860 1.136057
v 0.000000 -0.295000 1.109800
v -0.355752 -0.121154 1.083433
v -0.366742 -0.134082 1.124756
v 0.000000 -0.258860 1.136057
v -0.366742 -0.134082 1.124756
v 0.000000 -0.272664 1.178543
v 0.000000 -0.258860 1.136057
v -0.366742 -0.134082 1.124756
v -0.382234 -0.175918 1.122470
v 0.000000 -0.272664 1.178543
v -0.382234 -0.175918 1.122470
v 0.000000 -0.317336 1.178543
v 0.000000 -0.272664 1.178543
v -0.382234 -0.175918 1.122470
v -0.380820 -0.188847 1.079734
v 0.000000 -0.317336 1.178543
v -0.380820 -0.188847 1.079734
v 0.000000 -0.331140 1.136057
v 0.000000 -0.317336 1.178543
v -0.380820 -0.188847 1.079734
v -0.364453 -0.155000 1.055607
v 0.000000 -0.331140 1.136057
v -0.364453 -0.155000 1.055607
v 0.000000 -0.295000 1.109800
v 0.000000 -0.331140 1.136057
v 0.000000 -0.295000 1.109800
v 0.000000 -0.258860 1.136057
v 0.364453 -0.155000 1.055607
v 0.000000 -0.258860 1.136057
v 0.355752 -0.121154 1.083433
v 0.364453 -0.155000 1.055607
v 0.000000 -0.258860 1.136057
v 0.000000 -0.272664 1.178543
v 0.355752 -0.121154 1.083433
v 0.000000 -0.272664 1.178543
v 0.366742 -0.134082 1.124756
v 0.355752 -0.121154 1.083433
v 0.000000 -0.272664 1.178543
v 0.000000 -0.317336 1.178543
v 0.366742 -0.134082 1.124756
v 0.000000 -0.317336 1.178543
v 0.382234 -0.175918 1.122470
v 0.366742 -0.134082 1.124756
v 0.000000 -0.317336 1.178543
v 0.000000 -0.331140 1.136057
v 0.382234 -0.175918 1.122470
v 0.000000 -0.331140 1.136057
v 0.380820 -0.188847 1.079734
v 0.382234 -0.175918 1.122470
v 0.000000 -0.331140 1.136057
v 0.000000 -0.295000 1.109800
v 0.380820 -0.188847 1.079734
v 0.000000 -0.295000 1.109800
v 0.364453 -0.155000 1.055607
v 0.380820 -0.188847 1.079734
v -0.364453 -0.155000 1.055607
v -0.366742 -0.134082 1.124756
v -0.355752 -0.121154 1.083433
v 0.364453 -0.155000 1.055607
v 0.355752 -0.121154 1.083433
v 0.366742 -0.134082 1.124756
v -0.364453 -0.155000 1.055607
v -0.382234 -0.175918 1.122470
v -0.366742 -0.134082 1.124756
v 0.364453 -0.155000 1.055607
v 0.366742 -0.134082 1.124756
v 0.382234 -0.175918 1.122470
v -0.364453 -0.155000 1.055607
v -0.380820 -0.188847 1.079734
v -0.382234 -0.175918 1.122470
v 0.364453 -0.155000 1.055607
v 0.382234 -0.175918 1.122470
v 0.380820 -0.188847 1.079734
v -0.799275 0.225000 0.508860
v -0.826620 0.240522 0.522083
v -0.827582 0.055000 0.644000
v -0.826620 0.240522 0.522083
v -0.851701 0.059604 0.667677
v -0.827582 0.055000 0.644000
v -0.826620 0.240522 0.522083
v -0.846525 0.225000 0.499140
v -0.851701 0.059604 0.667677
v -0.846525 0.225000 0.499140
v -0.875821 0.055000 0.644000
v -0.851701 0.059604 0.667677
v -0.846525 0.225000 0.499140
v -0.819180 0.209478 0.485917
v -0.875821 0.055000 0.644000
v -0.819180 0.209478 0.485917
v -0.851701 0.050396 0.620323
v -0.875821 0.055000 0.644000
v -0.819180 0.209478 0.485917
v -0.799275 0.225000 0.508860
v -0.851701 0.050396 0.620323
v -0.799275 0.225000 0.508860
v -0.827582 0.055000 0.644000
v -0.851701 0.050396 0.620323
v -0.827582 0.055000 0.644000
v -0.851701 0.059604 0.667677
v -0.801865 -0.135000 0.562198
v -0.851701 0.059604 0.667677
v -0.811797 -0.126823 0.593789
v -0.801865 -0.135000 0.562198
v -0.851701 0.059604 0.667677
v -0.875821 0.055000 0.644000
v -0.811797 -0.126823 0.593789
v -0.875821 0.055000 0.644000
v -0.843935 -0.135000 0.585802
v -0.811797 -0.126823 0.593789
v -0.875821 0.055000 0.644000
v -0.851701 0.050396 0.620323
v -0.843935 -0.135000 0.585802
v -0.851701 0.050396 0.620323
v -0.834003 -0.143177 0.554211
v -0.843935 -0.135000 0.585802
v -0.851701 0.050396 0.620323
v -0.827582 0.055000 0.644000
v -0.834003 -0.143177 0.554211
v -0.827582 0.055000 0.644000
v -0.801865 -0.135000 0.562198
v -0.834003 -0.143177 0.554211
v -0.801865 -0.135000 0.562198
v -0.811797 -0.126823 0.593789
v -0.766257 -0.295000 0.749661
v -0.811797 -0.126823 0.593789
v -0.787128 -0.276842 0.769618
v -0.766257 -0.295000 0.749661
v -0.811797 -0.126823 0.593789
v -0.843935 -0.135000 0.585802
v -0.787128 -0.276842 0.769618
v -0.843935 -0.135000 0.585802
v -0.813711 -0.295000 0.758339
v -0.787128 -0.276842 0.769618
v -0.843935 -0.135000 0.585802
v -0.834003 -0.143177 0.554211
v -0.813711 -0.295000 0.758339
v -0.834003 -0.143177 0.554211
v -0.792840 -0.313158 0.738382
v -0.813711 -0.295000 0.758339
v -0.834003 -0.143177 0.554211
v -0.801865 -0.135000 0.562198
v -0.792840 -0.313158 0.738382
v -0.801865 -0.135000 0.562198
v -0.766257 -0.295000 0.749661
v -0.792840 -0.313158 0.738382
v -0.799275 0.225000 0.508860
v -0.846525 0.225000 0.499140
v -0.826620 0.240522 0.522083
v -0.766257 -0.295000 0.749661
v -0.787128 -0.276842 0.769618
v -0.813711 -0.295000 0.758339
v -0.799275 0.225000 0.508860
v -0.819180 0.209478 0.485917
v -0.846525 0.225000 0.499140
v -0.766257 -0.295000 0.749661
v -0.813711 -0.295000 0.758339
v -0.792840 -0.313158 0.738382
v -0.867150 0.055000 0.644993
v -0.852024 0.069642 0.638987
v -0.887722 -0.055000 0.324993
v -0.852024 0.069642 0.638987
v -0.872596 -0.040358 0.318987
v -0.887722 -0.055000 0.324993
v -0.852024 0.069642 0.638987
v -0.836253 0.055000 0.643007
v -0.872596 -0.040358 0.318987
v -0.836253 0.055000 0.643007
v -0.856826 -0.055000 0.323007
v -0.872596 -0.040358 0.318987
v -0.836253 0.055000 0.643007
v -0.851379 0.040357 0.649013
v -0.856826 -0.055000 0.323007
v -0.851379 0.040357 0.649013
v -0.871952 -0.069642 0.329013
v -0.856826 -0.055000 0.323007
v -0.851379 0.040357 0.649013
v -0.867150 0.055000 0.644993
v -0.871952 -0.069642 0.329013
v -0.867150 0.055000 0.644993
v -0.887722 -0.055000 0.324993
v -0.871952 -0.069642 0.329013
v -0.867150 0.055000 0.644993
v -0.836253 0.055000 0.643007
v -0.852024 0.069642 0.638987
v -0.887722 -0.055000 0.324993
v -0.872596 -0.040358 0.318987
v -0.856826 -0.055000 0.323007
v -0.867150 0.055000 0.644993
v -0.851379 0.040357 0.649013
v -0.836253 0.055000 0.643007
v -0.887722 -0.055000 0.324993
v -0.856826 -0.055000 0.323007
v -0.871952 -0.069642 0.329013
v 0.846525 0.225000 0.499140
v 0.826620 0.240522 0.522083
v 0.875821 0.055000 0.644000
v 0.826620 0.240522 0.522083
v 0.851701 0.059604 0.667677
v 0.875821 0.055000 0.644000
v 0.826620 0.240522 0.522083
v 0.799275 0.225000 0.508860
v 0.851701 0.059604 0.667677
v 0.799275 0.225000 0.508860
v 0.827582 0.055000 0.644000
v 0.851701 0.059604 0.667677
v 0.799275 0.225000 0.508860
v 0.819180 0.209478 0.485917
v 0.827582 0.055000 0.644000
v 0.819180 0.209478 0.485917
v 0.851701 0.050396 0.620323
v 0.827582 0.055000 0.644000
v 0.819180 0.209478 0.485917
v 0.846525 0.225000 0.499140
v 0.851701 0.050396 0.620323
v 0.846525 0.225000 0.499140
v 0.875821 0.055000 0.644000
v 0.851701 0.050396 0.620323
v 0.875821 0.055000 0.644000
v 0.851701 0.059604 0.667677
v 0.843935 -0.135000 0.585802
v 0.851701 0.059604 0.667677
v 0.811797 -0.126823 0.593789
v 0.843935 -0.135000 0.585802
v 0.851701 0.059604 0.667677
v 0.827582 0.055000 0.644000
v 0.811797 -0.126823 0.593789
v 0.827582 0.055000 0.644000
v 0.801865 -0.135000 0.562198
v 0.811797 -0.126823 0.593789
v 0.827582 0.055000 0.644000
v 0.851701 0.050396 0.620323
v 0.801865 -0.135000 0.562198
v 0.851701 0.050396 0.620323
v 0.834003 -0.143177 0.554211
v 0.801865 -0.135000 0.562198
v 0.851701 0.050396 0.620323
v 0.875821 0.055000 0.644000
v 0.834003 -0.143177 0.554211
v 0.875821 0.055000 0.644000
v 0.843935 -0.135000 0.585802
v 0.834003 -0.143177 0.554211
v 0.843935 -0.135000 0.585802
v 0.811797 -0.126823 0.593789
v 0.813711 -0.295000 0.758339
v 0.811797 -0.126823 0.593789
v 0.787128 -0.276842 0.769618
v 0.813711 -0.295000 0.758339
v 0.811797 -0.126823 0.593789
v 0.801865 -0.135000 0.562198
v 0.787128 -0.276842 0.769618
v 0.801865 -0.135000 0.562198
v 0.766257 -0.295000 0.749661
v 0.787128 -0.276842 0.769618
v 0.801865 -0.135000 0.562198
v 0.834003 -0.143177 0.554211
v 0.766257 -0.295000 0.749661
v 0.834003 -0.143177 0.554211
v 0.792840 -0.313158 0.738382
v 0.766257 -0.295000 0.749661
v 0.834003 -0.143177 0.554211
v 0.843935 -0.135000 0.585802
v 0.792840 -0.313158 0.738382
v 0.843935 -0.135000 0.585802
v 0.813711 -0.295000 0.758339
v 0.792840 -0.313158 0.738382
v 0.846525 0.225000 0.499140
v 0.799275 0.225000 0.508860
v 0.826620 0.240522 0.522083
v 0.813711 -0.295000 0.758339
v 0.787128 -0.276842 0.769618
v 0.766257 -0.295000 0.749661
v 0.846525 0.225000 0.499140
v 0.819180 0.209478 0.485917
v 0.799275 0.225000 0.508860
v 0.813711 -0.295000 0.758339
v 0.766257 -0.295000 0.749661
v 0.792840 -0.313158 0.738382
v 0.836253 0.055000 0.643007
v 0.852024 0.069642 0.638987
v 0.856826 -0.055000 0.323007
v 0.852024 0.069642 0.638987
v 0.872596 -0.040358 0.318987
v 0.856826 -0.055000 0.323007
v 0.852024 0.069642 0.638987
v 0.867150 0.055000 0.644993
v 0.872596 -0.040358 0.318987
v 0.867150 0.055000 0.644993
v 0.887722 -0.055000 0.324993
v 0.872596 -0.040358 0.318987
v 0.867150 0.055000 0.644993
v 0.851379 0.040357 0.649013
v 0.887722 -0.055000 0.324993
v 0.851379 0.040357 0.649013
v 0.871952 -0.069642 0.329013
v 0.887722 -0.055000 0.324993
v 0.851379 0.040357 0.649013
v 0.836253 0.055000 0.643007
v 0.871952 -0.069642 0.329013
v 0.836253 0.055000 0.643007
v 0.856826 -0.055000 0.323007
v 0.871952 -0.069642 0.329013
v 0.836253 0.055000 0.643007
v 0.867150 0.055000 0.644993
v 0.852024 0.069642 0.638987
v 0.856826 -0.055000 0.323007
v 0.872596 -0.040358 0.318987
v 0.887722 -0.055000 0.324993
v 0.836253 0.055000 0.643007
v 0.851379 0.040357 0.649013
v 0.867150 0.055000 0.644993
v 0.856826 -0.055000 0.323007
v 0.887722 -0.055000 0.324993
v 0.871952 -0.069642 0.329013
v -0.368003 -0.145000 1.093667
v -0.365256 -0.132188 1.107900
v 0.000000 -0.285000 1.148120
v -0.365256 -0.132188 1.107900
v 0.000000 -0.271320 1.161800
v 0.000000 -0.285000 1.148120
v -0.365256 -0.132188 1.107900
v -0.371997 -0.145000 1.120733
v 0.000000 -0.271320 1.161800
v -0.371997 -0.145000 1.120733
v 0.000000 -0.285000 1.175480
v 0.000000 -0.271320 1.161800
v -0.371997 -0.145000 1.120733
v -0.374744 -0.157812 1.106500
v 0.000000 -0.285000 1.175480
v -0.374744 -0.157812 1.106500
v 0.000000 -0.298680 1.161800
v 0.000000 -0.285000 1.175480
v -0.374744 -0.157812 1.106500
v -0.368003 -0.145000 1.093667
v 0.000000 -0.298680 1.161800
v -0.368003 -0.145000 1.093667
v 0.000000 -0.285000 1.148120
v 0.000000 -0.298680 1.161800
v 0.000000 -0.285000 1.148120
v 0.000000 -0.271320 1.161800
v 0.368003 -0.145000 1.093667
v 0.000000 -0.271320 1.161800
v 0.365256 -0.132188 1.107900
v 0.368003 -0.145000 1.093667
v 0.000000 -0.271320 1.161800
v 0.000000 -0.285000 1.175480
v 0.365256 -0.132188 1.107900
v 0.000000 -0.285000 1.175480
v 0.371997 -0.145000 1.120733
v 0.365256 -0.132188 1.107900
v 0.000000 -0.285000 1.175480
v 0.000000 -0.298680 1.161800
v 0.371997 -0.145000 1.120733
v 0.000000 -0.298680 1.161800
v 0.374744 -0.157812 1.106500
v 0.371997 -0.145000 1.120733
v 0.000000 -0.298680 1.161800
v 0.000000 -0.285000 1.148120
v 0.374744 -0.157812 1.106500
v 0.000000 -0.285000 1.148120
v 0.368003 -0.145000 1.093667
v 0.374744 -0.157812 1.106500
v -0.368003 -0.145000 1.093667
v -0.371997 -0.145000 1.120733
v -0.365256 -0.132188 1.107900
v 0.368003 -0.145000 1.093667
v 0.365256 -0.132188 1.107900
v 0.371997 -0.145000 1.120733
v -0.368003 -0.145000 1.093667
v -0.374744 -0.157812 1.106500
v -0.371997 -0.145000 1.120733
v 0.368003 -0.145000 1.093667
v 0.371997 -0.145000 1.120733
v 0.374744 -0.157812 1.106500
vt 0.120000 0.880000
vt 0.213333 0.880000
vt 0.166667 0.786667
vt 0.120000 0.880000
vt 0.213333 0.880000
vt 0.166667 0.786667
vt 0.120000 0.880000
vt 0.213333 0.880000
vt 0.166667 0.786667
vt 0.120000 0.880000
vt 0.213333 0.880000
vt 0.166667 0.786667
vt 0.120000 0.880000
vt 0.213333 0.880000
vt 0.166667 0.786667
vt 0.120000 0.880000
vt 0.213333 0.880000
vt 0.166667 0.786667
vt 0.120000 0.880000
vt 0.213333 0.880000
vt 0.166667 0.786667
vt 0.120000 0.880000
vt 0.213333 0.880000
vt 0.166667 0.786667
vt 0.120000 0.880000
vt 0.213333 0.880000
vt 0.166667 0.786667
vt 0.120000 0.880000
vt 0.213333 0.880000
vt 0.166667 0.786667
vt 0.120000 0.880000
vt 0.213333 0.880000
vt 0.166667 0.786667
vt 0.120000 0.880000
vt 0.213333 0.880000
vt 0.166667 0.786667
vt 0.120000 0.880000
vt 0.213333 0.880000
vt 0.166667 0.786667
vt 0.120000 0.880000
vt 0.213333 0.880000
vt 0.166667 0.786667
vt 0.120000 0.880000
vt 0.213333 0.880000
vt 0.166667 0.786667
vt 0.120000 0.880000
vt 0.213333 0.880000
vt 0.166667 0.786667
vt 0.120000 0.880000
vt 0.213333 0.880000
vt 0.166667 0.786667
vt 0.120000 0.880000
vt 0.213333 0.880000
vt 0.166667 0.786667
vt 0.120000 0.880000
vt 0.213333 0.880000
vt 0.166667 0.786667
vt 0.120000 0.880000
vt 0.213333 0.880000
vt 0.166667 0.786667
vt 0.120000 0.880000
vt 0.213333 0.880000
vt 0.166667 0.786667
vt 0.120000 0.880000
vt 0.213333 0.880000
vt 0.166667 0.786667
vt 0.120000 0.880000
vt 0.213333 0.880000
vt 0.166667 0.786667
vt 0.120000 0.880000
vt 0.213333 0.880000
vt 0.166667 0.786667
vt 0.120000 0.880000
vt 0.213333 0.880000
vt 0.166667 0.786667
vt 0.120000 0.880000
vt 0.213333 0.880000
vt 0.166667 0.786667
vt 0.120000 0.880000
vt 0.213333 0.880000
vt 0.166667 0.786667
vt 0.120000 0.880000
vt 0.213333 0.880000
vt 0.166667 0.786667
vt 0.120000 0.880000
vt 0.213333 0.880000
vt 0.166667 0.786667
vt 0.120000 0.880000
vt 0.213333 0.880000
vt 0.166667 0.786667
vt 0.120000 0.880000
vt 0.213333 0.880000
vt 0.166667 0.786667
vt 0.120000 0.880000
vt 0.213333 0.880000
vt 0.166667 0.786667
vt 0.120000 0.880000
vt 0.213333 0.880000
vt 0.166667 0.786667
vt 0.120000 0.880000
vt 0.213333 0.880000
vt 0.166667 0.786667
vt 0.120000 0.880000
vt 0.213333 0.880000
vt 0.166667 0.786667
vt 0.120000 0.880000
vt 0.213333 0.880000
vt 0.166667 0.786667
vt 0.120000 0.880000
vt 0.213333 0.880000
vt 0.166667 0.786667
vt 0.120000 0.880000
vt 0.213333 0.880000
vt 0.166667 0.786667
vt 0.120000 0.880000
vt 0.213333 0.880000
vt 0.166667 0.786667
vt 0.120000 0.880000
vt 0.213333 0.880000
vt 0.166667 0.786667
vt 0.120000 0.880000
vt 0.213333 0.880000
vt 0.166667 0.786667
vt 0.120000 0.880000
vt 0.213333 0.880000
vt 0.166667 0.786667
vt 0.120000 0.880000
vt 0.213333 0.880000
vt 0.166667 0.786667
vt 0.120000 0.880000
vt 0.213333 0.880000
vt 0.166667 0.786667
vt 0.120000 0.880000
vt 0.213333 0.880000
vt 0.166667 0.786667
vt 0.120000 0.880000
vt 0.213333 0.880000
vt 0.166667 0.786667
vt 0.120000 0.880000
vt 0.213333 0.880000
vt 0.166667 0.786667
vt 0.120000 0.880000
vt 0.213333 0.880000
vt 0.166667 0.786667
vt 0.120000 0.880000
vt 0.213333 0.880000
vt 0.166667 0.786667
vt 0.120000 0.880000
vt 0.213333 0.880000
vt 0.166667 0.786667
vt 0.120000 0.880000
vt 0.213333 0.880000
vt 0.166667 0.786667
vt 0.120000 0.880000
vt 0.213333 0.880000
vt 0.166667 0.786667
vt 0.120000 0.880000
vt 0.213333 0.880000
vt 0.166667 0.786667
vt 0.120000 0.880000
vt 0.213333 0.880000
vt 0.166667 0.786667
vt 0.120000 0.880000
vt 0.213333 0.880000
vt 0.166667 0.786667
vt 0.120000 0.880000
vt 0.213333 0.880000
vt 0.166667 0.786667
vt 0.786667 0.880000
vt 0.880000 0.880000
vt 0.833333 0.786667
vt 0.786667 0.880000
vt 0.880000 0.880000
vt 0.833333 0.786667
vt 0.786667 0.880000
vt 0.880000 0.880000
vt 0.833333 0.786667
vt 0.786667 0.880000
vt 0.880000 0.880000
vt 0.833333 0.786667
vt 0.786667 0.880000
vt 0.880000 0.880000
vt 0.833333 0.786667
vt 0.786667 0.880000
vt 0.880000 0.880000
vt 0.833333 0.786667
vt 0.786667 0.880000
vt 0.880000 0.880000
vt 0.833333 0.786667
vt 0.786667 0.880000
vt 0.880000 0.880000
vt 0.833333 0.786667
vt 0.786667 0.880000
vt 0.880000 0.880000
vt 0.833333 0.786667
vt 0.786667 0.880000
vt 0.880000 0.880000
vt 0.833333 0.786667
vt 0.786667 0.880000
vt 0.880000 0.880000
vt 0.833333 0.786667
vt 0.786667 0.880000
vt 0.880000 0.880000
vt 0.833333 0.786667
vt 0.786667 0.880000
vt 0.880000 0.880000
vt 0.833333 0.786667
vt 0.786667 0.880000
vt 0.880000 0.880000
vt 0.833333 0.786667
vt 0.786667 0.880000
vt 0.880000 0.880000
vt 0.833333 0.786667
vt 0.786667 0.880000
vt 0.880000 0.880000
vt 0.833333 0.786667
vt 0.786667 0.880000
vt 0.880000 0.880000
vt 0.833333 0.786667
vt 0.786667 0.880000
vt 0.880000 0.880000
vt 0.833333 0.786667
vt 0.786667 0.880000
vt 0.880000 0.880000
vt 0.833333 0.786667
vt 0.786667 0.880000
vt 0.880000 0.880000
vt 0.833333 0.786667
vt 0.786667 0.880000
vt 0.880000 0.880000
vt 0.833333 0.786667
vt 0.786667 0.880000
vt 0.880000 0.880000
vt 0.833333 0.786667
vt 0.786667 0.880000
vt 0.880000 0.880000
vt 0.833333 0.786667
vt 0.786667 0.880000
vt 0.880000 0.880000
vt 0.833333 0.786667
vt 0.786667 0.880000
vt 0.880000 0.880000
vt 0.833333 0.786667
vt 0.786667 0.880000
vt 0.880000 0.880000
vt 0.833333 0.786667
vt 0.786667 0.880000
vt 0.880000 0.880000
vt 0.833333 0.786667
vt 0.786667 0.880000
vt 0.880000 0.880000
vt 0.833333 0.786667
vt 0.786667 0.880000
vt 0.880000 0.880000
vt 0.833333 0.786667
vt 0.786667 0.880000
vt 0.880000 0.880000
vt 0.833333 0.786667
vt 0.786667 0.880000
vt 0.880000 0.880000
vt 0.833333 0.786667
vt 0.786667 0.880000
vt 0.880000 0.880000
vt 0.833333 0.786667
vt 0.786667 0.880000
vt 0.880000 0.880000
vt 0.833333 0.786667
vt 0.786667 0.880000
vt 0.880000 0.880000
vt 0.833333 0.786667
vt 0.786667 0.880000
vt 0.880000 0.880000
vt 0.833333 0.786667
vt 0.786667 0.880000
vt 0.880000 0.880000
vt 0.833333 0.786667
vt 0.786667 0.880000
vt 0.880000 0.880000
vt 0.833333 0.786667
vt 0.786667 0.880000
vt 0.880000 0.880000
vt 0.833333 0.786667
vt 0.786667 0.880000
vt 0.880000 0.880000
vt 0.833333 0.786667
vt 0.786667 0.880000
vt 0.880000 0.880000
vt 0.833333 0.786667
vt 0.786667 0.880000
vt 0.880000 0.880000
vt 0.833333 0.786667
vt 0.786667 0.880000
vt 0.880000 0.880000
vt 0.833333 0.786667
vt 0.786667 0.880000
vt 0.880000 0.880000
vt 0.833333 0.786667
vt 0.786667 0.880000
vt 0.880000 0.880000
vt 0.833333 0.786667
vt 0.786667 0.880000
vt 0.880000 0.880000
vt 0.833333 0.786667
vt 0.786667 0.880000
vt 0.880000 0.880000
vt 0.833333 0.786667
vt 0.786667 0.880000
vt 0.880000 0.880000
vt 0.833333 0.786667
vt 0.786667 0.880000
vt 0.880000 0.880000
vt 0.833333 0.786667
vt 0.786667 0.880000
vt 0.880000 0.880000
vt 0.833333 0.786667
vt 0.786667 0.880000
vt 0.880000 0.880000
vt 0.833333 0.786667
vt 0.786667 0.880000
vt 0.880000 0.880000
vt 0.833333 0.786667
vt 0.786667 0.880000
vt 0.880000 0.880000
vt 0.833333 0.786667
vt 0.786667 0.880000
vt 0.880000 0.880000
vt 0.833333 0.786667
vt 0.786667 0.880000
vt 0.880000 0.880000
vt 0.833333 0.786667
vt 0.786667 0.880000
vt 0.880000 0.880000
vt 0.833333 0.786667
vt 0.786667 0.880000
vt 0.880000 0.880000
vt 0.833333 0.786667
vt 0.786667 0.880000
vt 0.880000 0.880000
vt 0.833333 0.786667
vt 0.786667 0.880000
vt 0.880000 0.880000
vt 0.833333 0.786667
vt 0.786667 0.880000
vt 0.880000 0.880000
vt 0.833333 0.786667
vt 0.786667 0.880000
vt 0.880000 0.880000
vt 0.833333 0.786667
vt 0.786667 0.880000
vt 0.880000 0.880000
vt 0.833333 0.786667
vt 0.786667 0.880000
vt 0.880000 0.880000
vt 0.833333 0.786667
vt 0.786667 0.880000
vt 0.880000 0.880000
vt 0.833333 0.786667
vt 0.786667 0.880000
vt 0.880000 0.880000
vt 0.833333 0.786667
vt 0.786667 0.880000
vt 0.880000 0.880000
vt 0.833333 0.786667
vt 0.786667 0.880000
vt 0.880000 0.880000
vt 0.833333 0.786667
vt 0.786667 0.880000
vt 0.880000 0.880000
vt 0.833333 0.786667
vt 0.786667 0.880000
vt 0.880000 0.880000
vt 0.833333 0.786667
vt 0.786667 0.880000
vt 0.880000 0.880000
vt 0.833333 0.786667
vt 0.786667 0.880000
vt 0.880000 0.880000
vt 0.833333 0.786667
vt 0.786667 0.880000
vt 0.880000 0.880000
vt 0.833333 0.786667
vt 0.786667 0.880000
vt 0.880000 0.880000
vt 0.833333 0.786667
vt 0.786667 0.880000
vt 0.880000 0.880000
vt 0.833333 0.786667
vt 0.786667 0.880000
vt 0.880000 0.880000
vt 0.833333 0.786667
vt 0.786667 0.880000
vt 0.880000 0.880000
vt 0.833333 0.786667
vt 0.786667 0.880000
vt 0.880000 0.880000
vt 0.833333 0.786667
vt 0.786667 0.880000
vt 0.880000 0.880000
vt 0.833333 0.786667
vt 0.786667 0.880000
vt 0.880000 0.880000
vt 0.833333 0.786667
vt 0.786667 0.880000
vt 0.880000 0.880000
vt 0.833333 0.786667
vt 0.786667 0.880000
vt 0.880000 0.880000
vt 0.833333 0.786667
vt 0.786667 0.880000
vt 0.880000 0.880000
vt 0.833333 0.786667
vt 0.786667 0.880000
vt 0.880000 0.880000
vt 0.833333 0.786667
vt 0.786667 0.880000
vt 0.880000 0.880000
vt 0.833333 0.786667
vt 0.786667 0.880000
vt 0.880000 0.880000
vt 0.833333 0.786667
vt 0.786667 0.880000
vt 0.880000 0.880000
vt 0.833333 0.786667
vt 0.786667 0.880000
vt 0.880000 0.880000
vt 0.833333 0.786667
vt 0.786667 0.880000
vt 0.880000 0.880000
vt 0.833333 0.786667
vt 0.786667 0.880000
vt 0.880000 0.880000
vt 0.833333 0.786667
vt 0.786667 0.880000
vt 0.880000 0.880000
vt 0.833333 0.786667
vt 0.786667 0.880000
vt 0.880000 0.880000
vt 0.833333 0.786667
vt 0.786667 0.880000
vt 0.880000 0.880000
vt 0.833333 0.786667
vt 0.786667 0.880000
vt 0.880000 0.880000
vt 0.833333 0.786667
vt 0.786667 0.880000
vt 0.880000 0.880000
vt 0.833333 0.786667
vt 0.786667 0.880000
vt 0.880000 0.880000
vt 0.833333 0.786667
vt 0.786667 0.880000
vt 0.880000 0.880000
vt 0.833333 0.786667
vt 0.786667 0.880000
vt 0.880000 0.880000
vt 0.833333 0.786667
vt 0.786667 0.880000
vt 0.880000 0.880000
vt 0.833333 0.786667
vt 0.786667 0.880000
vt 0.880000 0.880000
vt 0.833333 0.786667
vt 0.786667 0.880000
vt 0.880000 0.880000
vt 0.833333 0.786667
vt 0.786667 0.880000
vt 0.880000 0.880000
vt 0.833333 0.786667
vt 0.786667 0.880000
vt 0.880000 0.880000
vt 0.833333 0.786667
vt 0.786667 0.880000
vt 0.880000 0.880000
vt 0.833333 0.786667
vt 0.786667 0.880000
vt 0.880000 0.880000
vt 0.833333 0.786667
vt 0.786667 0.880000
vt 0.880000 0.880000
vt 0.833333 0.786667
vt 0.786667 0.880000
vt 0.880000 0.880000
vt 0.833333 0.786667
vt 0.786667 0.880000
vt 0.880000 0.880000
vt 0.833333 0.786667
vt 0.786667 0.880000
vt 0.880000 0.880000
vt 0.833333 0.786667
vt 0.786667 0.880000
vt 0.880000 0.880000
vt 0.833333 0.786667
vt 0.786667 0.880000
vt 0.880000 0.880000
vt 0.833333 0.786667
vt 0.786667 0.880000
vt 0.880000 0.880000
vt 0.833333 0.786667
vt 0.786667 0.880000
vt 0.880000 0.880000
vt 0.833333 0.786667
vt 0.786667 0.880000
vt 0.880000 0.880000
vt 0.833333 0.786667
vt 0.786667 0.880000
vt 0.880000 0.880000
vt 0.833333 0.786667
vt 0.786667 0.880000
vt 0.880000 0.880000
vt 0.833333 0.786667
vt 0.786667 0.880000
vt 0.880000 0.880000
vt 0.833333 0.786667
vt 0.786667 0.880000
vt 0.880000 0.880000
vt 0.833333 0.786667
vt 0.786667 0.880000
vt 0.880000 0.880000
vt 0.833333 0.786667
vt 0.786667 0.880000
vt 0.880000 0.880000
vt 0.833333 0.786667
vt 0.786667 0.880000
vt 0.880000 0.880000
vt 0.833333 0.786667
vt 0.786667 0.880000
vt 0.880000 0.880000
vt 0.833333 0.786667
vt 0.786667 0.880000
vt 0.880000 0.880000
vt 0.833333 0.786667
vt 0.786667 0.880000
vt 0.880000 0.880000
vt 0.833333 0.786667
vt 0.786667 0.880000
vt 0.880000 0.880000
vt 0.833333 0.786667
vt 0.786667 0.880000
vt 0.880000 0.880000
vt 0.833333 0.786667
vt 0.786667 0.880000
vt 0.880000 0.880000
vt 0.833333 0.786667
vt 0.786667 0.880000
vt 0.880000 0.880000
vt 0.833333 0.786667
vt 0.786667 0.880000
vt 0.880000 0.880000
vt 0.833333 0.786667
vt 0.786667 0.880000
vt 0.880000 0.880000
vt 0.833333 0.786667
vt 0.786667 0.880000
vt 0.880000 0.880000
vt 0.833333 0.786667
vt 0.786667 0.880000
vt 0.880000 0.880000
vt 0.833333 0.786667
vt 0.786667 0.880000
vt 0.880000 0.880000
vt 0.833333 0.786667
vt 0.786667 0.880000
vt 0.880000 0.880000
vt 0.833333 0.786667
vt 0.786667 0.880000
vt 0.880000 0.880000
vt 0.833333 0.786667
vt 0.786667 0.880000
vt 0.880000 0.880000
vt 0.833333 0.786667
vt 0.786667 0.880000
vt 0.880000 0.880000
vt 0.833333 0.786667
vt 0.786667 0.880000
vt 0.880000 0.880000
vt 0.833333 0.786667
vt 0.786667 0.880000
vt 0.880000 0.880000
vt 0.833333 0.786667
vt 0.786667 0.880000
vt 0.880000 0.880000
vt 0.833333 0.786667
vt 0.786667 0.880000
vt 0.880000 0.880000
vt 0.833333 0.786667
vt 0.786667 0.880000
vt 0.880000 0.880000
vt 0.833333 0.786667
vt 0.786667 0.880000
vt 0.880000 0.880000
vt 0.833333 0.786667
vt 0.786667 0.880000
vt 0.880000 0.880000
vt 0.833333 0.786667
vt 0.786667 0.880000
vt 0.880000 0.880000
vt 0.833333 0.786667
vt 0.786667 0.880000
vt 0.880000 0.880000
vt 0.833333 0.786667
vt 0.786667 0.880000
vt 0.880000 0.880000
vt 0.833333 0.786667
vt 0.786667 0.880000
vt 0.880000 0.880000
vt 0.833333 0.786667
vt 0.786667 0.880000
vt 0.880000 0.880000
vt 0.833333 0.786667
vt 0.786667 0.880000
vt 0.880000 0.880000
vt 0.833333 0.786667
vt 0.786667 0.880000
vt 0.880000 0.880000
vt 0.833333 0.786667
vt 0.786667 0.880000
vt 0.880000 0.880000
vt 0.833333 0.786667
vt 0.786667 0.880000
vt 0.880000 0.880000
vt 0.833333 0.786667
vt 0.786667 0.880000
vt 0.880000 0.880000
vt 0.833333 0.786667
vt 0.786667 0.880000
vt 0.880000 0.880000
vt 0.833333 0.786667
vt 0.786667 0.880000
vt 0.880000 0.880000
vt 0.833333 0.786667
vt 0.786667 0.880000
vt 0.880000 0.880000
vt 0.833333 0.786667
vt 0.786667 0.880000
vt 0.880000 0.880000
vt 0.833333 0.786667
vt 0.786667 0.880000
vt 0.880000 0.880000
vt 0.833333 0.786667
vt 0.786667 0.880000
vt 0.880000 0.880000
vt 0.833333 0.786667
vt 0.786667 0.880000
vt 0.880000 0.880000
vt 0.833333 0.786667
vt 0.786667 0.880000
vt 0.880000 0.880000
vt 0.833333 0.786667
vt 0.786667 0.880000
vt 0.880000 0.880000
vt 0.833333 0.786667
vt 0.786667 0.880000
vt 0.880000 0.880000
vt 0.833333 0.786667
vt 0.786667 0.880000
vt 0.880000 0.880000
vt 0.833333 0.786667
vt 0.786667 0.880000
vt 0.880000 0.880000
vt 0.833333 0.786667
vt 0.786667 0.880000
vt 0.880000 0.880000
vt 0.833333 0.786667
vt 0.786667 0.880000
vt 0.880000 0.880000
vt 0.833333 0.786667
vt 0.786667 0.880000
vt 0.880000 0.880000
vt 0.833333 0.786667
vt 0.786667 0.880000
vt 0.880000 0.880000
vt 0.833333 0.786667
vt 0.786667 0.880000
vt 0.880000 0.880000
vt 0.833333 0.786667
vt 0.786667 0.880000
vt 0.880000 0.880000
vt 0.833333 0.786667
vt 0.786667 0.880000
vt 0.880000 0.880000
vt 0.833333 0.786667
vt 0.786667 0.880000
vt 0.880000 0.880000
vt 0.833333 0.786667
vt 0.786667 0.880000
vt 0.880000 0.880000
vt 0.833333 0.786667
vt 0.786667 0.880000
vt 0.880000 0.880000
vt 0.833333 0.786667
vt 0.786667 0.880000
vt 0.880000 0.880000
vt 0.833333 0.786667
vt 0.786667 0.880000
vt 0.880000 0.880000
vt 0.833333 0.786667
vt 0.786667 0.880000
vt 0.880000 0.880000
vt 0.833333 0.786667
vt 0.786667 0.880000
vt 0.880000 0.880000
vt 0.833333 0.786667
vt 0.786667 0.880000
vt 0.880000 0.880000
vt 0.833333 0.786667
vt 0.786667 0.880000
vt 0.880000 0.880000
vt 0.833333 0.786667
vt 0.786667 0.880000
vt 0.880000 0.880000
vt 0.833333 0.786667
vt 0.786667 0.880000
vt 0.880000 0.880000
vt 0.833333 0.786667
vt 0.786667 0.880000
vt 0.880000 0.880000
vt 0.833333 0.786667
vt 0.786667 0.880000
vt 0.880000 0.880000
vt 0.833333 0.786667
vt 0.786667 0.880000
vt 0.880000 0.880000
vt 0.833333 0.786667
vt 0.786667 0.880000
vt 0.880000 0.880000
vt 0.833333 0.786667
vt 0.786667 0.880000
vt 0.880000 0.880000
vt 0.833333 0.786667
vt 0.786667 0.880000
vt 0.880000 0.880000
vt 0.833333 0.786667
vt 0.786667 0.880000
vt 0.880000 0.880000
vt 0.833333 0.786667
vt 0.786667 0.880000
vt 0.880000 0.880000
vt 0.833333 0.786667
vt 0.786667 0.880000
vt 0.880000 0.880000
vt 0.833333 0.786667
vt 0.786667 0.880000
vt 0.880000 0.880000
vt 0.833333 0.786667
vt 0.786667 0.880000
vt 0.880000 0.880000
vt 0.833333 0.786667
vt 0.786667 0.880000
vt 0.880000 0.880000
vt 0.833333 0.786667
vt 0.786667 0.880000
vt 0.880000 0.880000
vt 0.833333 0.786667
vt 0.786667 0.880000
vt 0.880000 0.880000
vt 0.833333 0.786667
vt 0.786667 0.880000
vt 0.880000 0.880000
vt 0.833333 0.786667
vt 0.786667 0.880000
vt 0.880000 0.880000
vt 0.833333 0.786667
vt 0.786667 0.880000
vt 0.880000 0.880000
vt 0.833333 0.786667
vt 0.786667 0.880000
vt 0.880000 0.880000
vt 0.833333 0.786667
vt 0.786667 0.880000
vt 0.880000 0.880000
vt 0.833333 0.786667
vt 0.786667 0.880000
vt 0.880000 0.880000
vt 0.833333 0.786667
vt 0.786667 0.880000
vt 0.880000 0.880000
vt 0.833333 0.786667
vt 0.786667 0.880000
vt 0.880000 0.880000
vt 0.833333 0.786667
vt 0.786667 0.880000
vt 0.880000 0.880000
vt 0.833333 0.786667
vt 0.786667 0.880000
vt 0.880000 0.880000
vt 0.833333 0.786667
vt 0.786667 0.880000
vt 0.880000 0.880000
vt 0.833333 0.786667
vt 0.786667 0.880000
vt 0.880000 0.880000
vt 0.833333 0.786667
vt 0.786667 0.880000
vt 0.880000 0.880000
vt 0.833333 0.786667
vt 0.786667 0.880000
vt 0.880000 0.880000
vt 0.833333 0.786667
vt 0.786667 0.880000
vt 0.880000 0.880000
vt 0.833333 0.786667
vt 0.786667 0.880000
vt 0.880000 0.880000
vt 0.833333 0.786667
vt 0.786667 0.880000
vt 0.880000 0.880000
vt 0.833333 0.786667
vt 0.786667 0.880000
vt 0.880000 0.880000
vt 0.833333 0.786667
vt 0.786667 0.880000
vt 0.880000 0.880000
vt 0.833333 0.786667
vt 0.786667 0.880000
vt 0.880000 0.880000
vt 0.833333 0.786667
vt 0.786667 0.880000
vt 0.880000 0.880000
vt 0.833333 0.786667
vt 0.786667 0.880000
vt 0.880000 0.880000
vt 0.833333 0.786667
vt 0.786667 0.880000
vt 0.880000 0.880000
vt 0.833333 0.786667
vt 0.786667 0.880000
vt 0.880000 0.880000
vt 0.833333 0.786667
vt 0.786667 0.880000
vt 0.880000 0.880000
vt 0.833333 0.786667
vt 0.786667 0.880000
vt 0.880000 0.880000
vt 0.833333 0.786667
vt 0.786667 0.880000
vt 0.880000 0.880000
vt 0.833333 0.786667
vt 0.786667 0.880000
vt 0.880000 0.880000
vt 0.833333 0.786667
vt 0.786667 0.880000
vt 0.880000 0.880000
vt 0.833333 0.786667
vt 0.786667 0.880000
vt 0.880000 0.880000
vt 0.833333 0.786667
vt 0.786667 0.880000
vt 0.880000 0.880000
vt 0.833333 0.786667
vt 0.786667 0.880000
vt 0.880000 0.880000
vt 0.833333 0.786667
vt 0.786667 0.880000
vt 0.880000 0.880000
vt 0.833333 0.786667
vt 0.786667 0.880000
vt 0.880000 0.880000
vt 0.833333 0.786667
vt 0.786667 0.880000
vt 0.880000 0.880000
vt 0.833333 0.786667
vt 0.786667 0.880000
vt 0.880000 0.880000
vt 0.833333 0.786667
vt 0.786667 0.880000
vt 0.880000 0.880000
vt 0.833333 0.786667
vt 0.786667 0.880000
vt 0.880000 0.880000
vt 0.833333 0.786667
vt 0.786667 0.880000
vt 0.880000 0.880000
vt 0.833333 0.786667
vt 0.786667 0.880000
vt 0.880000 0.880000
vt 0.833333 0.786667
vt 0.786667 0.880000
vt 0.880000 0.880000
vt 0.833333 0.786667
vt 0.786667 0.880000
vt 0.880000 0.880000
vt 0.833333 0.786667
vt 0.786667 0.880000
vt 0.880000 0.880000
vt 0.833333 0.786667
vt 0.786667 0.880000
vt 0.880000 0.880000
vt 0.833333 0.786667
vt 0.786667 0.880000
vt 0.880000 0.880000
vt 0.833333 0.786667
vt 0.786667 0.880000
vt 0.880000 0.880000
vt 0.833333 0.786667
vt 0.786667 0.880000
vt 0.880000 0.880000
vt 0.833333 0.786667
vt 0.786667 0.880000
vt 0.880000 0.880000
vt 0.833333 0.786667
vt 0.786667 0.880000
vt 0.880000 0.880000
vt 0.833333 0.786667
vt 0.786667 0.880000
vt 0.880000 0.880000
vt 0.833333 0.786667
vt 0.786667 0.880000
vt 0.880000 0.880000
vt 0.833333 0.786667
vt 0.786667 0.880000
vt 0.880000 0.880000
vt 0.833333 0.786667
vt 0.786667 0.880000
vt 0.880000 0.880000
vt 0.833333 0.786667
vt 0.786667 0.880000
vt 0.880000 0.880000
vt 0.833333 0.786667
vt 0.786667 0.880000
vt 0.880000 0.880000
vt 0.833333 0.786667
vt 0.786667 0.880000
vt 0.880000 0.880000
vt 0.833333 0.786667
vt 0.786667 0.880000
vt 0.880000 0.880000
vt 0.833333 0.786667
vt 0.786667 0.880000
vt 0.880000 0.880000
vt 0.833333 0.786667
vt 0.786667 0.880000
vt 0.880000 0.880000
vt 0.833333 0.786667
vt 0.786667 0.880000
vt 0.880000 0.880000
vt 0.833333 0.786667
vt 0.786667 0.880000
vt 0.880000 0.880000
vt 0.833333 0.786667
vt 0.786667 0.880000
vt 0.880000 0.880000
vt 0.833333 0.786667
vt 0.786667 0.880000
vt 0.880000 0.880000
vt 0.833333 0.786667
vt 0.786667 0.880000
vt 0.880000 0.880000
vt 0.833333 0.786667
vt 0.786667 0.880000
vt 0.880000 0.880000
vt 0.833333 0.786667
vt 0.786667 0.880000
vt 0.880000 0.880000
vt 0.833333 0.786667
vt 0.786667 0.880000
vt 0.880000 0.880000
vt 0.833333 0.786667
vt 0.786667 0.880000
vt 0.880000 0.880000
vt 0.833333 0.786667
vt 0.786667 0.880000
vt 0.880000 0.880000
vt 0.833333 0.786667
vt 0.786667 0.880000
vt 0.880000 0.880000
vt 0.833333 0.786667
vt 0.786667 0.880000
vt 0.880000 0.880000
vt 0.833333 0.786667
vt 0.786667 0.880000
vt 0.880000 0.880000
vt 0.833333 0.786667
vt 0.786667 0.880000
vt 0.880000 0.880000
vt 0.833333 0.786667
vt 0.786667 0.880000
vt 0.880000 0.880000
vt 0.833333 0.786667
vt 0.453333 0.546667
vt 0.546667 0.546667
vt 0.500000 0.453333
vt 0.453333 0.546667
vt 0.546667 0.546667
vt 0.500000 0.453333
vt 0.453333 0.546667
vt 0.546667 0.546667
vt 0.500000 0.453333
vt 0.453333 0.546667
vt 0.546667 0.546667
vt 0.500000 0.453333
vt 0.453333 0.546667
vt 0.546667 0.546667
vt 0.500000 0.453333
vt 0.453333 0.546667
vt 0.546667 0.546667
vt 0.500000 0.453333
vt 0.453333 0.546667
vt 0.546667 0.546667
vt 0.500000 0.453333
vt 0.453333 0.546667
vt 0.546667 0.546667
vt 0.500000 0.453333
vt 0.453333 0.546667
vt 0.546667 0.546667
vt 0.500000 0.453333
vt 0.453333 0.546667
vt 0.546667 0.546667
vt 0.500000 0.453333
vt 0.453333 0.546667
vt 0.546667 0.546667
vt 0.500000 0.453333
vt 0.453333 0.546667
vt 0.546667 0.546667
vt 0.500000 0.453333
vt 0.453333 0.546667
vt 0.546667 0.546667
vt 0.500000 0.453333
vt 0.453333 0.546667
vt 0.546667 0.546667
vt 0.500000 0.453333
vt 0.453333 0.546667
vt 0.546667 0.546667
vt 0.500000 0.453333
vt 0.453333 0.546667
vt 0.546667 0.546667
vt 0.500000 0.453333
vt 0.453333 0.546667
vt 0.546667 0.546667
vt 0.500000 0.453333
vt 0.453333 0.546667
vt 0.546667 0.546667
vt 0.500000 0.453333
vt 0.453333 0.546667
vt 0.546667 0.546667
vt 0.500000 0.453333
vt 0.453333 0.546667
vt 0.546667 0.546667
vt 0.500000 0.453333
vt 0.453333 0.546667
vt 0.546667 0.546667
vt 0.500000 0.453333
vt 0.453333 0.546667
vt 0.546667 0.546667
vt 0.500000 0.453333
vt 0.453333 0.546667
vt 0.546667 0.546667
vt 0.500000 0.453333
vt 0.453333 0.546667
vt 0.546667 0.546667
vt 0.500000 0.453333
vt 0.453333 0.546667
vt 0.546667 0.546667
vt 0.500000 0.453333
vt 0.453333 0.546667
vt 0.546667 0.546667
vt 0.500000 0.453333
vt 0.453333 0.546667
vt 0.546667 0.546667
vt 0.500000 0.453333
vt 0.453333 0.546667
vt 0.546667 0.546667
vt 0.500000 0.453333
vt 0.453333 0.546667
vt 0.546667 0.546667
vt 0.500000 0.453333
vt 0.453333 0.546667
vt 0.546667 0.546667
vt 0.500000 0.453333
vt 0.453333 0.546667
vt 0.546667 0.546667
vt 0.500000 0.453333
vt 0.453333 0.546667
vt 0.546667 0.546667
vt 0.500000 0.453333
vt 0.453333 0.546667
vt 0.546667 0.546667
vt 0.500000 0.453333
vt 0.453333 0.546667
vt 0.546667 0.546667
vt 0.500000 0.453333
vt 0.453333 0.546667
vt 0.546667 0.546667
vt 0.500000 0.453333
vt 0.453333 0.546667
vt 0.546667 0.546667
vt 0.500000 0.453333
vt 0.453333 0.546667
vt 0.546667 0.546667
vt 0.500000 0.453333
vt 0.453333 0.546667
vt 0.546667 0.546667
vt 0.500000 0.453333
vt 0.453333 0.546667
vt 0.546667 0.546667
vt 0.500000 0.453333
vt 0.453333 0.546667
vt 0.546667 0.546667
vt 0.500000 0.453333
vt 0.453333 0.546667
vt 0.546667 0.546667
vt 0.500000 0.453333
vt 0.453333 0.546667
vt 0.546667 0.546667
vt 0.500000 0.453333
vt 0.453333 0.546667
vt 0.546667 0.546667
vt 0.500000 0.453333
vt 0.453333 0.546667
vt 0.546667 0.546667
vt 0.500000 0.453333
vt 0.453333 0.546667
vt 0.546667 0.546667
vt 0.500000 0.453333
vt 0.453333 0.546667
vt 0.546667 0.546667
vt 0.500000 0.453333
vt 0.453333 0.546667
vt 0.546667 0.546667
vt 0.500000 0.453333
vt 0.453333 0.546667
vt 0.546667 0.546667
vt 0.500000 0.453333
vt 0.453333 0.546667
vt 0.546667 0.546667
vt 0.500000 0.453333
vt 0.453333 0.546667
vt 0.546667 0.546667
vt 0.500000 0.453333
vt 0.453333 0.546667
vt 0.546667 0.546667
vt 0.500000 0.453333
vt 0.453333 0.546667
vt 0.546667 0.546667
vt 0.500000 0.453333
vt 0.453333 0.546667
vt 0.546667 0.546667
vt 0.500000 0.453333
vt 0.453333 0.546667
vt 0.546667 0.546667
vt 0.500000 0.453333
vt 0.453333 0.546667
vt 0.546667 0.546667
vt 0.500000 0.453333
vt 0.453333 0.546667
vt 0.546667 0.546667
vt 0.500000 0.453333
vt 0.453333 0.546667
vt 0.546667 0.546667
vt 0.500000 0.453333
vt 0.453333 0.546667
vt 0.546667 0.546667
vt 0.500000 0.453333
vt 0.453333 0.546667
vt 0.546667 0.546667
vt 0.500000 0.453333
vt 0.453333 0.546667
vt 0.546667 0.546667
vt 0.500000 0.453333
vt 0.453333 0.546667
vt 0.546667 0.546667
vt 0.500000 0.453333
vt 0.453333 0.546667
vt 0.546667 0.546667
vt 0.500000 0.453333
vt 0.453333 0.546667
vt 0.546667 0.546667
vt 0.500000 0.453333
vt 0.453333 0.546667
vt 0.546667 0.546667
vt 0.500000 0.453333
vt 0.453333 0.546667
vt 0.546667 0.546667
vt 0.500000 0.453333
vt 0.453333 0.546667
vt 0.546667 0.546667
vt 0.500000 0.453333
vt 0.453333 0.546667
vt 0.546667 0.546667
vt 0.500000 0.453333
vt 0.453333 0.546667
vt 0.546667 0.546667
vt 0.500000 0.453333
vt 0.453333 0.546667
vt 0.546667 0.546667
vt 0.500000 0.453333
vt 0.453333 0.546667
vt 0.546667 0.546667
vt 0.500000 0.453333
vt 0.453333 0.546667
vt 0.546667 0.546667
vt 0.500000 0.453333
vt 0.453333 0.546667
vt 0.546667 0.546667
vt 0.500000 0.453333
vt 0.453333 0.546667
vt 0.546667 0.546667
vt 0.500000 0.453333
vt 0.453333 0.546667
vt 0.546667 0.546667
vt 0.500000 0.453333
vt 0.453333 0.546667
vt 0.546667 0.546667
vt 0.500000 0.453333
vt 0.453333 0.546667
vt 0.546667 0.546667
vt 0.500000 0.453333
vt 0.453333 0.546667
vt 0.546667 0.546667
vt 0.500000 0.453333
vt 0.453333 0.546667
vt 0.546667 0.546667
vt 0.500000 0.453333
vt 0.453333 0.546667
vt 0.546667 0.546667
vt 0.500000 0.453333
vt 0.453333 0.546667
vt 0.546667 0.546667
vt 0.500000 0.453333
vt 0.453333 0.546667
vt 0.546667 0.546667
vt 0.500000 0.453333
vt 0.453333 0.546667
vt 0.546667 0.546667
vt 0.500000 0.453333
vt 0.453333 0.546667
vt 0.546667 0.546667
vt 0.500000 0.453333
vt 0.453333 0.546667
vt 0.546667 0.546667
vt 0.500000 0.453333
vt 0.453333 0.546667
vt 0.546667 0.546667
vt 0.500000 0.453333
vt 0.453333 0.546667
vt 0.546667 0.546667
vt 0.500000 0.453333
vt 0.453333 0.546667
vt 0.546667 0.546667
vt 0.500000 0.453333
vt 0.453333 0.546667
vt 0.546667 0.546667
vt 0.500000 0.453333
vt 0.453333 0.546667
vt 0.546667 0.546667
vt 0.500000 0.453333
vt 0.453333 0.546667
vt 0.546667 0.546667
vt 0.500000 0.453333
vt 0.453333 0.546667
vt 0.546667 0.546667
vt 0.500000 0.453333
vt 0.453333 0.546667
vt 0.546667 0.546667
vt 0.500000 0.453333
vt 0.453333 0.546667
vt 0.546667 0.546667
vt 0.500000 0.453333
vt 0.453333 0.546667
vt 0.546667 0.546667
vt 0.500000 0.453333
vt 0.453333 0.546667
vt 0.546667 0.546667
vt 0.500000 0.453333
vt 0.453333 0.546667
vt 0.546667 0.546667
vt 0.500000 0.453333
vt 0.453333 0.546667
vt 0.546667 0.546667
vt 0.500000 0.453333
vt 0.453333 0.546667
vt 0.546667 0.546667
vt 0.500000 0.453333
vt 0.453333 0.546667
vt 0.546667 0.546667
vt 0.500000 0.453333
vt 0.453333 0.546667
vt 0.546667 0.546667
vt 0.500000 0.453333
vt 0.453333 0.546667
vt 0.546667 0.546667
vt 0.500000 0.453333
vt 0.453333 0.546667
vt 0.546667 0.546667
vt 0.500000 0.453333
vt 0.453333 0.546667
vt 0.546667 0.546667
vt 0.500000 0.453333
vt 0.453333 0.546667
vt 0.546667 0.546667
vt 0.500000 0.453333
vt 0.453333 0.546667
vt 0.546667 0.546667
vt 0.500000 0.453333
vt 0.453333 0.546667
vt 0.546667 0.546667
vt 0.500000 0.453333
vt 0.453333 0.546667
vt 0.546667 0.546667
vt 0.500000 0.453333
vt 0.453333 0.546667
vt 0.546667 0.546667
vt 0.500000 0.453333
vt 0.453333 0.546667
vt 0.546667 0.546667
vt 0.500000 0.453333
vt 0.453333 0.546667
vt 0.546667 0.546667
vt 0.500000 0.453333
vt 0.453333 0.546667
vt 0.546667 0.546667
vt 0.500000 0.453333
vt 0.453333 0.546667
vt 0.546667 0.546667
vt 0.500000 0.453333
vt 0.453333 0.546667
vt 0.546667 0.546667
vt 0.500000 0.453333
vt 0.453333 0.546667
vt 0.546667 0.546667
vt 0.500000 0.453333
vt 0.453333 0.546667
vt 0.546667 0.546667
vt 0.500000 0.453333
vt 0.453333 0.546667
vt 0.546667 0.546667
vt 0.500000 0.453333
vt 0.453333 0.546667
vt 0.546667 0.546667
vt 0.500000 0.453333
vt 0.453333 0.546667
vt 0.546667 0.546667
vt 0.500000 0.453333
vt 0.453333 0.546667
vt 0.546667 0.546667
vt 0.500000 0.453333
vt 0.453333 0.546667
vt 0.546667 0.546667
vt 0.500000 0.453333
vt 0.786667 0.546667
vt 0.880000 0.546667
vt 0.833333 0.453333
vt 0.786667 0.546667
vt 0.880000 0.546667
vt 0.833333 0.453333
vt 0.786667 0.546667
vt 0.880000 0.546667
vt 0.833333 0.453333
vt 0.786667 0.546667
vt 0.880000 0.546667
vt 0.833333 0.453333
vt 0.786667 0.546667
vt 0.880000 0.546667
vt 0.833333 0.453333
vt 0.786667 0.546667
vt 0.880000 0.546667
vt 0.833333 0.453333
vt 0.786667 0.546667
vt 0.880000 0.546667
vt 0.833333 0.453333
vt 0.786667 0.546667
vt 0.880000 0.546667
vt 0.833333 0.453333
vt 0.786667 0.546667
vt 0.880000 0.546667
vt 0.833333 0.453333
vt 0.786667 0.546667
vt 0.880000 0.546667
vt 0.833333 0.453333
vt 0.786667 0.546667
vt 0.880000 0.546667
vt 0.833333 0.453333
vt 0.786667 0.546667
vt 0.880000 0.546667
vt 0.833333 0.453333
vt 0.786667 0.546667
vt 0.880000 0.546667
vt 0.833333 0.453333
vt 0.786667 0.546667
vt 0.880000 0.546667
vt 0.833333 0.453333
vt 0.786667 0.546667
vt 0.880000 0.546667
vt 0.833333 0.453333
vt 0.786667 0.546667
vt 0.880000 0.546667
vt 0.833333 0.453333
vt 0.786667 0.546667
vt 0.880000 0.546667
vt 0.833333 0.453333
vt 0.786667 0.546667
vt 0.880000 0.546667
vt 0.833333 0.453333
vt 0.786667 0.546667
vt 0.880000 0.546667
vt 0.833333 0.453333
vt 0.786667 0.546667
vt 0.880000 0.546667
vt 0.833333 0.453333
vt 0.786667 0.546667
vt 0.880000 0.546667
vt 0.833333 0.453333
vt 0.786667 0.546667
vt 0.880000 0.546667
vt 0.833333 0.453333
vt 0.786667 0.546667
vt 0.880000 0.546667
vt 0.833333 0.453333
vt 0.786667 0.546667
vt 0.880000 0.546667
vt 0.833333 0.453333
vt 0.786667 0.546667
vt 0.880000 0.546667
vt 0.833333 0.453333
vt 0.786667 0.546667
vt 0.880000 0.546667
vt 0.833333 0.453333
vt 0.786667 0.546667
vt 0.880000 0.546667
vt 0.833333 0.453333
vt 0.786667 0.546667
vt 0.880000 0.546667
vt 0.833333 0.453333
vt 0.786667 0.546667
vt 0.880000 0.546667
vt 0.833333 0.453333
vt 0.786667 0.546667
vt 0.880000 0.546667
vt 0.833333 0.453333
vt 0.786667 0.546667
vt 0.880000 0.546667
vt 0.833333 0.453333
vt 0.786667 0.546667
vt 0.880000 0.546667
vt 0.833333 0.453333
vt 0.786667 0.546667
vt 0.880000 0.546667
vt 0.833333 0.453333
vt 0.786667 0.546667
vt 0.880000 0.546667
vt 0.833333 0.453333
vt 0.786667 0.546667
vt 0.880000 0.546667
vt 0.833333 0.453333
vt 0.786667 0.546667
vt 0.880000 0.546667
vt 0.833333 0.453333
vt 0.786667 0.546667
vt 0.880000 0.546667
vt 0.833333 0.453333
vt 0.786667 0.546667
vt 0.880000 0.546667
vt 0.833333 0.453333
vt 0.786667 0.546667
vt 0.880000 0.546667
vt 0.833333 0.453333
vt 0.786667 0.546667
vt 0.880000 0.546667
vt 0.833333 0.453333
vt 0.786667 0.546667
vt 0.880000 0.546667
vt 0.833333 0.453333
vt 0.786667 0.546667
vt 0.880000 0.546667
vt 0.833333 0.453333
vt 0.786667 0.546667
vt 0.880000 0.546667
vt 0.833333 0.453333
vt 0.786667 0.546667
vt 0.880000 0.546667
vt 0.833333 0.453333
vt 0.786667 0.546667
vt 0.880000 0.546667
vt 0.833333 0.453333
vt 0.786667 0.546667
vt 0.880000 0.546667
vt 0.833333 0.453333
vt 0.786667 0.546667
vt 0.880000 0.546667
vt 0.833333 0.453333
vt 0.786667 0.546667
vt 0.880000 0.546667
vt 0.833333 0.453333
vt 0.786667 0.546667
vt 0.880000 0.546667
vt 0.833333 0.453333
vt 0.786667 0.546667
vt 0.880000 0.546667
vt 0.833333 0.453333
vt 0.786667 0.546667
vt 0.880000 0.546667
vt 0.833333 0.453333
vt 0.786667 0.546667
vt 0.880000 0.546667
vt 0.833333 0.453333
vt 0.786667 0.546667
vt 0.880000 0.546667
vt 0.833333 0.453333
vt 0.786667 0.546667
vt 0.880000 0.546667
vt 0.833333 0.453333
vt 0.786667 0.546667
vt 0.880000 0.546667
vt 0.833333 0.453333
vt 0.786667 0.546667
vt 0.880000 0.546667
vt 0.833333 0.453333
vt 0.786667 0.546667
vt 0.880000 0.546667
vt 0.833333 0.453333
vt 0.786667 0.546667
vt 0.880000 0.546667
vt 0.833333 0.453333
vt 0.786667 0.546667
vt 0.880000 0.546667
vt 0.833333 0.453333
vt 0.786667 0.546667
vt 0.880000 0.546667
vt 0.833333 0.453333
vt 0.786667 0.546667
vt 0.880000 0.546667
vt 0.833333 0.453333
vt 0.786667 0.546667
vt 0.880000 0.546667
vt 0.833333 0.453333
vt 0.786667 0.546667
vt 0.880000 0.546667
vt 0.833333 0.453333
vt 0.786667 0.546667
vt 0.880000 0.546667
vt 0.833333 0.453333
vt 0.786667 0.546667
vt 0.880000 0.546667
vt 0.833333 0.453333
vt 0.786667 0.546667
vt 0.880000 0.546667
vt 0.833333 0.453333
vt 0.786667 0.546667
vt 0.880000 0.546667
vt 0.833333 0.453333
vt 0.786667 0.546667
vt 0.880000 0.546667
vt 0.833333 0.453333
vt 0.786667 0.546667
vt 0.880000 0.546667
vt 0.833333 0.453333
vt 0.786667 0.546667
vt 0.880000 0.546667
vt 0.833333 0.453333
vt 0.786667 0.546667
vt 0.880000 0.546667
vt 0.833333 0.453333
vt 0.786667 0.546667
vt 0.880000 0.546667
vt 0.833333 0.453333
vt 0.786667 0.546667
vt 0.880000 0.546667
vt 0.833333 0.453333
vt 0.786667 0.546667
vt 0.880000 0.546667
vt 0.833333 0.453333
vt 0.786667 0.546667
vt 0.880000 0.546667
vt 0.833333 0.453333
vt 0.786667 0.546667
vt 0.880000 0.546667
vt 0.833333 0.453333
vt 0.786667 0.546667
vt 0.880000 0.546667
vt 0.833333 0.453333
vt 0.786667 0.546667
vt 0.880000 0.546667
vt 0.833333 0.453333
vt 0.786667 0.546667
vt 0.880000 0.546667
vt 0.833333 0.453333
vt 0.786667 0.546667
vt 0.880000 0.546667
vt 0.833333 0.453333
vt 0.786667 0.546667
vt 0.880000 0.546667
vt 0.833333 0.453333
vt 0.786667 0.546667
vt 0.880000 0.546667
vt 0.833333 0.453333
vt 0.786667 0.546667
vt 0.880000 0.546667
vt 0.833333 0.453333
vt 0.786667 0.546667
vt 0.880000 0.546667
vt 0.833333 0.453333
vt 0.786667 0.546667
vt 0.880000 0.546667
vt 0.833333 0.453333
vt 0.786667 0.546667
vt 0.880000 0.546667
vt 0.833333 0.453333
vt 0.786667 0.546667
vt 0.880000 0.546667
vt 0.833333 0.453333
vt 0.786667 0.546667
vt 0.880000 0.546667
vt 0.833333 0.453333
vt 0.786667 0.546667
vt 0.880000 0.546667
vt 0.833333 0.453333
vt 0.786667 0.546667
vt 0.880000 0.546667
vt 0.833333 0.453333
vt 0.786667 0.546667
vt 0.880000 0.546667
vt 0.833333 0.453333
vt 0.786667 0.546667
vt 0.880000 0.546667
vt 0.833333 0.453333
vt 0.786667 0.546667
vt 0.880000 0.546667
vt 0.833333 0.453333
vt 0.786667 0.546667
vt 0.880000 0.546667
vt 0.833333 0.453333
vt 0.786667 0.546667
vt 0.880000 0.546667
vt 0.833333 0.453333
vt 0.786667 0.546667
vt 0.880000 0.546667
vt 0.833333 0.453333
vt 0.786667 0.546667
vt 0.880000 0.546667
vt 0.833333 0.453333
vt 0.786667 0.546667
vt 0.880000 0.546667
vt 0.833333 0.453333
vt 0.786667 0.546667
vt 0.880000 0.546667
vt 0.833333 0.453333
vt 0.786667 0.546667
vt 0.880000 0.546667
vt 0.833333 0.453333
vt 0.786667 0.546667
vt 0.880000 0.546667
vt 0.833333 0.453333
vt 0.786667 0.546667
vt 0.880000 0.546667
vt 0.833333 0.453333
vt 0.786667 0.546667
vt 0.880000 0.546667
vt 0.833333 0.453333
vt 0.786667 0.546667
vt 0.880000 0.546667
vt 0.833333 0.453333
vt 0.786667 0.546667
vt 0.880000 0.546667
vt 0.833333 0.453333
vt 0.786667 0.546667
vt 0.880000 0.546667
vt 0.833333 0.453333
vt 0.786667 0.546667
vt 0.880000 0.546667
vt 0.833333 0.453333
vt 0.786667 0.546667
vt 0.880000 0.546667
vt 0.833333 0.453333
vt 0.786667 0.546667
vt 0.880000 0.546667
vt 0.833333 0.453333
vt 0.786667 0.546667
vt 0.880000 0.546667
vt 0.833333 0.453333
vt 0.786667 0.546667
vt 0.880000 0.546667
vt 0.833333 0.453333
vt 0.786667 0.546667
vt 0.880000 0.546667
vt 0.833333 0.453333
vt 0.786667 0.546667
vt 0.880000 0.546667
vt 0.833333 0.453333
vt 0.786667 0.546667
vt 0.880000 0.546667
vt 0.833333 0.453333
vt 0.786667 0.546667
vt 0.880000 0.546667
vt 0.833333 0.453333
vt 0.786667 0.546667
vt 0.880000 0.546667
vt 0.833333 0.453333
vt 0.786667 0.546667
vt 0.880000 0.546667
vt 0.833333 0.453333
vt 0.786667 0.546667
vt 0.880000 0.546667
vt 0.833333 0.453333
vt 0.786667 0.546667
vt 0.880000 0.546667
vt 0.833333 0.453333
vt 0.786667 0.546667
vt 0.880000 0.546667
vt 0.833333 0.453333
vt 0.786667 0.546667
vt 0.880000 0.546667
vt 0.833333 0.453333
vt 0.786667 0.546667
vt 0.880000 0.546667
vt 0.833333 0.453333
vt 0.786667 0.546667
vt 0.880000 0.546667
vt 0.833333 0.453333
vt 0.786667 0.546667
vt 0.880000 0.546667
vt 0.833333 0.453333
vt 0.786667 0.546667
vt 0.880000 0.546667
vt 0.833333 0.453333
vt 0.786667 0.546667
vt 0.880000 0.546667
vt 0.833333 0.453333
vt 0.786667 0.546667
vt 0.880000 0.546667
vt 0.833333 0.453333
vt 0.786667 0.546667
vt 0.880000 0.546667
vt 0.833333 0.453333
vt 0.786667 0.546667
vt 0.880000 0.546667
vt 0.833333 0.453333
vt 0.786667 0.546667
vt 0.880000 0.546667
vt 0.833333 0.453333
vt 0.786667 0.213333
vt 0.880000 0.213333
vt 0.833333 0.120000
vt 0.786667 0.213333
vt 0.880000 0.213333
vt 0.833333 0.120000
vt 0.786667 0.213333
vt 0.880000 0.213333
vt 0.833333 0.120000
vt 0.786667 0.213333
vt 0.880000 0.213333
vt 0.833333 0.120000
vt 0.786667 0.213333
vt 0.880000 0.213333
vt 0.833333 0.120000
vt 0.786667 0.213333
vt 0.880000 0.213333
vt 0.833333 0.120000
vt 0.786667 0.213333
vt 0.880000 0.213333
vt 0.833333 0.120000
vt 0.786667 0.213333
vt 0.880000 0.213333
vt 0.833333 0.120000
vt 0.786667 0.213333
vt 0.880000 0.213333
vt 0.833333 0.120000
vt 0.786667 0.213333
vt 0.880000 0.213333
vt 0.833333 0.120000
vt 0.786667 0.213333
vt 0.880000 0.213333
vt 0.833333 0.120000
vt 0.786667 0.213333
vt 0.880000 0.213333
vt 0.833333 0.120000
vt 0.786667 0.213333
vt 0.880000 0.213333
vt 0.833333 0.120000
vt 0.786667 0.213333
vt 0.880000 0.213333
vt 0.833333 0.120000
vt 0.786667 0.213333
vt 0.880000 0.213333
vt 0.833333 0.120000
vt 0.786667 0.213333
vt 0.880000 0.213333
vt 0.833333 0.120000
vt 0.786667 0.213333
vt 0.880000 0.213333
vt 0.833333 0.120000
vt 0.786667 0.213333
vt 0.880000 0.213333
vt 0.833333 0.120000
vt 0.786667 0.213333
vt 0.880000 0.213333
vt 0.833333 0.120000
vt 0.786667 0.213333
vt 0.880000 0.213333
vt 0.833333 0.120000
vt 0.786667 0.213333
vt 0.880000 0.213333
vt 0.833333 0.120000
vt 0.786667 0.213333
vt 0.880000 0.213333
vt 0.833333 0.120000
vt 0.786667 0.213333
vt 0.880000 0.213333
vt 0.833333 0.120000
vt 0.786667 0.213333
vt 0.880000 0.213333
vt 0.833333 0.120000
vt 0.786667 0.213333
vt 0.880000 0.213333
vt 0.833333 0.120000
vt 0.786667 0.213333
vt 0.880000 0.213333
vt 0.833333 0.120000
vt 0.786667 0.213333
vt 0.880000 0.213333
vt 0.833333 0.120000
vt 0.786667 0.213333
vt 0.880000 0.213333
vt 0.833333 0.120000
vt 0.786667 0.213333
vt 0.880000 0.213333
vt 0.833333 0.120000
vt 0.786667 0.213333
vt 0.880000 0.213333
vt 0.833333 0.120000
vt 0.786667 0.213333
vt 0.880000 0.213333
vt 0.833333 0.120000
vt 0.786667 0.213333
vt 0.880000 0.213333
vt 0.833333 0.120000
vt 0.786667 0.213333
vt 0.880000 0.213333
vt 0.833333 0.120000
vt 0.786667 0.213333
vt 0.880000 0.213333
vt 0.833333 0.120000
vt 0.786667 0.213333
vt 0.880000 0.213333
vt 0.833333 0.120000
vt 0.786667 0.213333
vt 0.880000 0.213333
vt 0.833333 0.120000
vt 0.786667 0.213333
vt 0.880000 0.213333
vt 0.833333 0.120000
vt 0.786667 0.213333
vt 0.880000 0.213333
vt 0.833333 0.120000
vt 0.786667 0.213333
vt 0.880000 0.213333
vt 0.833333 0.120000
vt 0.786667 0.213333
vt 0.880000 0.213333
vt 0.833333 0.120000
vt 0.786667 0.213333
vt 0.880000 0.213333
vt 0.833333 0.120000
vt 0.786667 0.213333
vt 0.880000 0.213333
vt 0.833333 0.120000
vt 0.786667 0.213333
vt 0.880000 0.213333
vt 0.833333 0.120000
vt 0.786667 0.213333
vt 0.880000 0.213333
vt 0.833333 0.120000
vt 0.786667 0.213333
vt 0.880000 0.213333
vt 0.833333 0.120000
vt 0.786667 0.213333
vt 0.880000 0.213333
vt 0.833333 0.120000
vt 0.786667 0.213333
vt 0.880000 0.213333
vt 0.833333 0.120000
vt 0.786667 0.213333
vt 0.880000 0.213333
vt 0.833333 0.120000
vt 0.786667 0.213333
vt 0.880000 0.213333
vt 0.833333 0.120000
vt 0.786667 0.213333
vt 0.880000 0.213333
vt 0.833333 0.120000
vt 0.786667 0.213333
vt 0.880000 0.213333
vt 0.833333 0.120000
vt 0.786667 0.213333
vt 0.880000 0.213333
vt 0.833333 0.120000
vt 0.786667 0.213333
vt 0.880000 0.213333
vt 0.833333 0.120000
vt 0.786667 0.213333
vt 0.880000 0.213333
vt 0.833333 0.120000
vt 0.786667 0.213333
vt 0.880000 0.213333
vt 0.833333 0.120000
vt 0.786667 0.213333
vt 0.880000 0.213333
vt 0.833333 0.120000
vt 0.786667 0.213333
vt 0.880000 0.213333
vt 0.833333 0.120000
vt 0.786667 0.213333
vt 0.880000 0.213333
vt 0.833333 0.120000
vt 0.786667 0.213333
vt 0.880000 0.213333
vt 0.833333 0.120000
vt 0.786667 0.213333
vt 0.880000 0.213333
vt 0.833333 0.120000
vt 0.786667 0.213333
vt 0.880000 0.213333
vt 0.833333 0.120000
vt 0.786667 0.213333
vt 0.880000 0.213333
vt 0.833333 0.120000
vt 0.786667 0.213333
vt 0.880000 0.213333
vt 0.833333 0.120000
vt 0.786667 0.213333
vt 0.880000 0.213333
vt 0.833333 0.120000
vt 0.786667 0.213333
vt 0.880000 0.213333
vt 0.833333 0.120000
vt 0.786667 0.213333
vt 0.880000 0.213333
vt 0.833333 0.120000
vt 0.786667 0.213333
vt 0.880000 0.213333
vt 0.833333 0.120000
vt 0.786667 0.213333
vt 0.880000 0.213333
vt 0.833333 0.120000
vt 0.786667 0.213333
vt 0.880000 0.213333
vt 0.833333 0.120000
vt 0.786667 0.213333
vt 0.880000 0.213333
vt 0.833333 0.120000
vt 0.786667 0.213333
vt 0.880000 0.213333
vt 0.833333 0.120000
vt 0.786667 0.213333
vt 0.880000 0.213333
vt 0.833333 0.120000
vt 0.786667 0.213333
vt 0.880000 0.213333
vt 0.833333 0.120000
vt 0.786667 0.213333
vt 0.880000 0.213333
vt 0.833333 0.120000
vt 0.786667 0.213333
vt 0.880000 0.213333
vt 0.833333 0.120000
vt 0.786667 0.213333
vt 0.880000 0.213333
vt 0.833333 0.120000
vt 0.786667 0.213333
vt 0.880000 0.213333
vt 0.833333 0.120000
vt 0.786667 0.213333
vt 0.880000 0.213333
vt 0.833333 0.120000
vt 0.786667 0.213333
vt 0.880000 0.213333
vt 0.833333 0.120000
vt 0.786667 0.213333
vt 0.880000 0.213333
vt 0.833333 0.120000
vt 0.786667 0.213333
vt 0.880000 0.213333
vt 0.833333 0.120000
vt 0.786667 0.213333
vt 0.880000 0.213333
vt 0.833333 0.120000
vt 0.786667 0.213333
vt 0.880000 0.213333
vt 0.833333 0.120000
vt 0.786667 0.213333
vt 0.880000 0.213333
vt 0.833333 0.120000
vt 0.786667 0.213333
vt 0.880000 0.213333
vt 0.833333 0.120000
vt 0.786667 0.213333
vt 0.880000 0.213333
vt 0.833333 0.120000
vt 0.786667 0.213333
vt 0.880000 0.213333
vt 0.833333 0.120000
vt 0.786667 0.213333
vt 0.880000 0.213333
vt 0.833333 0.120000
vt 0.786667 0.213333
vt 0.880000 0.213333
vt 0.833333 0.120000
vt 0.786667 0.213333
vt 0.880000 0.213333
vt 0.833333 0.120000
vt 0.786667 0.213333
vt 0.880000 0.213333
vt 0.833333 0.120000
vt 0.786667 0.213333
vt 0.880000 0.213333
vt 0.833333 0.120000
vt 0.786667 0.213333
vt 0.880000 0.213333
vt 0.833333 0.120000
vt 0.786667 0.213333
vt 0.880000 0.213333
vt 0.833333 0.120000
vt 0.786667 0.213333
vt 0.880000 0.213333
vt 0.833333 0.120000
vt 0.786667 0.213333
vt 0.880000 0.213333
vt 0.833333 0.120000
vt 0.786667 0.213333
vt 0.880000 0.213333
vt 0.833333 0.120000
vt 0.786667 0.213333
vt 0.880000 0.213333
vt 0.833333 0.120000
vt 0.786667 0.213333
vt 0.880000 0.213333
vt 0.833333 0.120000
vt 0.786667 0.213333
vt 0.880000 0.213333
vt 0.833333 0.120000
vn 0.137928 0.080570 -0.987160
vn 0.818921 0.496481 -0.287879
vn 0.999105 -0.001976 0.042253
vn 0.818921 0.496481 -0.287879
vn 0.807046 0.582124 0.099041
vn 0.999105 -0.001976 0.042253
vn 0.818921 0.496481 -0.287879
vn 0.282847 0.692648 -0.663503
vn 0.807046 0.582124 0.099041
vn 0.282847 0.692648 -0.663503
vn 0.306722 0.942311 0.134060
vn 0.807046 0.582124 0.099041
vn 0.282847 0.692648 -0.663503
vn -0.092898 0.534097 -0.840304
vn 0.306722 0.942311 0.134060
vn -0.092898 0.534097 -0.840304
vn -0.310758 0.941006 0.133933
vn 0.306722 0.942311 0.134060
vn -0.092898 0.534097 -0.840304
vn -0.262118 0.328222 -0.907504
vn -0.310758 0.941006 0.133933
vn -0.262118 0.328222 -0.907504
vn -0.809540 0.578707 0.098709
vn -0.310758 0.941006 0.133933
vn -0.262118 0.328222 -0.907504
vn -0.323411 0.127280 -0.937659
vn -0.809540 0.578707 0.098709
vn -0.323411 0.127280 -0.937659
vn -0.999105 -0.006200 0.041843
vn -0.809540 0.578707 0.098709
vn -0.323411 0.127280 -0.937659
vn -0.308175 -0.084175 -0.947599
vn -0.999105 -0.006200 0.041843
vn -0.308175 -0.084175 -0.947599
vn -0.807046 -0.590300 -0.014945
vn -0.999105 -0.006200 0.041843
vn -0.308175 -0.084175 -0.947599
vn -0.189511 -0.330988 -0.924409
vn -0.807046 -0.590300 -0.014945
vn -0.189511 -0.330988 -0.924409
vn -0.306722 -0.950487 -0.049963
vn -0.807046 -0.590300 -0.014945
vn -0.189511 -0.330988 -0.924409
vn 0.138651 -0.598503 -0.789031
vn -0.306722 -0.950487 -0.049963
vn 0.138651 -0.598503 -0.789031
vn 0.310758 -0.949182 -0.049836
vn -0.306722 -0.950487 -0.049963
vn 0.138651 -0.598503 -0.789031
vn 0.696533 -0.599394 -0.394422
vn 0.310758 -0.949182 -0.049836
vn 0.696533 -0.599394 -0.394422
vn 0.809540 -0.586883 -0.014612
vn 0.310758 -0.949182 -0.049836
vn 0.696533 -0.599394 -0.394422
vn 0.137928 0.080570 -0.987160
vn 0.809540 -0.586883 -0.014612
vn 0.137928 0.080570 -0.987160
vn 0.999105 -0.001976 0.042253
vn 0.809540 -0.586883 -0.014612
vn 0.999105 -0.001976 0.042253
vn 0.807046 0.582124 0.099041
vn 0.143679 -0.079423 0.986432
vn 0.807046 0.582124 0.099041
vn 0.678104 0.580787 0.450401
vn 0.143679 -0.079423 0.986432
vn 0.807046 0.582124 0.099041
vn 0.306722 0.942311 0.134060
vn 0.678104 0.580787 0.450401
vn 0.306722 0.942311 0.134060
vn 0.134410 0.586891 0.798432
vn 0.678104 0.580787 0.450401
vn 0.306722 0.942311 0.134060
vn -0.310758 0.941006 0.133933
vn 0.134410 0.586891 0.798432
vn -0.310758 0.941006 0.133933
vn -0.191821 0.332887 0.923250
vn 0.134410 0.586891 0.798432
vn -0.310758 0.941006 0.133933
vn -0.809540 0.578707 0.098709
vn -0.191821 0.332887 0.923250
vn -0.809540 0.578707 0.098709
vn -0.314059 0.086512 0.945454
vn -0.191821 0.332887 0.923250
vn -0.809540 0.578707 0.098709
vn -0.999105 -0.006200 0.041843
vn -0.314059 0.086512 0.945454
vn -0.999105 -0.006200 0.041843
vn -0.330003 -0.128769 0.935156
vn -0.314059 0.086512 0.945454
vn -0.999105 -0.006200 0.041843
vn -0.807046 -0.590300 -0.014945
vn -0.330003 -0.128769 0.935156
vn -0.807046 -0.590300 -0.014945
vn -0.265951 -0.332912 0.904677
vn -0.330003 -0.128769 0.935156
vn -0.807046 -0.590300 -0.014945
vn -0.306722 -0.950487 -0.049963
vn -0.265951 -0.332912 0.904677
vn -0.306722 -0.950487 -0.049963
vn -0.092074 -0.536750 0.838702
vn -0.265951 -0.332912 0.904677
vn -0.306722 -0.950487 -0.049963
vn 0.310758 -0.949182 -0.049836
vn -0.092074 -0.536750 0.838702
vn 0.310758 -0.949182 -0.049836
vn 0.280020 -0.682607 0.675008
vn -0.092074 -0.536750 0.838702
vn 0.310758 -0.949182 -0.049836
vn 0.809540 -0.586883 -0.014612
vn 0.280020 -0.682607 0.675008
vn 0.809540 -0.586883 -0.014612
vn 0.800766 -0.488632 0.346430
vn 0.280020 -0.682607 0.675008
vn 0.809540 -0.586883 -0.014612
vn 0.999105 -0.001976 0.042253
vn 0.800766 -0.488632 0.346430
vn 0.999105 -0.001976 0.042253
vn 0.143679 -0.079423 0.986432
vn 0.800766 -0.488632 0.346430
vn 0.137928 0.080570 -0.987160
vn 0.282847 0.692648 -0.663503
vn 0.818921 0.496481 -0.287879
vn 0.143679 -0.079423 0.986432
vn 0.678104 0.580787 0.450401
vn 0.134410 0.586891 0.798432
vn 0.137928 0.080570 -0.987160
vn -0.092898 0.534097 -0.840304
vn 0.282847 0.692648 -0.663503
vn 0.143679 -0.079423 0.986432
vn 0.134410 0.586891 0.798432
vn -0.191821 0.332887 0.923250
vn 0.137928 0.080570 -0.987160
vn -0.262118 0.328222 -0.907504
vn -0.092898 0.534097 -0.840304
vn 0.143679 -0.079423 0.986432
vn -0.191821 0.332887 0.923250
vn -0.314059 0.086512 0.945454
vn 0.137928 0.080570 -0.987160
vn -0.323411 0.127280 -0.937659
vn -0.262118 0.328222 -0.907504
vn 0.143679 -0.079423 0.986432
vn -0.314059 0.086512 0.945454
vn -0.330003 -0.128769 0.935156
vn 0.137928 0.080570 -0.987160
vn -0.308175 -0.084175 -0.947599
vn -0.323411 0.127280 -0.937659
vn 0.143679 -0.079423 0.986432
vn -0.330003 -0.128769 0.935156
vn -0.265951 -0.332912 0.904677
vn 0.137928 0.080570 -0.987160
vn -0.189511 -0.330988 -0.924409
vn -0.308175 -0.084175 -0.947599
vn 0.143679 -0.079423 0.986432
vn -0.265951 -0.332912 0.904677
vn -0.092074 -0.536750 0.838702
vn 0.137928 0.080570 -0.987160
vn 0.138651 -0.598503 -0.789031
vn -0.189511 -0.330988 -0.924409
vn 0.143679 -0.079423 0.986432
vn -0.092074 -0.536750 0.838702
vn 0.280020 -0.682607 0.675008
vn 0.137928 0.080570 -0.987160
vn 0.696533 -0.599394 -0.394422
vn 0.138651 -0.598503 -0.789031
vn 0.143679 -0.079423 0.986432
vn 0.280020 -0.682607 0.675008
vn 0.800766 -0.488632 0.346430
vn 0.000000 1.000000 0.000000
vn -0.610965 0.791658 0.000000
vn -0.462263 0.847082 0.262229
vn 0.000000 1.000000 0.000000
vn -0.462263 0.847082 0.262229
vn -0.000000 0.916058 0.401046
vn 0.000000 1.000000 0.000000
vn -0.000000 0.916058 0.401046
vn 0.462263 0.847082 0.262229
vn 0.000000 1.000000 0.000000
vn 0.462263 0.847082 0.262229
vn 0.610965 0.791658 0.000000
vn 0.000000 1.000000 0.000000
vn 0.610965 0.791658 0.000000
vn 0.462263 0.847082 -0.262229
vn 0.000000 1.000000 0.000000
vn 0.462263 0.847082 -0.262229
vn 0.000000 0.916058 -0.401046
vn 0.000000 1.000000 0.000000
vn 0.000000 0.916058 -0.401046
vn -0.462263 0.847082 -0.262229
vn 0.000000 1.000000 0.000000
vn -0.462263 0.847082 -0.262229
vn -0.610965 0.791658 -0.000000
vn -0.462263 0.847082 0.262229
vn -0.610965 0.791658 0.000000
vn -0.741849 0.522073 0.420831
vn -0.610965 0.791658 0.000000
vn -0.895277 0.445511 0.000000
vn -0.741849 0.522073 0.420831
vn -0.000000 0.916058 0.401046
vn -0.462263 0.847082 0.262229
vn -0.000000 0.659450 0.751749
vn -0.462263 0.847082 0.262229
vn -0.741849 0.522073 0.420831
vn -0.000000 0.659450 0.751749
vn 0.462263 0.847082 0.262229
vn -0.000000 0.916058 0.401046
vn 0.741849 0.522073 0.420831
vn -0.000000 0.916058 0.401046
vn -0.000000 0.659450 0.751749
vn 0.741849 0.522073 0.420831
vn 0.610965 0.791658 0.000000
vn 0.462263 0.847082 0.262229
vn 0.895277 0.445511 0.000000
vn 0.462263 0.847082 0.262229
vn 0.741849 0.522073 0.420831
vn 0.895277 0.445511 0.000000
vn 0.462263 0.847082 -0.262229
vn 0.610965 0.791658 0.000000
vn 0.741849 0.522073 -0.420831
vn 0.610965 0.791658 0.000000
vn 0.895277 0.445511 0.000000
vn 0.741849 0.522073 -0.420831
vn 0.000000 0.916058 -0.401046
vn 0.462263 0.847082 -0.262229
vn 0.000000 0.659450 -0.751749
vn 0.462263 0.847082 -0.262229
vn 0.741849 0.522073 -0.420831
vn 0.000000 0.659450 -0.751749
vn -0.462263 0.847082 -0.262229
vn 0.000000 0.916058 -0.401046
vn -0.741849 0.522073 -0.420831
vn 0.000000 0.916058 -0.401046
vn 0.000000 0.659450 -0.751749
vn -0.741849 0.522073 -0.420831
vn -0.610965 0.791658 -0.000000
vn -0.462263 0.847082 -0.262229
vn -0.895277 0.445511 -0.000000
vn -0.462263 0.847082 -0.262229
vn -0.741849 0.522073 -0.420831
vn -0.895277 0.445511 -0.000000
vn -0.741849 0.522073 0.420831
vn -0.895277 0.445511 0.000000
vn -0.856748 0.172564 0.486010
vn -0.895277 0.445511 0.000000
vn -0.990009 0.141001 0.000000
vn -0.856748 0.172564 0.486010
vn -0.000000 0.659450 0.751749
vn -0.741849 0.522073 0.420831
vn -0.000000 0.243510 0.969898
vn -0.741849 0.522073 0.420831
vn -0.856748 0.172564 0.486010
vn -0.000000 0.243510 0.969898
vn 0.741849 0.522073 0.420831
vn -0.000000 0.659450 0.751749
vn 0.856748 0.172564 0.486010
vn -0.000000 0.659450 0.751749
vn -0.000000 0.243510 0.969898
vn 0.856748 0.172564 0.486010
vn 0.895277 0.445511 0.000000
vn 0.741849 0.522073 0.420831
vn 0.990009 0.141001 0.000000
vn 0.741849 0.522073 0.420831
vn 0.856748 0.172564 0.486010
vn 0.990009 0.141001 0.000000
vn 0.741849 0.522073 -0.420831
vn 0.895277 0.445511 0.000000
vn 0.856748 0.172564 -0.486010
vn 0.895277 0.445511 0.000000
vn 0.990009 0.141001 0.000000
vn 0.856748 0.172564 -0.486010
vn 0.000000 0.659450 -0.751749
vn 0.741849 0.522073 -0.420831
vn 0.000000 0.243510 -0.969898
vn 0.741849 0.522073 -0.420831
vn 0.856748 0.172564 -0.486010
vn 0.000000 0.243510 -0.969898
vn -0.741849 0.522073 -0.420831
vn 0.000000 0.659450 -0.751749
vn -0.856748 0.172564 -0.486010
vn 0.000000 0.659450 -0.751749
vn 0.000000 0.243510 -0.969898
vn -0.856748 0.172564 -0.486010
vn -0.895277 0.445511 -0.000000
vn -0.741849 0.522073 -0.420831
vn -0.990009 0.141001 -0.000000
vn -0.741849 0.522073 -0.420831
vn -0.856748 0.172564 -0.486010
vn -0.990009 0.141001 -0.000000
vn -0.856748 0.172564 0.486010
vn -0.990009 0.141001 0.000000
vn -0.856748 -0.172564 0.486010
vn -0.990009 0.141001 0.000000
vn -0.990009 -0.141001 0.000000
vn -0.856748 -0.172564 0.486010
vn -0.000000 0.243510 0.969898
vn -0.856748 0.172564 0.486010
vn -0.000000 -0.243510 0.969898
vn -0.856748 0.172564 0.486010
vn -0.856748 -0.172564 0.486010
vn -0.000000 -0.243510 0.969898
vn 0.856748 0.172564 0.486010
vn -0.000000 0.243510 0.969898
vn 0.856748 -0.172564 0.486010
vn -0.000000 0.243510 0.969898
vn -0.000000 -0.243510 0.969898
vn 0.856748 -0.172564 0.486010
vn 0.990009 0.141001 0.000000
vn 0.856748 0.172564 0.486010
vn 0.990009 -0.141001 0.000000
vn 0.856748 0.172564 0.486010
vn 0.856748 -0.172564 0.486010
vn 0.990009 -0.141001 0.000000
vn 0.856748 0.172564 -0.486010
vn 0.990009 0.141001 0.000000
vn 0.856748 -0.172564 -0.486010
vn 0.990009 0.141001 0.000000
vn 0.990009 -0.141001 0.000000
vn 0.856748 -0.172564 -0.486010
vn 0.000000 0.243510 -0.969898
vn 0.856748 0.172564 -0.486010
vn 0.000000 -0.243510 -0.969898
vn 0.856748 0.172564 -0.486010
vn 0.856748 -0.172564 -0.486010
vn 0.000000 -0.243510 -0.969898
vn -0.856748 0.172564 -0.486010
vn 0.000000 0.243510 -0.969898
vn -0.856748 -0.172564 -0.486010
vn 0.000000 0.243510 -0.969898
vn 0.000000 -0.243510 -0.969898
vn -0.856748 -0.172564 -0.486010
vn -0.990009 0.141001 -0.000000
vn -0.856748 0.172564 -0.486010
vn -0.990009 -0.141001 -0.000000
vn -0.856748 0.172564 -0.486010
vn -0.856748 -0.172564 -0.486010
vn -0.990009 -0.141001 -0.000000
vn -0.856748 -0.172564 0.486010
vn -0.990009 -0.141001 0.000000
vn -0.741849 -0.522073 0.420831
vn -0.990009 -0.141001 0.000000
vn -0.895277 -0.445511 0.000000
vn -0.741849 -0.522073 0.420831
vn -0.000000 -0.243510 0.969898
vn -0.856748 -0.172564 0.486010
vn -0.000000 -0.659450 0.751749
vn -0.856748 -0.172564 0.486010
vn -0.741849 -0.522073 0.420831
vn -0.000000 -0.659450 0.751749
vn 0.856748 -0.172564 0.486010
vn -0.000000 -0.243510 0.969898
vn 0.741849 -0.522073 0.420831
vn -0.000000 -0.243510 0.969898
vn -0.000000 -0.659450 0.751749
vn 0.741849 -0.522073 0.420831
vn 0.990009 -0.141001 0.000000
vn 0.856748 -0.172564 0.486010
vn 0.895277 -0.445511 0.000000
vn 0.856748 -0.172564 0.486010
vn 0.741849 -0.522073 0.420831
vn 0.895277 -0.445511 0.000000
vn 0.856748 -0.172564 -0.486010
vn 0.990009 -0.141001 0.000000
vn 0.741849 -0.522073 -0.420831
vn 0.990009 -0.141001 0.000000
vn 0.895277 -0.445511 0.000000
vn 0.741849 -0.522073 -0.420831
vn 0.000000 -0.243510 -0.969898
vn 0.856748 -0.172564 -0.486010
vn 0.000000 -0.659450 -0.751749
vn 0.856748 -0.172564 -0.486010
vn 0.741849 -0.522073 -0.420831
vn 0.000000 -0.659450 -0.751749
vn -0.856748 -0.172564 -0.486010
vn 0.000000 -0.243510 -0.969898
vn -0.741849 -0.522073 -0.420831
vn 0.000000 -0.243510 -0.969898
vn 0.000000 -0.659450 -0.751749
vn -0.741849 -0.522073 -0.420831
vn -0.990009 -0.141001 -0.000000
vn -0.856748 -0.172564 -0.486010
vn -0.895277 -0.445511 -0.000000
vn -0.856748 -0.172564 -0.486010
vn -0.741849 -0.522073 -0.420831
vn -0.895277 -0.445511 -0.000000
vn -0.741849 -0.522073 0.420831
vn -0.895277 -0.445511 0.000000
vn -0.462263 -0.847082 0.262229
vn -0.895277 -0.445511 0.000000
vn -0.610965 -0.791658 0.000000
vn -0.462263 -0.847082 0.262229
vn -0.000000 -0.659450 0.751749
vn -0.741849 -0.522073 0.420831
vn -0.000000 -0.916058 0.401046
vn -0.741849 -0.522073 0.420831
vn -0.462263 -0.847082 0.262229
vn -0.000000 -0.916058 0.401046
vn 0.741849 -0.522073 0.420831
vn -0.000000 -0.659450 0.751749
vn 0.462263 -0.847082 0.262229
vn -0.000000 -0.659450 0.751749
vn -0.000000 -0.916058 0.401046
vn 0.462263 -0.847082 0.262229
vn 0.895277 -0.445511 0.000000
vn 0.741849 -0.522073 0.420831
vn 0.610965 -0.791658 0.000000
vn 0.741849 -0.522073 0.420831
vn 0.462263 -0.847082 0.262229
vn 0.610965 -0.791658 0.000000
vn 0.741849 -0.522073 -0.420831
vn 0.895277 -0.445511 0.000000
vn 0.462263 -0.847082 -0.262229
vn 0.895277 -0.445511 0.000000
vn 0.610965 -0.791658 0.000000
vn 0.462263 -0.847082 -0.262229
vn 0.000000 -0.659450 -0.751749
vn 0.741849 -0.522073 -0.420831
vn 0.000000 -0.916058 -0.401046
vn 0.741849 -0.522073 -0.420831
vn 0.462263 -0.847082 -0.262229
vn 0.000000 -0.916058 -0.401046
vn -0.741849 -0.522073 -0.420831
vn 0.000000 -0.659450 -0.751749
vn -0.462263 -0.847082 -0.262229
vn 0.000000 -0.659450 -0.751749
vn 0.000000 -0.916058 -0.401046
vn -0.462263 -0.847082 -0.262229
vn -0.895277 -0.445511 -0.000000
vn -0.741849 -0.522073 -0.420831
vn -0.610965 -0.791658 -0.000000
vn -0.741849 -0.522073 -0.420831
vn -0.462263 -0.847082 -0.262229
vn -0.610965 -0.791658 -0.000000
vn -0.462263 -0.847082 0.262229
vn -0.610965 -0.791658 0.000000
vn -0.000000 -1.000000 0.000000
vn -0.000000 -0.916058 0.401046
vn -0.462263 -0.847082 0.262229
vn -0.000000 -1.000000 0.000000
vn 0.462263 -0.847082 0.262229
vn -0.000000 -0.916058 0.401046
vn 0.000000 -1.000000 0.000000
vn 0.610965 -0.791658 0.000000
vn 0.462263 -0.847082 0.262229
vn 0.000000 -1.000000 0.000000
vn 0.462263 -0.847082 -0.262229
vn 0.610965 -0.791658 0.000000
vn 0.000000 -1.000000 -0.000000
vn 0.000000 -0.916058 -0.401046
vn 0.462263 -0.847082 -0.262229
vn 0.000000 -1.000000 -0.000000
vn -0.462263 -0.847082 -0.262229
vn 0.000000 -0.916058 -0.401046
vn -0.000000 -1.000000 -0.000000
vn -0.610965 -0.791658 -0.000000
vn -0.462263 -0.847082 -0.262229
vn -0.000000 -1.000000 -0.000000
vn -0.117807 -0.400494 0.908695
vn 0.128062 0.759157 0.638186
vn -0.624798 0.320903 0.711792
vn 0.128062 0.759157 0.638186
vn 0.199838 0.951252 0.234912
vn -0.624798 0.320903 0.711792
vn 0.128062 0.759157 0.638186
vn 0.937089 0.326377 -0.123863
vn 0.199838 0.951252 0.234912
vn 0.937089 0.326377 -0.123863
vn 0.523251 0.436275 -0.732034
vn 0.199838 0.951252 0.234912
vn 0.937089 0.326377 -0.123863
vn 0.582790 -0.579934 -0.569239
vn 0.523251 0.436275 -0.732034
vn 0.582790 -0.579934 -0.569239
vn -0.101506 -0.512348 -0.852758
vn 0.523251 0.436275 -0.732034
vn 0.582790 -0.579934 -0.569239
vn -0.501558 -0.851436 -0.153286
vn -0.101506 -0.512348 -0.852758
vn -0.501558 -0.851436 -0.153286
vn -0.811039 -0.583652 0.039576
vn -0.101506 -0.512348 -0.852758
vn -0.501558 -0.851436 -0.153286
vn -0.117807 -0.400494 0.908695
vn -0.811039 -0.583652 0.039576
vn -0.117807 -0.400494 0.908695
vn -0.624798 0.320903 0.711792
vn -0.811039 -0.583652 0.039576
vn -0.624798 0.320903 0.711792
vn 0.199838 0.951252 0.234912
vn -0.420108 0.548974 0.722590
vn 0.199838 0.951252 0.234912
vn 0.395565 0.918438 0.000293
vn -0.420108 0.548974 0.722590
vn 0.199838 0.951252 0.234912
vn 0.523251 0.436275 -0.732034
vn 0.395565 0.918438 0.000293
vn 0.523251 0.436275 -0.732034
vn 0.465616 0.167737 -0.868945
vn 0.395565 0.918438 0.000293
vn 0.523251 0.436275 -0.732034
vn -0.101506 -0.512348 -0.852758
vn 0.465616 0.167737 -0.868945
vn -0.101506 -0.512348 -0.852758
vn -0.301821 -0.668079 -0.680128
vn 0.465616 0.167737 -0.868945
vn -0.101506 -0.512348 -0.852758
vn -0.811039 -0.583652 0.039576
vn -0.301821 -0.668079 -0.680128
vn -0.811039 -0.583652 0.039576
vn -0.846951 -0.434788 0.305996
vn -0.301821 -0.668079 -0.680128
vn -0.811039 -0.583652 0.039576
vn -0.624798 0.320903 0.711792
vn -0.846951 -0.434788 0.305996
vn -0.624798 0.320903 0.711792
vn -0.420108 0.548974 0.722590
vn -0.846951 -0.434788 0.305996
vn -0.117807 -0.400494 0.908695
vn 0.937089 0.326377 -0.123863
vn 0.128062 0.759157 0.638186
vn -0.420108 0.548974 0.722590
vn 0.395565 0.918438 0.000293
vn 0.465616 0.167737 -0.868945
vn -0.117807 -0.400494 0.908695
vn 0.582790 -0.579934 -0.569239
vn 0.937089 0.326377 -0.123863
vn -0.420108 0.548974 0.722590
vn 0.465616 0.167737 -0.868945
vn -0.301821 -0.668079 -0.680128
vn -0.117807 -0.400494 0.908695
vn -0.501558 -0.851436 -0.153286
vn 0.582790 -0.579934 -0.569239
vn -0.420108 0.548974 0.722590
vn -0.301821 -0.668079 -0.680128
vn -0.846951 -0.434788 0.305996
vn 0.000000 1.000000 0.000000
vn -0.610965 0.791658 0.000000
vn -0.462263 0.847082 0.262229
vn 0.000000 1.000000 0.000000
vn -0.462263 0.847082 0.262229
vn -0.000000 0.916058 0.401046
vn 0.000000 1.000000 0.000000
vn -0.000000 0.916058 0.401046
vn 0.462263 0.847082 0.262229
vn 0.000000 1.000000 0.000000
vn 0.462263 0.847082 0.262229
vn 0.610965 0.791658 0.000000
vn 0.000000 1.000000 0.000000
vn 0.610965 0.791658 0.000000
vn 0.462263 0.847082 -0.262229
vn 0.000000 1.000000 0.000000
vn 0.462263 0.847082 -0.262229
vn 0.000000 0.916058 -0.401046
vn 0.000000 1.000000 0.000000
vn 0.000000 0.916058 -0.401046
vn -0.462263 0.847082 -0.262229
vn 0.000000 1.000000 0.000000
vn -0.462263 0.847082 -0.262229
vn -0.610965 0.791658 -0.000000
vn -0.462263 0.847082 0.262229
vn -0.610965 0.791658 0.000000
vn -0.741849 0.522073 0.420831
vn -0.610965 0.791658 0.000000
vn -0.895277 0.445511 0.000000
vn -0.741849 0.522073 0.420831
vn -0.000000 0.916058 0.401046
vn -0.462263 0.847082 0.262229
vn -0.000000 0.659450 0.751749
vn -0.462263 0.847082 0.262229
vn -0.741849 0.522073 0.420831
vn -0.000000 0.659450 0.751749
vn 0.462263 0.847082 0.262229
vn -0.000000 0.916058 0.401046
vn 0.741849 0.522073 0.420831
vn -0.000000 0.916058 0.401046
vn -0.000000 0.659450 0.751749
vn 0.741849 0.522073 0.420831
vn 0.610965 0.791658 0.000000
vn 0.462263 0.847082 0.262229
vn 0.895277 0.445511 0.000000
vn 0.462263 0.847082 0.262229
vn 0.741849 0.522073 0.420831
vn 0.895277 0.445511 0.000000
vn 0.462263 0.847082 -0.262229
vn 0.610965 0.791658 0.000000
vn 0.741849 0.522073 -0.420831
vn 0.610965 0.791658 0.000000
vn 0.895277 0.445511 0.000000
vn 0.741849 0.522073 -0.420831
vn 0.000000 0.916058 -0.401046
vn 0.462263 0.847082 -0.262229
vn 0.000000 0.659450 -0.751749
vn 0.462263 0.847082 -0.262229
vn 0.741849 0.522073 -0.420831
vn 0.000000 0.659450 -0.751749
vn -0.462263 0.847082 -0.262229
vn 0.000000 0.916058 -0.401046
vn -0.741849 0.522073 -0.420831
vn 0.000000 0.916058 -0.401046
vn 0.000000 0.659450 -0.751749
vn -0.741849 0.522073 -0.420831
vn -0.610965 0.791658 -0.000000
vn -0.462263 0.847082 -0.262229
vn -0.895277 0.445511 -0.000000
vn -0.462263 0.847082 -0.262229
vn -0.741849 0.522073 -0.420831
vn -0.895277 0.445511 -0.000000
vn -0.741849 0.522073 0.420831
vn -0.895277 0.445511 0.000000
vn -0.856748 0.172564 0.486010
vn -0.895277 0.445511 0.000000
vn -0.990009 0.141001 0.000000
vn -0.856748 0.172564 0.486010
vn -0.000000 0.659450 0.751749
vn -0.741849 0.522073 0.420831
vn -0.000000 0.243510 0.969898
vn -0.741849 0.522073 0.420831
vn -0.856748 0.172564 0.486010
vn -0.000000 0.243510 0.969898
vn 0.741849 0.522073 0.420831
vn -0.000000 0.659450 0.751749
vn 0.856748 0.172564 0.486010
vn -0.000000 0.659450 0.751749
vn -0.000000 0.243510 0.969898
vn 0.856748 0.172564 0.486010
vn 0.895277 0.445511 0.000000
vn 0.741849 0.522073 0.420831
vn 0.990009 0.141001 0.000000
vn 0.741849 0.522073 0.420831
vn 0.856748 0.172564 0.486010
vn 0.990009 0.141001 0.000000
vn 0.741849 0.522073 -0.420831
vn 0.895277 0.445511 0.000000
vn 0.856748 0.172564 -0.486010
vn 0.895277 0.445511 0.000000
vn 0.990009 0.141001 0.000000
vn 0.856748 0.172564 -0.486010
vn 0.000000 0.659450 -0.751749
vn 0.741849 0.522073 -0.420831
vn 0.000000 0.243510 -0.969898
vn 0.741849 0.522073 -0.420831
vn 0.856748 0.172564 -0.486010
vn 0.000000 0.243510 -0.969898
vn -0.741849 0.522073 -0.420831
vn 0.000000 0.659450 -0.751749
vn -0.856748 0.172564 -0.486010
vn 0.000000 0.659450 -0.751749
vn 0.000000 0.243510 -0.969898
vn -0.856748 0.172564 -0.486010
vn -0.895277 0.445511 -0.000000
vn -0.741849 0.522073 -0.420831
vn -0.990009 0.141001 -0.000000
vn -0.741849 0.522073 -0.420831
vn -0.856748 0.172564 -0.486010
vn -0.990009 0.141001 -0.000000
vn -0.856748 0.172564 0.486010
vn -0.990009 0.141001 0.000000
vn -0.856748 -0.172564 0.486010
vn -0.990009 0.141001 0.000000
vn -0.990009 -0.141001 0.000000
vn -0.856748 -0.172564 0.486010
vn -0.000000 0.243510 0.969898
vn -0.856748 0.172564 0.486010
vn -0.000000 -0.243510 0.969898
vn -0.856748 0.172564 0.486010
vn -0.856748 -0.172564 0.486010
vn -0.000000 -0.243510 0.969898
vn 0.856748 0.172564 0.486010
vn -0.000000 0.243510 0.969898
vn 0.856748 -0.172564 0.486010
vn -0.000000 0.243510 0.969898
vn -0.000000 -0.243510 0.969898
vn 0.856748 -0.172564 0.486010
vn 0.990009 0.141001 0.000000
vn 0.856748 0.172564 0.486010
vn 0.990009 -0.141001 0.000000
vn 0.856748 0.172564 0.486010
vn 0.856748 -0.172564 0.486010
vn 0.990009 -0.141001 0.000000
vn 0.856748 0.172564 -0.486010
vn 0.990009 0.141001 0.000000
vn 0.856748 -0.172564 -0.486010
vn 0.990009 0.141001 0.000000
vn 0.990009 -0.141001 0.000000
vn 0.856748 -0.172564 -0.486010
vn 0.000000 0.243510 -0.969898
vn 0.856748 0.172564 -0.486010
vn 0.000000 -0.243510 -0.969898
vn 0.856748 0.172564 -0.486010
vn 0.856748 -0.172564 -0.486010
vn 0.000000 -0.243510 -0.969898
vn -0.856748 0.172564 -0.486010
vn 0.000000 0.243510 -0.969898
vn -0.856748 -0.172564 -0.486010
vn 0.000000 0.243510 -0.969898
vn 0.000000 -0.243510 -0.969898
vn -0.856748 -0.172564 -0.486010
vn -0.990009 0.141001 -0.000000
vn -0.856748 0.172564 -0.486010
vn -0.990009 -0.141001 -0.000000
vn -0.856748 0.172564 -0.486010
vn -0.856748 -0.172564 -0.486010
vn -0.990009 -0.141001 -0.000000
vn -0.856748 -0.172564 0.486010
vn -0.990009 -0.141001 0.000000
vn -0.741849 -0.522073 0.420831
vn -0.990009 -0.141001 0.000000
vn -0.895277 -0.445511 0.000000
vn -0.741849 -0.522073 0.420831
vn -0.000000 -0.243510 0.969898
vn -0.856748 -0.172564 0.486010
vn -0.000000 -0.659450 0.751749
vn -0.856748 -0.172564 0.486010
vn -0.741849 -0.522073 0.420831
vn -0.000000 -0.659450 0.751749
vn 0.856748 -0.172564 0.486010
vn -0.000000 -0.243510 0.969898
vn 0.741849 -0.522073 0.420831
vn -0.000000 -0.243510 0.969898
vn -0.000000 -0.659450 0.751749
vn 0.741849 -0.522073 0.420831
vn 0.990009 -0.141001 0.000000
vn 0.856748 -0.172564 0.486010
vn 0.895277 -0.445511 0.000000
vn 0.856748 -0.172564 0.486010
vn 0.741849 -0.522073 0.420831
vn 0.895277 -0.445511 0.000000
vn 0.856748 -0.172564 -0.486010
vn 0.990009 -0.141001 0.000000
vn 0.741849 -0.522073 -0.420831
vn 0.990009 -0.141001 0.000000
vn 0.895277 -0.445511 0.000000
vn 0.741849 -0.522073 -0.420831
vn 0.000000 -0.243510 -0.969898
vn 0.856748 -0.172564 -0.486010
vn 0.000000 -0.659450 -0.751749
vn 0.856748 -0.172564 -0.486010
vn 0.741849 -0.522073 -0.420831
vn 0.000000 -0.659450 -0.751749
vn -0.856748 -0.172564 -0.486010
vn 0.000000 -0.243510 -0.969898
vn -0.741849 -0.522073 -0.420831
vn 0.000000 -0.243510 -0.969898
vn 0.000000 -0.659450 -0.751749
vn -0.741849 -0.522073 -0.420831
vn -0.990009 -0.141001 -0.000000
vn -0.856748 -0.172564 -0.486010
vn -0.895277 -0.445511 -0.000000
vn -0.856748 -0.172564 -0.486010
vn -0.741849 -0.522073 -0.420831
vn -0.895277 -0.445511 -0.000000
vn -0.741849 -0.522073 0.420831
vn -0.895277 -0.445511 0.000000
vn -0.462263 -0.847082 0.262229
vn -0.895277 -0.445511 0.000000
vn -0.610965 -0.791658 0.000000
vn -0.462263 -0.847082 0.262229
vn -0.000000 -0.659450 0.751749
vn -0.741849 -0.522073 0.420831
vn -0.000000 -0.916058 0.401046
vn -0.741849 -0.522073 0.420831
vn -0.462263 -0.847082 0.262229
vn -0.000000 -0.916058 0.401046
vn 0.741849 -0.522073 0.420831
vn -0.000000 -0.659450 0.751749
vn 0.462263 -0.847082 0.262229
vn -0.000000 -0.659450 0.751749
vn -0.000000 -0.916058 0.401046
vn 0.462263 -0.847082 0.262229
vn 0.895277 -0.445511 0.000000
vn 0.741849 -0.522073 0.420831
vn 0.610965 -0.791658 0.000000
vn 0.741849 -0.522073 0.420831
vn 0.462263 -0.847082 0.262229
vn 0.610965 -0.791658 0.000000
vn 0.741849 -0.522073 -0.420831
vn 0.895277 -0.445511 0.000000
vn 0.462263 -0.847082 -0.262229
vn 0.895277 -0.445511 0.000000
vn 0.610965 -0.791658 0.000000
vn 0.462263 -0.847082 -0.262229
vn 0.000000 -0.659450 -0.751749
vn 0.741849 -0.522073 -0.420831
vn 0.000000 -0.916058 -0.401046
vn 0.741849 -0.522073 -0.420831
vn 0.462263 -0.847082 -0.262229
vn 0.000000 -0.916058 -0.401046
vn -0.741849 -0.522073 -0.420831
vn 0.000000 -0.659450 -0.751749
vn -0.462263 -0.847082 -0.262229
vn 0.000000 -0.659450 -0.751749
vn 0.000000 -0.916058 -0.401046
vn -0.462263 -0.847082 -0.262229
vn -0.895277 -0.445511 -0.000000
vn -0.741849 -0.522073 -0.420831
vn -0.610965 -0.791658 -0.000000
vn -0.741849 -0.522073 -0.420831
vn -0.462263 -0.847082 -0.262229
vn -0.610965 -0.791658 -0.000000
vn -0.462263 -0.847082 0.262229
vn -0.610965 -0.791658 0.000000
vn -0.000000 -1.000000 0.000000
vn -0.000000 -0.916058 0.401046
vn -0.462263 -0.847082 0.262229
vn -0.000000 -1.000000 0.000000
vn 0.462263 -0.847082 0.262229
vn -0.000000 -0.916058 0.401046
vn 0.000000 -1.000000 0.000000
vn 0.610965 -0.791658 0.000000
vn 0.462263 -0.847082 0.262229
vn 0.000000 -1.000000 0.000000
vn 0.462263 -0.847082 -0.262229
vn 0.610965 -0.791658 0.000000
vn 0.000000 -1.000000 -0.000000
vn 0.000000 -0.916058 -0.401046
vn 0.462263 -0.847082 -0.262229
vn 0.000000 -1.000000 -0.000000
vn -0.462263 -0.847082 -0.262229
vn 0.000000 -0.916058 -0.401046
vn -0.000000 -1.000000 -0.000000
vn -0.610965 -0.791658 -0.000000
vn -0.462263 -0.847082 -0.262229
vn -0.000000 -1.000000 -0.000000
vn -0.832118 -0.400494 -0.383645
vn -0.647320 0.759157 -0.068247
vn -0.492874 0.320903 -0.808762
vn -0.647320 0.759157 -0.068247
vn -0.283849 0.951252 0.120618
vn -0.492874 0.320903 -0.808762
vn -0.647320 0.759157 -0.068247
vn -0.161465 0.326377 0.931347
vn -0.283849 0.951252 0.120618
vn -0.161465 0.326377 0.931347
vn 0.542501 0.436274 0.717884
vn -0.283849 0.951252 0.120618
vn -0.161465 0.326377 0.931347
vn 0.369355 -0.579934 0.726122
vn 0.542501 0.436274 0.717884
vn 0.369355 -0.579934 0.726122
vn 0.844187 -0.512348 0.157633
vn 0.542501 0.436274 0.717884
vn 0.369355 -0.579934 0.726122
vn 0.295994 -0.851436 -0.432949
vn 0.844187 -0.512348 0.157633
vn 0.295994 -0.851436 -0.432949
vn 0.204290 -0.583652 -0.785886
vn 0.844187 -0.512348 0.157633
vn 0.295994 -0.851436 -0.432949
vn -0.832118 -0.400494 -0.383645
vn 0.204290 -0.583652 -0.785886
vn -0.832118 -0.400494 -0.383645
vn -0.492874 0.320903 -0.808762
vn 0.204290 -0.583652 -0.785886
vn -0.492874 0.320903 -0.808762
vn -0.283849 0.951252 0.120618
vn -0.564271 0.548974 -0.616624
vn -0.283849 0.951252 0.120618
vn -0.118339 0.918438 0.377448
vn -0.564271 0.548974 -0.616624
vn -0.283849 0.951252 0.120618
vn 0.542501 0.436274 0.717884
vn -0.118339 0.918438 0.377448
vn 0.542501 0.436274 0.717884
vn 0.690374 0.167737 0.703739
vn -0.118339 0.918438 0.377448
vn 0.542501 0.436274 0.717884
vn 0.844187 -0.512348 0.157633
vn 0.690374 0.167737 0.703739
vn 0.844187 -0.512348 0.157633
vn 0.739210 -0.668079 -0.085075
vn 0.690374 0.167737 0.703739
vn 0.844187 -0.512348 0.157633
vn 0.204290 -0.583652 -0.785886
vn 0.739210 -0.668079 -0.085075
vn 0.204290 -0.583652 -0.785886
vn -0.039270 -0.434788 -0.899676
vn 0.739210 -0.668079 -0.085075
vn 0.204290 -0.583652 -0.785886
vn -0.492874 0.320903 -0.808762
vn -0.039270 -0.434788 -0.899676
vn -0.492874 0.320903 -0.808762
vn -0.564271 0.548974 -0.616624
vn -0.039270 -0.434788 -0.899676
vn -0.832118 -0.400494 -0.383645
vn -0.161465 0.326377 0.931347
vn -0.647320 0.759157 -0.068247
vn -0.564271 0.548974 -0.616624
vn -0.118339 0.918438 0.377448
vn 0.690374 0.167737 0.703739
vn -0.832118 -0.400494 -0.383645
vn 0.369355 -0.579934 0.726122
vn -0.161465 0.326377 0.931347
vn -0.564271 0.548974 -0.616624
vn 0.690374 0.167737 0.703739
vn 0.739210 -0.668079 -0.085075
vn -0.832118 -0.400494 -0.383645
vn 0.295994 -0.851436 -0.432949
vn 0.369355 -0.579934 0.726122
vn -0.564271 0.548974 -0.616624
vn 0.739210 -0.668079 -0.085075
vn -0.039270 -0.434788 -0.899676
vn -0.799731 -0.519306 0.301249
vn -0.438370 0.574793 0.690974
vn -0.942266 0.334255 0.020226
vn -0.438370 0.574793 0.690974
vn -0.068441 0.815184 0.575144
vn -0.942266 0.334255 0.020226
vn -0.438370 0.574793 0.690974
vn 0.653898 0.098816 0.750102
vn -0.068441 0.815184 0.575144
vn 0.653898 0.098816 0.750102
vn 0.899968 0.419514 0.118602
vn -0.068441 0.815184 0.575144
vn 0.653898 0.098816 0.750102
vn 0.802716 -0.594292 -0.049638
vn 0.899968 0.419514 0.118602
vn 0.802716 -0.594292 -0.049638
vn 0.624651 -0.305952 -0.718474
vn 0.899968 0.419514 0.118602
vn 0.802716 -0.594292 -0.049638
vn -0.173542 -0.658618 -0.732192
vn 0.624651 -0.305952 -0.718474
vn -0.173542 -0.658618 -0.732192
vn -0.513912 -0.358645 -0.779274
vn 0.624651 -0.305952 -0.718474
vn -0.173542 -0.658618 -0.732192
vn -0.799731 -0.519306 0.301249
vn -0.513912 -0.358645 -0.779274
vn -0.799731 -0.519306 0.301249
vn -0.942266 0.334255 0.020226
vn -0.513912 -0.358645 -0.779274
vn -0.942266 0.334255 0.020226
vn -0.068441 0.815184 0.575144
vn -0.823346 0.503660 0.261587
vn -0.068441 0.815184 0.575144
vn 0.247457 0.775898 0.580300
vn -0.823346 0.503660 0.261587
vn -0.068441 0.815184 0.575144
vn 0.899968 0.419514 0.118602
vn 0.247457 0.775898 0.580300
vn 0.899968 0.419514 0.118602
vn 0.976426 0.194734 -0.093113
vn 0.247457 0.775898 0.580300
vn 0.899968 0.419514 0.118602
vn 0.624651 -0.305952 -0.718474
vn 0.976426 0.194734 -0.093113
vn 0.624651 -0.305952 -0.718474
vn 0.356108 -0.439331 -0.824727
vn 0.976426 0.194734 -0.093113
vn 0.624651 -0.305952 -0.718474
vn -0.513912 -0.358645 -0.779274
vn 0.356108 -0.439331 -0.824727
vn -0.513912 -0.358645 -0.779274
vn -0.756644 -0.250456 -0.603955
vn 0.356108 -0.439331 -0.824727
vn -0.513912 -0.358645 -0.779274
vn -0.942266 0.334255 0.020226
vn -0.756644 -0.250456 -0.603955
vn -0.942266 0.334255 0.020226
vn -0.823346 0.503660 0.261587
vn -0.756644 -0.250456 -0.603955
vn -0.799731 -0.519306 0.301249
vn 0.653898 0.098816 0.750102
vn -0.438370 0.574793 0.690974
vn -0.823346 0.503660 0.261587
vn 0.247457 0.775898 0.580300
vn 0.976426 0.194734 -0.093113
vn -0.799731 -0.519306 0.301249
vn 0.802716 -0.594292 -0.049638
vn 0.653898 0.098816 0.750102
vn -0.823346 0.503660 0.261587
vn 0.976426 0.194734 -0.093113
vn 0.356108 -0.439331 -0.824727
vn -0.799731 -0.519306 0.301249
vn -0.173542 -0.658618 -0.732192
vn 0.802716 -0.594292 -0.049638
vn -0.823346 0.503660 0.261587
vn 0.356108 -0.439331 -0.824727
vn -0.756644 -0.250456 -0.603955
vn 0.000000 1.000000 0.000000
vn -0.201577 0.979473 0.000000
vn -0.155062 0.931325 0.329529
vn 0.000000 1.000000 0.000000
vn -0.155062 0.931325 0.329529
vn -0.055107 0.866521 0.496089
vn 0.000000 1.000000 0.000000
vn -0.055107 0.866521 0.496089
vn 0.055107 0.866521 0.496089
vn 0.000000 1.000000 0.000000
vn 0.055107 0.866521 0.496089
vn 0.155062 0.931325 0.329529
vn 0.000000 1.000000 0.000000
vn 0.155062 0.931325 0.329529
vn 0.201577 0.979473 0.000000
vn 0.000000 1.000000 0.000000
vn 0.201577 0.979473 0.000000
vn 0.155062 0.931325 -0.329529
vn 0.000000 1.000000 0.000000
vn 0.155062 0.931325 -0.329529
vn 0.055107 0.866521 -0.496089
vn 0.000000 1.000000 0.000000
vn 0.055107 0.866521 -0.496089
vn -0.055107 0.866521 -0.496089
vn 0.000000 1.000000 0.000000
vn -0.055107 0.866521 -0.496089
vn -0.155062 0.931325 -0.329529
vn 0.000000 1.000000 0.000000
vn -0.155062 0.931325 -0.329529
vn -0.201577 0.979473 -0.000000
vn -0.155062 0.931325 0.329529
vn -0.201577 0.979473 0.000000
vn -0.303775 0.700691 0.645564
vn -0.201577 0.979473 0.000000
vn -0.472335 0.881419 0.000000
vn -0.303775 0.700691 0.645564
vn -0.055107 0.866521 0.496089
vn -0.155062 0.931325 0.329529
vn -0.091860 0.554725 0.826947
vn -0.155062 0.931325 0.329529
vn -0.303775 0.700691 0.645564
vn -0.091860 0.554725 0.826947
vn 0.055107 0.866521 0.496089
vn -0.055107 0.866521 0.496089
vn 0.091860 0.554725 0.826947
vn -0.055107 0.866521 0.496089
vn -0.091860 0.554725 0.826947
vn 0.091860 0.554725 0.826947
vn 0.155062 0.931325 0.329529
vn 0.055107 0.866521 0.496089
vn 0.303775 0.700691 0.645564
vn 0.055107 0.866521 0.496089
vn 0.091860 0.554725 0.826947
vn 0.303775 0.700691 0.645564
vn 0.201577 0.979473 0.000000
vn 0.155062 0.931325 0.329529
vn 0.472335 0.881419 0.000000
vn 0.155062 0.931325 0.329529
vn 0.303775 0.700691 0.645564
vn 0.472335 0.881419 0.000000
vn 0.155062 0.931325 -0.329529
vn 0.201577 0.979473 0.000000
vn 0.303775 0.700691 -0.645564
vn 0.201577 0.979473 0.000000
vn 0.472335 0.881419 0.000000
vn 0.303775 0.700691 -0.645564
vn 0.055107 0.866521 -0.496089
vn 0.155062 0.931325 -0.329529
vn 0.091860 0.554725 -0.826947
vn 0.155062 0.931325 -0.329529
vn 0.303775 0.700691 -0.645564
vn 0.091860 0.554725 -0.826947
vn -0.055107 0.866521 -0.496089
vn 0.055107 0.866521 -0.496089
vn -0.091860 0.554725 -0.826947
vn 0.055107 0.866521 -0.496089
vn 0.091860 0.554725 -0.826947
vn -0.091860 0.554725 -0.826947
vn -0.155062 0.931325 -0.329529
vn -0.055107 0.866521 -0.496089
vn -0.303775 0.700691 -0.645564
vn -0.055107 0.866521 -0.496089
vn -0.091860 0.554725 -0.826947
vn -0.303775 0.700691 -0.645564
vn -0.201577 0.979473 -0.000000
vn -0.155062 0.931325 -0.329529
vn -0.472335 0.881419 -0.000000
vn -0.155062 0.931325 -0.329529
vn -0.303775 0.700691 -0.645564
vn -0.472335 0.881419 -0.000000
vn -0.303775 0.700691 0.645564
vn -0.472335 0.881419 0.000000
vn -0.409890 0.270598 0.871072
vn -0.472335 0.881419 0.000000
vn -0.882076 0.471108 0.000000
vn -0.409890 0.270598 0.871072
vn -0.091860 0.554725 0.826947
vn -0.303775 0.700691 0.645564
vn -0.108448 0.187436 0.976272
vn -0.303775 0.700691 0.645564
vn -0.409890 0.270598 0.871072
vn -0.108448 0.187436 0.976272
vn 0.091860 0.554725 0.826947
vn -0.091860 0.554725 0.826947
vn 0.108448 0.187436 0.976272
vn -0.091860 0.554725 0.826947
vn -0.108448 0.187436 0.976272
vn 0.108448 0.187436 0.976272
vn 0.303775 0.700691 0.645564
vn 0.091860 0.554725 0.826947
vn 0.409890 0.270598 0.871072
vn 0.091860 0.554725 0.826947
vn 0.108448 0.187436 0.976272
vn 0.409890 0.270598 0.871072
vn 0.472335 0.881419 0.000000
vn 0.303775 0.700691 0.645564
vn 0.882076 0.471108 0.000000
vn 0.303775 0.700691 0.645564
vn 0.409890 0.270598 0.871072
vn 0.882076 0.471108 0.000000
vn 0.303775 0.700691 -0.645564
vn 0.472335 0.881419 0.000000
vn 0.409890 0.270598 -0.871072
vn 0.472335 0.881419 0.000000
vn 0.882076 0.471108 0.000000
vn 0.409890 0.270598 -0.871072
vn 0.091860 0.554725 -0.826947
vn 0.303775 0.700691 -0.645564
vn 0.108448 0.187436 -0.976272
vn 0.303775 0.700691 -0.645564
vn 0.409890 0.270598 -0.871072
vn 0.108448 0.187436 -0.976272
vn -0.091860 0.554725 -0.826947
vn 0.091860 0.554725 -0.826947
vn -0.108448 0.187436 -0.976272
vn 0.091860 0.554725 -0.826947
vn 0.108448 0.187436 -0.976272
vn -0.108448 0.187436 -0.976272
vn -0.303775 0.700691 -0.645564
vn -0.091860 0.554725 -0.826947
vn -0.409890 0.270598 -0.871072
vn -0.091860 0.554725 -0.826947
vn -0.108448 0.187436 -0.976272
vn -0.409890 0.270598 -0.871072
vn -0.472335 0.881419 -0.000000
vn -0.303775 0.700691 -0.645564
vn -0.882076 0.471108 -0.000000
vn -0.303775 0.700691 -0.645564
vn -0.409890 0.270598 -0.871072
vn -0.882076 0.471108 -0.000000
vn -0.409890 0.270598 0.871072
vn -0.882076 0.471108 0.000000
vn -0.409890 -0.270598 0.871072
vn -0.882076 0.471108 0.000000
vn -0.882076 -0.471108 0.000000
vn -0.409890 -0.270598 0.871072
vn -0.108448 0.187436 0.976272
vn -0.409890 0.270598 0.871072
vn -0.108448 -0.187436 0.976272
vn -0.409890 0.270598 0.871072
vn -0.409890 -0.270598 0.871072
vn -0.108448 -0.187436 0.976272
vn 0.108448 0.187436 0.976272
vn -0.108448 0.187436 0.976272
vn 0.108448 -0.187436 0.976272
vn -0.108448 0.187436 0.976272
vn -0.108448 -0.187436 0.976272
vn 0.108448 -0.187436 0.976272
vn 0.409890 0.270598 0.871072
vn 0.108448 0.187436 0.976272
vn 0.409890 -0.270598 0.871072
vn 0.108448 0.187436 0.976272
vn 0.108448 -0.187436 0.976272
vn 0.409890 -0.270598 0.871072
vn 0.882076 0.471108 0.000000
vn 0.409890 0.270598 0.871072
vn 0.882076 -0.471108 0.000000
vn 0.409890 0.270598 0.871072
vn 0.409890 -0.270598 0.871072
vn 0.882076 -0.471108 0.000000
vn 0.409890 0.270598 -0.871072
vn 0.882076 0.471108 0.000000
vn 0.409890 -0.270598 -0.871072
vn 0.882076 0.471108 0.000000
vn 0.882076 -0.471108 0.000000
vn 0.409890 -0.270598 -0.871072
vn 0.108448 0.187436 -0.976272
vn 0.409890 0.270598 -0.871072
vn 0.108448 -0.187436 -0.976272
vn 0.409890 0.270598 -0.871072
vn 0.409890 -0.270598 -0.871072
vn 0.108448 -0.187436 -0.976272
vn -0.108448 0.187436 -0.976272
vn 0.108448 0.187436 -0.976272
vn -0.108448 -0.187436 -0.976272
vn 0.108448 0.187436 -0.976272
vn 0.108448 -0.187436 -0.976272
vn -0.108448 -0.187436 -0.976272
vn -0.409890 0.270598 -0.871072
vn -0.108448 0.187436 -0.976272
vn -0.409890 -0.270598 -0.871072
vn -0.108448 0.187436 -0.976272
vn -0.108448 -0.187436 -0.976272
vn -0.409890 -0.270598 -0.871072
vn -0.882076 0.471108 -0.000000
vn -0.409890 0.270598 -0.871072
vn -0.882076 -0.471108 -0.000000
vn -0.409890 0.270598 -0.871072
vn -0.409890 -0.270598 -0.871072
vn -0.882076 -0.471108 -0.000000
vn -0.409890 -0.270598 0.871072
vn -0.882076 -0.471108 0.000000
vn -0.303775 -0.700691 0.645564
vn -0.882076 -0.471108 0.000000
vn -0.472335 -0.881419 0.000000
vn -0.303775 -0.700691 0.645564
vn -0.108448 -0.187436 0.976272
vn -0.409890 -0.270598 0.871072
vn -0.091860 -0.554725 0.826947
vn -0.409890 -0.270598 0.871072
vn -0.303775 -0.700691 0.645564
vn -0.091860 -0.554725 0.826947
vn 0.108448 -0.187436 0.976272
vn -0.108448 -0.187436 0.976272
vn 0.091860 -0.554725 0.826947
vn -0.108448 -0.187436 0.976272
vn -0.091860 -0.554725 0.826947
vn 0.091860 -0.554725 0.826947
vn 0.409890 -0.270598 0.871072
vn 0.108448 -0.187436 0.976272
vn 0.303775 -0.700691 0.645564
vn 0.108448 -0.187436 0.976272
vn 0.091860 -0.554725 0.826947
vn 0.303775 -0.700691 0.645564
vn 0.882076 -0.471108 0.000000
vn 0.409890 -0.270598 0.871072
vn 0.472335 -0.881419 0.000000
vn 0.409890 -0.270598 0.871072
vn 0.303775 -0.700691 0.645564
vn 0.472335 -0.881419 0.000000
vn 0.409890 -0.270598 -0.871072
vn 0.882076 -0.471108 0.000000
vn 0.303775 -0.700691 -0.645564
vn 0.882076 -0.471108 0.000000
vn 0.472335 -0.881419 0.000000
vn 0.303775 -0.700691 -0.645564
vn 0.108448 -0.187436 -0.976272
vn 0.409890 -0.270598 -0.871072
vn 0.091860 -0.554725 -0.826947
vn 0.409890 -0.270598 -0.871072
vn 0.303775 -0.700691 -0.645564
vn 0.091860 -0.554725 -0.826947
vn -0.108448 -0.187436 -0.976272
vn 0.108448 -0.187436 -0.976272
vn -0.091860 -0.554725 -0.826947
vn 0.108448 -0.187436 -0.976272
vn 0.091860 -0.554725 -0.826947
vn -0.091860 -0.554725 -0.826947
vn -0.409890 -0.270598 -0.871072
vn -0.108448 -0.187436 -0.976272
vn -0.303775 -0.700691 -0.645564
vn -0.108448 -0.187436 -0.976272
vn -0.091860 -0.554725 -0.826947
vn -0.303775 -0.700691 -0.645564
vn -0.882076 -0.471108 -0.000000
vn -0.409890 -0.270598 -0.871072
vn -0.472335 -0.881419 -0.000000
vn -0.409890 -0.270598 -0.871072
vn -0.303775 -0.700691 -0.645564
vn -0.472335 -0.881419 -0.000000
vn -0.303775 -0.700691 0.645564
vn -0.472335 -0.881419 0.000000
vn -0.155062 -0.931325 0.329529
vn -0.472335 -0.881419 0.000000
vn -0.201577 -0.979473 0.000000
vn -0.155062 -0.931325 0.329529
vn -0.091860 -0.554725 0.826947
vn -0.303775 -0.700691 0.645564
vn -0.055107 -0.866521 0.496089
vn -0.303775 -0.700691 0.645564
vn -0.155062 -0.931325 0.329529
vn -0.055107 -0.866521 0.496089
vn 0.091860 -0.554725 0.826947
vn -0.091860 -0.554725 0.826947
vn 0.055107 -0.866521 0.496089
vn -0.091860 -0.554725 0.826947
vn -0.055107 -0.866521 0.496089
vn 0.055107 -0.866521 0.496089
vn 0.303775 -0.700691 0.645564
vn 0.091860 -0.554725 0.826947
vn 0.155062 -0.931325 0.329529
vn 0.091860 -0.554725 0.826947
vn 0.055107 -0.866521 0.496089
vn 0.155062 -0.931325 0.329529
vn 0.472335 -0.881419 0.000000
vn 0.303775 -0.700691 0.645564
vn 0.201577 -0.979473 0.000000
vn 0.303775 -0.700691 0.645564
vn 0.155062 -0.931325 0.329529
vn 0.201577 -0.979473 0.000000
vn 0.303775 -0.700691 -0.645564
vn 0.472335 -0.881419 0.000000
vn 0.155062 -0.931325 -0.329529
vn 0.472335 -0.881419 0.000000
vn 0.201577 -0.979473 0.000000
vn 0.155062 -0.931325 -0.329529
vn 0.091860 -0.554725 -0.826947
vn 0.303775 -0.700691 -0.645564
vn 0.055107 -0.866521 -0.496089
vn 0.303775 -0.700691 -0.645564
vn 0.155062 -0.931325 -0.329529
vn 0.055107 -0.866521 -0.496089
vn -0.091860 -0.554725 -0.826947
vn 0.091860 -0.554725 -0.826947
vn -0.055107 -0.866521 -0.496089
vn 0.091860 -0.554725 -0.826947
vn 0.055107 -0.866521 -0.496089
vn -0.055107 -0.866521 -0.496089
vn -0.303775 -0.700691 -0.645564
vn -0.091860 -0.554725 -0.826947
vn -0.155062 -0.931325 -0.329529
vn -0.091860 -0.554725 -0.826947
vn -0.055107 -0.866521 -0.496089
vn -0.155062 -0.931325 -0.329529
vn -0.472335 -0.881419 -0.000000
vn -0.303775 -0.700691 -0.645564
vn -0.201577 -0.979473 -0.000000
vn -0.303775 -0.700691 -0.645564
vn -0.155062 -0.931325 -0.329529
vn -0.201577 -0.979473 -0.000000
vn -0.155062 -0.931325 0.329529
vn -0.201577 -0.979473 0.000000
vn -0.000000 -1.000000 0.000000
vn -0.055107 -0.866521 0.496089
vn -0.155062 -0.931325 0.329529
vn -0.000000 -1.000000 0.000000
vn 0.055107 -0.866521 0.496089
vn -0.055107 -0.866521 0.496089
vn 0.000000 -1.000000 0.000000
vn 0.155062 -0.931325 0.329529
vn 0.055107 -0.866521 0.496089
vn 0.000000 -1.000000 0.000000
vn 0.201577 -0.979473 0.000000
vn 0.155062 -0.931325 0.329529
vn 0.000000 -1.000000 0.000000
vn 0.155062 -0.931325 -0.329529
vn 0.201577 -0.979473 0.000000
vn 0.000000 -1.000000 -0.000000
vn 0.055107 -0.866521 -0.496089
vn 0.155062 -0.931325 -0.329529
vn 0.000000 -1.000000 -0.000000
vn -0.055107 -0.866521 -0.496089
vn 0.055107 -0.866521 -0.496089
vn -0.000000 -1.000000 -0.000000
vn -0.155062 -0.931325 -0.329529
vn -0.055107 -0.866521 -0.496089
vn -0.000000 -1.000000 -0.000000
vn -0.201577 -0.979473 -0.000000
vn -0.155062 -0.931325 -0.329529
vn -0.000000 -1.000000 -0.000000
vn 0.926049 0.191593 -0.325155
vn 0.402345 0.619455 0.674087
vn 0.983797 0.176811 -0.029702
vn 0.402345 0.619455 0.674087
vn 0.277245 0.317653 0.906770
vn 0.983797 0.176811 -0.029702
vn 0.402345 0.619455 0.674087
vn -0.639679 0.711500 0.290822
vn 0.277245 0.317653 0.906770
vn -0.639679 0.711500 0.290822
vn -0.800824 -0.005696 0.598872
vn 0.277245 0.317653 0.906770
vn -0.639679 0.711500 0.290822
vn -0.789562 0.075841 -0.608967
vn -0.800824 -0.005696 0.598872
vn -0.789562 0.075841 -0.608967
vn -0.811367 -0.331100 -0.481722
vn -0.800824 -0.005696 0.598872
vn -0.789562 0.075841 -0.608967
vn 0.190994 -0.559138 -0.806775
vn -0.811367 -0.331100 -0.481722
vn 0.190994 -0.559138 -0.806775
vn 0.292324 -0.212670 -0.932372
vn -0.811367 -0.331100 -0.481722
vn 0.190994 -0.559138 -0.806775
vn 0.926049 0.191593 -0.325155
vn 0.292324 -0.212670 -0.932372
vn 0.926049 0.191593 -0.325155
vn 0.983797 0.176811 -0.029702
vn 0.292324 -0.212670 -0.932372
vn 0.983797 0.176811 -0.029702
vn 0.277245 0.317653 0.906770
vn 0.914796 -0.119785 -0.385747
vn 0.277245 0.317653 0.906770
vn 0.666853 0.282786 0.689449
vn 0.914796 -0.119785 -0.385747
vn 0.277245 0.317653 0.906770
vn -0.800824 -0.005696 0.598872
vn 0.666853 0.282786 0.689449
vn -0.800824 -0.005696 0.598872
vn -0.569178 0.315859 0.759125
vn 0.666853 0.282786 0.689449
vn -0.800824 -0.005696 0.598872
vn -0.811367 -0.331100 -0.481722
vn -0.569178 0.315859 0.759125
vn -0.811367 -0.331100 -0.481722
vn -0.969971 -0.045410 -0.238946
vn -0.569178 0.315859 0.759125
vn -0.811367 -0.331100 -0.481722
vn 0.292324 -0.212670 -0.932372
vn -0.969971 -0.045410 -0.238946
vn 0.292324 -0.212670 -0.932372
vn -0.086075 -0.331499 -0.939521
vn -0.969971 -0.045410 -0.238946
vn 0.292324 -0.212670 -0.932372
vn 0.983797 0.176811 -0.029702
vn -0.086075 -0.331499 -0.939521
vn 0.983797 0.176811 -0.029702
vn 0.914796 -0.119785 -0.385747
vn -0.086075 -0.331499 -0.939521
vn 0.914796 -0.119785 -0.385747
vn 0.666853 0.282786 0.689449
vn 0.955322 -0.209968 0.208021
vn 0.666853 0.282786 0.689449
vn 0.304284 0.658110 0.688696
vn 0.955322 -0.209968 0.208021
vn 0.666853 0.282786 0.689449
vn -0.569178 0.315859 0.759125
vn 0.304284 0.658110 0.688696
vn -0.569178 0.315859 0.759125
vn -0.715293 0.129972 0.686632
vn 0.304284 0.658110 0.688696
vn -0.569178 0.315859 0.759125
vn -0.969971 -0.045410 -0.238946
vn -0.715293 0.129972 0.686632
vn -0.969971 -0.045410 -0.238946
vn -0.699644 -0.705972 -0.110009
vn -0.715293 0.129972 0.686632
vn -0.969971 -0.045410 -0.238946
vn -0.086075 -0.331499 -0.939521
vn -0.699644 -0.705972 -0.110009
vn -0.086075 -0.331499 -0.939521
vn 0.299910 -0.747647 -0.592519
vn -0.699644 -0.705972 -0.110009
vn -0.086075 -0.331499 -0.939521
vn 0.914796 -0.119785 -0.385747
vn 0.299910 -0.747647 -0.592519
vn 0.914796 -0.119785 -0.385747
vn 0.955322 -0.209968 0.208021
vn 0.299910 -0.747647 -0.592519
vn 0.926049 0.191593 -0.325155
vn -0.639679 0.711500 0.290822
vn 0.402345 0.619455 0.674087
vn 0.955322 -0.209968 0.208021
vn 0.304284 0.658110 0.688696
vn -0.715293 0.129972 0.686632
vn 0.926049 0.191593 -0.325155
vn -0.789562 0.075841 -0.608967
vn -0.639679 0.711500 0.290822
vn 0.955322 -0.209968 0.208021
vn -0.715293 0.129972 0.686632
vn -0.699644 -0.705972 -0.110009
vn 0.926049 0.191593 -0.325155
vn 0.190994 -0.559138 -0.806775
vn -0.789562 0.075841 -0.608967
vn 0.955322 -0.209968 0.208021
vn -0.699644 -0.705972 -0.110009
vn 0.299910 -0.747647 -0.592519
vn -0.933043 -0.152780 0.325714
vn -0.536528 0.822625 -0.188219
vn -0.967069 0.152780 -0.203558
vn -0.536528 0.822625 -0.188219
vn -0.100360 0.923208 -0.370965
vn -0.967069 0.152780 -0.203558
vn -0.536528 0.822625 -0.188219
vn 0.632812 0.760365 -0.146266
vn -0.100360 0.923208 -0.370965
vn 0.632812 0.760365 -0.146266
vn 0.895934 0.308607 -0.319474
vn -0.100360 0.923208 -0.370965
vn 0.632812 0.760365 -0.146266
vn 0.929467 -0.308607 0.202121
vn 0.895934 0.308607 -0.319474
vn 0.929467 -0.308607 0.202121
vn 0.646331 -0.760366 0.064031
vn 0.895934 0.308607 -0.319474
vn 0.929467 -0.308607 0.202121
vn -0.052032 -0.923208 0.380762
vn 0.646331 -0.760366 0.064031
vn -0.052032 -0.923208 0.380762
vn -0.508010 -0.822625 0.255371
vn 0.646331 -0.760366 0.064031
vn -0.052032 -0.923208 0.380762
vn -0.933043 -0.152780 0.325714
vn -0.508010 -0.822625 0.255371
vn -0.933043 -0.152780 0.325714
vn -0.967069 0.152780 -0.203558
vn -0.508010 -0.822625 0.255371
vn -0.933043 -0.152780 0.325714
vn 0.632812 0.760365 -0.146266
vn -0.536528 0.822625 -0.188219
vn -0.967069 0.152780 -0.203558
vn -0.100360 0.923208 -0.370965
vn 0.895934 0.308607 -0.319474
vn -0.933043 -0.152780 0.325714
vn 0.929467 -0.308607 0.202121
vn 0.632812 0.760365 -0.146266
vn -0.967069 0.152780 -0.203558
vn 0.895934 0.308607 -0.319474
vn 0.646331 -0.760366 0.064031
vn -0.933043 -0.152780 0.325714
vn -0.052032 -0.923208 0.380762
vn 0.929467 -0.308607 0.202121
vn -0.967069 0.152780 -0.203558
vn 0.646331 -0.760366 0.064031
vn -0.508010 -0.822625 0.255371
vn 0.780894 0.271040 -0.562798
vn 0.539003 0.660475 0.522732
vn 0.995507 0.078060 0.053591
vn 0.539003 0.660475 0.522732
vn 0.220807 0.203701 0.953808
vn 0.995507 0.078060 0.053591
vn 0.539003 0.660475 0.522732
vn -0.563860 0.681506 0.466489
vn 0.220807 0.203701 0.953808
vn -0.563860 0.681506 0.466489
vn -0.841412 0.048261 0.538236
vn 0.220807 0.203701 0.953808
vn -0.563860 0.681506 0.466489
vn -0.931069 0.003186 -0.364828
vn -0.841412 0.048261 0.538236
vn -0.931069 0.003186 -0.364828
vn -0.765596 -0.137205 -0.628520
vn -0.841412 0.048261 0.538236
vn -0.931069 0.003186 -0.364828
vn -0.024131 -0.534273 -0.844967
vn -0.765596 -0.137205 -0.628520
vn -0.024131 -0.534273 -0.844967
vn 0.411672 -0.117200 -0.903765
vn -0.765596 -0.137205 -0.628520
vn -0.024131 -0.534273 -0.844967
vn 0.780894 0.271040 -0.562798
vn 0.411672 -0.117200 -0.903765
vn 0.780894 0.271040 -0.562798
vn 0.995507 0.078060 0.053591
vn 0.411672 -0.117200 -0.903765
vn 0.995507 0.078060 0.053591
vn 0.220807 0.203701 0.953808
vn 0.909943 -0.207672 0.358993
vn 0.220807 0.203701 0.953808
vn 0.026858 0.219156 0.975320
vn 0.909943 -0.207672 0.358993
vn 0.220807 0.203701 0.953808
vn -0.841412 0.048261 0.538236
vn 0.026858 0.219156 0.975320
vn -0.841412 0.048261 0.538236
vn -0.930043 0.315863 0.187753
vn 0.026858 0.219156 0.975320
vn -0.841412 0.048261 0.538236
vn -0.765596 -0.137205 -0.628520
vn -0.930043 0.315863 0.187753
vn -0.765596 -0.137205 -0.628520
vn -0.586107 -0.088753 -0.805358
vn -0.930043 0.315863 0.187753
vn -0.765596 -0.137205 -0.628520
vn 0.411672 -0.117200 -0.903765
vn -0.586107 -0.088753 -0.805358
vn 0.411672 -0.117200 -0.903765
vn 0.565476 -0.418567 -0.710661
vn -0.586107 -0.088753 -0.805358
vn 0.411672 -0.117200 -0.903765
vn 0.995507 0.078060 0.053591
vn 0.565476 -0.418567 -0.710661
vn 0.995507 0.078060 0.053591
vn 0.909943 -0.207672 0.358993
vn 0.565476 -0.418567 -0.710661
vn 0.909943 -0.207672 0.358993
vn 0.026858 0.219156 0.975320
vn 0.737392 -0.059676 0.672823
vn 0.026858 0.219156 0.975320
vn -0.128347 0.691249 0.711127
vn 0.737392 -0.059676 0.672823
vn 0.026858 0.219156 0.975320
vn -0.930043 0.315863 0.187753
vn -0.128347 0.691249 0.711127
vn -0.930043 0.315863 0.187753
vn -0.974004 -0.009407 0.226334
vn -0.128347 0.691249 0.711127
vn -0.930043 0.315863 0.187753
vn -0.586107 -0.088753 -0.805358
vn -0.974004 -0.009407 0.226334
vn -0.586107 -0.088753 -0.805358
vn -0.489696 -0.759548 -0.428117
vn -0.974004 -0.009407 0.226334
vn -0.586107 -0.088753 -0.805358
vn 0.565476 -0.418567 -0.710661
vn -0.489696 -0.759548 -0.428117
vn 0.565476 -0.418567 -0.710661
vn 0.633281 -0.682711 -0.364502
vn -0.489696 -0.759548 -0.428117
vn 0.565476 -0.418567 -0.710661
vn 0.909943 -0.207672 0.358993
vn 0.633281 -0.682711 -0.364502
vn 0.909943 -0.207672 0.358993
vn 0.737392 -0.059676 0.672823
vn 0.633281 -0.682711 -0.364502
vn 0.780894 0.271040 -0.562798
vn -0.563860 0.681506 0.466489
vn 0.539003 0.660475 0.522732
vn 0.737392 -0.059676 0.672823
vn -0.128347 0.691249 0.711127
vn -0.974004 -0.009407 0.226334
vn 0.780894 0.271040 -0.562798
vn -0.931069 0.003186 -0.364828
vn -0.563860 0.681506 0.466489
vn 0.737392 -0.059676 0.672823
vn -0.974004 -0.009407 0.226334
vn -0.489696 -0.759548 -0.428117
vn 0.780894 0.271040 -0.562798
vn -0.024131 -0.534273 -0.844967
vn -0.931069 0.003186 -0.364828
vn 0.737392 -0.059676 0.672823
vn -0.489696 -0.759548 -0.428117
vn 0.633281 -0.682711 -0.364502
vn -0.967069 -0.152780 0.203558
vn -0.508010 0.822625 -0.255372
vn -0.933043 0.152780 -0.325714
vn -0.508010 0.822625 -0.255372
vn -0.052032 0.923208 -0.380762
vn -0.933043 0.152780 -0.325714
vn -0.508010 0.822625 -0.255372
vn 0.646331 0.760366 -0.064031
vn -0.052032 0.923208 -0.380762
vn 0.646331 0.760366 -0.064031
vn 0.929467 0.308607 -0.202121
vn -0.052032 0.923208 -0.380762
vn 0.646331 0.760366 -0.064031
vn 0.895934 -0.308607 0.319474
vn 0.929467 0.308607 -0.202121
vn 0.895934 -0.308607 0.319474
vn 0.632811 -0.760366 0.146266
vn 0.929467 0.308607 -0.202121
vn 0.895934 -0.308607 0.319474
vn -0.100360 -0.923208 0.370965
vn 0.632811 -0.760366 0.146266
vn -0.100360 -0.923208 0.370965
vn -0.536527 -0.822625 0.188219
vn 0.632811 -0.760366 0.146266
vn -0.100360 -0.923208 0.370965
vn -0.967069 -0.152780 0.203558
vn -0.536527 -0.822625 0.188219
vn -0.967069 -0.152780 0.203558
vn -0.933043 0.152780 -0.325714
vn -0.536527 -0.822625 0.188219
vn -0.967069 -0.152780 0.203558
vn 0.646331 0.760366 -0.064031
vn -0.508010 0.822625 -0.255372
vn -0.933043 0.152780 -0.325714
vn -0.052032 0.923208 -0.380762
vn 0.929467 0.308607 -0.202121
vn -0.967069 -0.152780 0.203558
vn 0.895934 -0.308607 0.319474
vn 0.646331 0.760366 -0.064031
vn -0.933043 0.152780 -0.325714
vn 0.929467 0.308607 -0.202121
vn 0.632811 -0.760366 0.146266
vn -0.967069 -0.152780 0.203558
vn -0.100360 -0.923208 0.370965
vn 0.895934 -0.308607 0.319474
vn -0.933043 0.152780 -0.325714
vn 0.632811 -0.760366 0.146266
vn -0.536527 -0.822625 0.188219
vn -0.088655 -0.173876 -0.980769
vn 0.336673 0.811662 -0.477342
vn 0.087646 -0.008207 -0.996118
vn 0.336673 0.811662 -0.477342
vn -0.008971 0.954608 -0.297729
vn 0.087646 -0.008207 -0.996118
vn 0.336673 0.811662 -0.477342
vn 0.069308 0.756908 0.649836
vn -0.008971 0.954608 -0.297729
vn 0.069308 0.756908 0.649836
vn -0.093614 0.566077 0.819020
vn -0.008971 0.954608 -0.297729
vn 0.069308 0.756908 0.649836
vn -0.369746 -0.330034 0.868542
vn -0.093614 0.566077 0.819020
vn -0.369746 -0.330034 0.868542
vn -0.051142 -0.588763 0.806686
vn -0.093614 0.566077 0.819020
vn -0.369746 -0.330034 0.868542
vn -0.369861 -0.921294 -0.120082
vn -0.051142 -0.588763 0.806686
vn -0.369861 -0.921294 -0.120082
vn 0.062879 -0.944076 -0.323675
vn -0.051142 -0.588763 0.806686
vn -0.369861 -0.921294 -0.120082
vn -0.088655 -0.173876 -0.980769
vn 0.062879 -0.944076 -0.323675
vn -0.088655 -0.173876 -0.980769
vn 0.087646 -0.008207 -0.996118
vn 0.062879 -0.944076 -0.323675
vn 0.087646 -0.008207 -0.996118
vn -0.008971 0.954608 -0.297729
vn -0.076452 0.268515 -0.960237
vn -0.008971 0.954608 -0.297729
vn -0.323119 0.944840 -0.053586
vn -0.076452 0.268515 -0.960237
vn -0.008971 0.954608 -0.297729
vn -0.093614 0.566077 0.819020
vn -0.323119 0.944840 -0.053586
vn -0.093614 0.566077 0.819020
vn 0.105459 0.397005 0.911738
vn -0.323119 0.944840 -0.053586
vn -0.093614 0.566077 0.819020
vn -0.051142 -0.588763 0.806686
vn 0.105459 0.397005 0.911738
vn -0.051142 -0.588763 0.806686
vn 0.450618 -0.666442 0.593969
vn 0.105459 0.397005 0.911738
vn -0.051142 -0.588763 0.806686
vn 0.062879 -0.944076 -0.323675
vn 0.450618 -0.666442 0.593969
vn 0.062879 -0.944076 -0.323675
vn 0.266602 -0.798290 -0.540053
vn 0.450618 -0.666442 0.593969
vn 0.062879 -0.944076 -0.323675
vn 0.087646 -0.008207 -0.996118
vn 0.266602 -0.798290 -0.540053
vn 0.087646 -0.008207 -0.996118
vn -0.076452 0.268515 -0.960237
vn 0.266602 -0.798290 -0.540053
vn -0.088655 -0.173876 -0.980769
vn 0.069308 0.756908 0.649836
vn 0.336673 0.811662 -0.477342
vn -0.076452 0.268515 -0.960237
vn -0.323119 0.944840 -0.053586
vn 0.105459 0.397005 0.911738
vn -0.088655 -0.173876 -0.980769
vn -0.369746 -0.330034 0.868542
vn 0.069308 0.756908 0.649836
vn -0.076452 0.268515 -0.960237
vn 0.105459 0.397005 0.911738
vn 0.450618 -0.666442 0.593969
vn -0.088655 -0.173876 -0.980769
vn -0.369861 -0.921294 -0.120082
vn -0.369746 -0.330034 0.868542
vn -0.076452 0.268515 -0.960237
vn 0.450618 -0.666442 0.593969
vn 0.266602 -0.798290 -0.540053
vn 0.970140 -0.145157 -0.194314
vn 0.186091 0.649187 0.737514
vn 0.969343 0.242093 -0.042017
vn 0.186091 0.649187 0.737514
vn -0.034821 0.299558 0.953443
vn 0.969343 0.242093 -0.042017
vn 0.186091 0.649187 0.737514
vn -0.933015 0.357928 0.037026
vn -0.034821 0.299558 0.953443
vn -0.933015 0.357928 0.037026
vn -0.964869 -0.255169 0.062585
vn -0.034821 0.299558 0.953443
vn -0.933015 0.357928 0.037026
vn -0.193948 -0.555463 -0.808607
vn -0.964869 -0.255169 0.062585
vn -0.193948 -0.555463 -0.808607
vn 0.020761 -0.310961 -0.950196
vn -0.964869 -0.255169 0.062585
vn -0.193948 -0.555463 -0.808607
vn 0.970140 -0.145157 -0.194314
vn 0.020761 -0.310961 -0.950196
vn 0.970140 -0.145157 -0.194314
vn 0.969343 0.242093 -0.042017
vn 0.020761 -0.310961 -0.950196
vn 0.969343 0.242093 -0.042017
vn -0.034821 0.299558 0.953443
vn 0.914471 -0.190414 -0.357050
vn -0.034821 0.299558 0.953443
vn 0.407355 0.327106 0.852680
vn 0.914471 -0.190414 -0.357050
vn -0.034821 0.299558 0.953443
vn -0.964869 -0.255169 0.062585
vn 0.407355 0.327106 0.852680
vn -0.964869 -0.255169 0.062585
vn -0.923705 0.209791 0.320559
vn 0.407355 0.327106 0.852680
vn -0.964869 -0.255169 0.062585
vn 0.020761 -0.310961 -0.950196
vn -0.923705 0.209791 0.320559
vn 0.020761 -0.310961 -0.950196
vn -0.407881 -0.301724 -0.861740
vn -0.923705 0.209791 0.320559
vn 0.020761 -0.310961 -0.950196
vn 0.969343 0.242093 -0.042017
vn -0.407881 -0.301724 -0.861740
vn 0.969343 0.242093 -0.042017
vn 0.914471 -0.190414 -0.357050
vn -0.407881 -0.301724 -0.861740
vn 0.914471 -0.190414 -0.357050
vn 0.407355 0.327106 0.852680
vn 0.997443 0.056436 0.043857
vn 0.407355 0.327106 0.852680
vn -0.065554 0.698232 0.712864
vn 0.997443 0.056436 0.043857
vn 0.407355 0.327106 0.852680
vn -0.923705 0.209791 0.320559
vn -0.065554 0.698232 0.712864
vn -0.923705 0.209791 0.320559
vn -0.960005 -0.248829 0.128355
vn -0.065554 0.698232 0.712864
vn -0.923705 0.209791 0.320559
vn -0.407881 -0.301724 -0.861740
vn -0.960005 -0.248829 0.128355
vn -0.407881 -0.301724 -0.861740
vn 0.074174 -0.774939 -0.627669
vn -0.960005 -0.248829 0.128355
vn -0.407881 -0.301724 -0.861740
vn 0.914471 -0.190414 -0.357050
vn 0.074174 -0.774939 -0.627669
vn 0.914471 -0.190414 -0.357050
vn 0.997443 0.056436 0.043857
vn 0.074174 -0.774939 -0.627669
vn 0.970140 -0.145157 -0.194314
vn -0.933015 0.357928 0.037026
vn 0.186091 0.649187 0.737514
vn 0.997443 0.056436 0.043857
vn -0.065554 0.698232 0.712864
vn -0.960005 -0.248829 0.128355
vn 0.970140 -0.145157 -0.194314
vn -0.193948 -0.555463 -0.808607
vn -0.933015 0.357928 0.037026
vn 0.997443 0.056436 0.043857
vn -0.960005 -0.248829 0.128355
vn 0.074174 -0.774939 -0.627669
vn -0.935081 -0.279910 0.217423
vn -0.333432 0.906346 -0.259539
vn -0.955224 0.279911 -0.095897
vn -0.333432 0.906346 -0.259539
vn 0.293948 0.887612 -0.354597
vn -0.955224 0.279911 -0.095897
vn -0.333432 0.906346 -0.259539
vn 0.942080 0.317332 -0.108560
vn 0.293948 0.887612 -0.354597
vn 0.942080 0.317332 -0.108560
vn 0.948226 -0.317330 -0.012966
vn 0.293948 0.887612 -0.354597
vn 0.942080 0.317332 -0.108560
vn 0.336935 -0.887612 0.314038
vn 0.948226 -0.317330 -0.012966
vn 0.336935 -0.887612 0.314038
vn -0.297460 -0.906344 0.300097
vn 0.948226 -0.317330 -0.012966
vn 0.336935 -0.887612 0.314038
vn -0.935081 -0.279910 0.217423
vn -0.297460 -0.906344 0.300097
vn -0.935081 -0.279910 0.217423
vn -0.955224 0.279911 -0.095897
vn -0.297460 -0.906344 0.300097
vn -0.935081 -0.279910 0.217423
vn 0.942080 0.317332 -0.108560
vn -0.333432 0.906346 -0.259539
vn -0.955224 0.279911 -0.095897
vn 0.293948 0.887612 -0.354597
vn 0.948226 -0.317330 -0.012966
vn -0.935081 -0.279910 0.217423
vn 0.336935 -0.887612 0.314038
vn 0.942080 0.317332 -0.108560
vn -0.955224 0.279911 -0.095897
vn 0.948226 -0.317330 -0.012966
vn -0.297460 -0.906344 0.300097
vn 0.887172 -0.042703 -0.459459
vn 0.348191 0.674387 0.651126
vn 0.992216 0.114699 0.048491
vn 0.348191 0.674387 0.651126
vn -0.111131 0.156588 0.981392
vn 0.992216 0.114699 0.048491
vn 0.348191 0.674387 0.651126
vn -0.913141 0.274004 0.301819
vn -0.111131 0.156588 0.981392
vn -0.913141 0.274004 0.301819
vn -0.993720 -0.104988 -0.038712
vn -0.111131 0.156588 0.981392
vn -0.913141 0.274004 0.301819
vn -0.376612 -0.576160 -0.725399
vn -0.993720 -0.104988 -0.038712
vn -0.376612 -0.576160 -0.725399
vn 0.126014 -0.139354 -0.982192
vn -0.993720 -0.104988 -0.038712
vn -0.376612 -0.576160 -0.725399
vn 0.887172 -0.042703 -0.459459
vn 0.126014 -0.139354 -0.982192
vn 0.887172 -0.042703 -0.459459
vn 0.992216 0.114699 0.048491
vn 0.126014 -0.139354 -0.982192
vn 0.992216 0.114699 0.048491
vn -0.111131 0.156588 0.981392
vn 0.898896 -0.247703 0.361426
vn -0.111131 0.156588 0.981392
vn -0.274299 0.334667 0.901531
vn 0.898896 -0.247703 0.361426
vn -0.111131 0.156588 0.981392
vn -0.993720 -0.104988 -0.038712
vn -0.274299 0.334667 0.901531
vn -0.993720 -0.104988 -0.038712
vn -0.901306 0.216499 -0.375201
vn -0.274299 0.334667 0.901531
vn -0.993720 -0.104988 -0.038712
vn 0.126014 -0.139354 -0.982192
vn -0.901306 0.216499 -0.375201
vn 0.126014 -0.139354 -0.982192
vn 0.273952 -0.370708 -0.887427
vn -0.901306 0.216499 -0.375201
vn 0.126014 -0.139354 -0.982192
vn 0.992216 0.114699 0.048491
vn 0.273952 -0.370708 -0.887427
vn 0.992216 0.114699 0.048491
vn 0.898896 -0.247703 0.361426
vn 0.273952 -0.370708 -0.887427
vn 0.898896 -0.247703 0.361426
vn -0.274299 0.334667 0.901531
vn 0.816286 0.238164 0.526265
vn -0.274299 0.334667 0.901531
vn -0.492447 0.659610 0.567812
vn 0.816286 0.238164 0.526265
vn -0.274299 0.334667 0.901531
vn -0.901306 0.216499 -0.375201
vn -0.492447 0.659610 0.567812
vn -0.901306 0.216499 -0.375201
vn -0.845421 -0.399489 -0.354503
vn -0.492447 0.659610 0.567812
vn -0.901306 0.216499 -0.375201
vn 0.273952 -0.370708 -0.887427
vn -0.845421 -0.399489 -0.354503
vn 0.273952 -0.370708 -0.887427
vn 0.456526 -0.735034 -0.501307
vn -0.845421 -0.399489 -0.354503
vn 0.273952 -0.370708 -0.887427
vn 0.898896 -0.247703 0.361426
vn 0.456526 -0.735034 -0.501307
vn 0.898896 -0.247703 0.361426
vn 0.816286 0.238164 0.526265
vn 0.456526 -0.735034 -0.501307
vn 0.887172 -0.042703 -0.459459
vn -0.913141 0.274004 0.301819
vn 0.348191 0.674387 0.651126
vn 0.816286 0.238164 0.526265
vn -0.492447 0.659610 0.567812
vn -0.845421 -0.399489 -0.354503
vn 0.887172 -0.042703 -0.459459
vn -0.376612 -0.576160 -0.725399
vn -0.913141 0.274004 0.301819
vn 0.816286 0.238164 0.526265
vn -0.845421 -0.399489 -0.354503
vn 0.456526 -0.735034 -0.501307
vn -0.955225 -0.279909 0.095896
vn -0.297452 0.906346 -0.300098
vn -0.935081 0.279912 -0.217423
vn -0.297452 0.906346 -0.300098
vn 0.336935 0.887612 -0.314038
vn -0.935081 0.279912 -0.217423
vn -0.297452 0.906346 -0.300098
vn 0.948226 0.317330 0.012967
vn 0.336935 0.887612 -0.314038
vn 0.948226 0.317330 0.012967
vn 0.942081 -0.317331 0.108560
vn 0.336935 0.887612 -0.314038
vn 0.948226 0.317330 0.012967
vn 0.293948 -0.887612 0.354597
vn 0.942081 -0.317331 0.108560
vn 0.293948 -0.887612 0.354597
vn -0.333439 -0.906344 0.259537
vn 0.942081 -0.317331 0.108560
vn 0.293948 -0.887612 0.354597
vn -0.955225 -0.279909 0.095896
vn -0.333439 -0.906344 0.259537
vn -0.955225 -0.279909 0.095896
vn -0.935081 0.279912 -0.217423
vn -0.333439 -0.906344 0.259537
vn -0.955225 -0.279909 0.095896
vn 0.948226 0.317330 0.012967
vn -0.297452 0.906346 -0.300098
vn -0.935081 0.279912 -0.217423
vn 0.336935 0.887612 -0.314038
vn 0.942081 -0.317331 0.108560
vn -0.955225 -0.279909 0.095896
vn 0.293948 -0.887612 0.354597
vn 0.948226 0.317330 0.012967
vn -0.935081 0.279912 -0.217423
vn 0.942081 -0.317331 0.108560
vn -0.333439 -0.906344 0.259537
vn -0.016322 -0.291117 -0.956548
vn 0.356639 0.895651 -0.265739
vn 0.120923 -0.004209 -0.992653
vn 0.356639 0.895651 -0.265739
vn -0.052703 0.998407 0.020166
vn 0.120923 -0.004209 -0.992653
vn 0.356639 0.895651 -0.265739
vn -0.067665 0.315834 0.946398
vn -0.052703 0.998407 0.020166
vn -0.067665 0.315834 0.946398
vn -0.121314 -0.004179 0.992605
vn -0.052703 0.998407 0.020166
vn -0.067665 0.315834 0.946398
vn -0.393089 -0.882623 0.257792
vn -0.121314 -0.004179 0.992605
vn -0.393089 -0.882623 0.257792
vn 0.051811 -0.998521 -0.016502
vn -0.121314 -0.004179 0.992605
vn -0.393089 -0.882623 0.257792
vn -0.016322 -0.291117 -0.956548
vn 0.051811 -0.998521 -0.016502
vn -0.016322 -0.291117 -0.956548
vn 0.120923 -0.004209 -0.992653
vn 0.051811 -0.998521 -0.016502
vn 0.120923 -0.004209 -0.992653
vn -0.052703 0.998407 0.020166
vn -0.207210 0.307889 -0.928584
vn -0.052703 0.998407 0.020166
vn -0.270632 0.904307 0.330133
vn -0.207210 0.307889 -0.928584
vn -0.052703 0.998407 0.020166
vn -0.121314 -0.004179 0.992605
vn -0.270632 0.904307 0.330133
vn -0.121314 -0.004179 0.992605
vn 0.286929 -0.280557 0.915947
vn -0.270632 0.904307 0.330133
vn -0.121314 -0.004179 0.992605
vn 0.051811 -0.998521 -0.016502
vn 0.286929 -0.280557 0.915947
vn 0.051811 -0.998521 -0.016502
vn 0.311168 -0.891315 -0.329745
vn 0.286929 -0.280557 0.915947
vn 0.051811 -0.998521 -0.016502
vn 0.120923 -0.004209 -0.992653
vn 0.311168 -0.891315 -0.329745
vn 0.120923 -0.004209 -0.992653
vn -0.207210 0.307889 -0.928584
vn 0.311168 -0.891315 -0.329745
vn -0.016322 -0.291117 -0.956548
vn -0.067665 0.315834 0.946398
vn 0.356639 0.895651 -0.265739
vn -0.207210 0.307889 -0.928584
vn -0.270632 0.904307 0.330133
vn 0.286929 -0.280557 0.915947
vn -0.016322 -0.291117 -0.956548
vn -0.393089 -0.882623 0.257792
vn -0.067665 0.315834 0.946398
vn -0.207210 0.307889 -0.928584
vn 0.286929 -0.280557 0.915947
vn 0.311168 -0.891315 -0.329745
usemtl Dragon_color_atlas
f 1/1/1 2/2/2 3/3/3
f 4/4/4 5/5/5 6/6/6
f 7/7/7 8/8/8 9/9/9
f 10/10/10 11/11/11 12/12/12
f 13/13/13 14/14/14 15/15/15
f 16/16/16 17/17/17 18/18/18
f 19/19/19 20/20/20 21/21/21
f 22/22/22 23/23/23 24/24/24
f 25/25/25 26/26/26 27/27/27
f 28/28/28 29/29/29 30/30/30
f 31/31/31 32/32/32 33/33/33
f 34/34/34 35/35/35 36/36/36
f 37/37/37 38/38/38 39/39/39
f 40/40/40 41/41/41 42/42/42
f 43/43/43 44/44/44 45/45/45
f 46/46/46 47/47/47 48/48/48
f 49/49/49 50/50/50 51/51/51
f 52/52/52 53/53/53 54/54/54
f 55/55/55 56/56/56 57/57/57
f 58/58/58 59/59/59 60/60/60
f 61/61/61 62/62/62 63/63/63
f 64/64/64 65/65/65 66/66/66
f 67/67/67 68/68/68 69/69/69
f 70/70/70 71/71/71 72/72/72
f 73/73/73 74/74/74 75/75/75
f 76/76/76 77/77/77 78/78/78
f 79/79/79 80/80/80 81/81/81
f 82/82/82 83/83/83 84/84/84
f 85/85/85 86/86/86 87/87/87
f 88/88/88 89/89/89 90/90/90
f 91/91/91 92/92/92 93/93/93
f 94/94/94 95/95/95 96/96/96
f 97/97/97 98/98/98 99/99/99
f 100/100/100 101/101/101 102/102/102
f 103/103/103 104/104/104 105/105/105
f 106/106/106 107/107/107 108/108/108
f 109/109/109 110/110/110 111/111/111
f 112/112/112 113/113/113 114/114/114
f 115/115/115 116/116/116 117/117/117
f 118/118/118 119/119/119 120/120/120
f 121/121/121 122/122/122 123/123/123
f 124/124/124 125/125/125 126/126/126
f 127/127/127 128/128/128 129/129/129
f 130/130/130 131/131/131 132/132/132
f 133/133/133 134/134/134 135/135/135
f 136/136/136 137/137/137 138/138/138
f 139/139/139 140/140/140 141/141/141
f 142/142/142 143/143/143 144/144/144
f 145/145/145 146/146/146 147/147/147
f 148/148/148 149/149/149 150/150/150
f 151/151/151 152/152/152 153/153/153
f 154/154/154 155/155/155 156/156/156
f 157/157/157 158/158/158 159/159/159
f 160/160/160 161/161/161 162/162/162
f 163/163/163 164/164/164 165/165/165
f 166/166/166 167/167/167 168/168/168
f 169/169/169 170/170/170 171/171/171
f 172/172/172 173/173/173 174/174/174
f 175/175/175 176/176/176 177/177/177
f 178/178/178 179/179/179 180/180/180
f 181/181/181 182/182/182 183/183/183
f 184/184/184 185/185/185 186/186/186
f 187/187/187 188/188/188 189/189/189
f 190/190/190 191/191/191 192/192/192
f 193/193/193 194/194/194 195/195/195
f 196/196/196 197/197/197 198/198/198
f 199/199/199 200/200/200 201/201/201
f 202/202/202 203/203/203 204/204/204
f 205/205/205 206/206/206 207/207/207
f 208/208/208 209/209/209 210/210/210
f 211/211/211 212/212/212 213/213/213
f 214/214/214 215/215/215 216/216/216
f 217/217/217 218/218/218 219/219/219
f 220/220/220 221/221/221 222/222/222
f 223/223/223 224/224/224 225/225/225
f 226/226/226 227/227/227 228/228/228
f 229/229/229 230/230/230 231/231/231
f 232/232/232 233/233/233 234/234/234
f 235/235/235 236/236/236 237/237/237
f 238/238/238 239/239/239 240/240/240
f 241/241/241 242/242/242 243/243/243
f 244/244/244 245/245/245 246/246/246
f 247/247/247 248/248/248 249/249/249
f 250/250/250 251/251/251 252/252/252
f 253/253/253 254/254/254 255/255/255
f 256/256/256 257/257/257 258/258/258
f 259/259/259 260/260/260 261/261/261
f 262/262/262 263/263/263 264/264/264
f 265/265/265 266/266/266 267/267/267
f 268/268/268 269/269/269 270/270/270
f 271/271/271 272/272/272 273/273/273
f 274/274/274 275/275/275 276/276/276
f 277/277/277 278/278/278 279/279/279
f 280/280/280 281/281/281 282/282/282
f 283/283/283 284/284/284 285/285/285
f 286/286/286 287/287/287 288/288/288
f 289/289/289 290/290/290 291/291/291
f 292/292/292 293/293/293 294/294/294
f 295/295/295 296/296/296 297/297/297
f 298/298/298 299/299/299 300/300/300
f 301/301/301 302/302/302 303/303/303
f 304/304/304 305/305/305 306/306/306
f 307/307/307 308/308/308 309/309/309
f 310/310/310 311/311/311 312/312/312
f 313/313/313 314/314/314 315/315/315
f 316/316/316 317/317/317 318/318/318
f 319/319/319 320/320/320 321/321/321
f 322/322/322 323/323/323 324/324/324
f 325/325/325 326/326/326 327/327/327
f 328/328/328 329/329/329 330/330/330
f 331/331/331 332/332/332 333/333/333
f 334/334/334 335/335/335 336/336/336
f 337/337/337 338/338/338 339/339/339
f 340/340/340 341/341/341 342/342/342
f 343/343/343 344/344/344 345/345/345
f 346/346/346 347/347/347 348/348/348
f 349/349/349 350/350/350 351/351/351
f 352/352/352 353/353/353 354/354/354
f 355/355/355 356/356/356 357/357/357
f 358/358/358 359/359/359 360/360/360
f 361/361/361 362/362/362 363/363/363
f 364/364/364 365/365/365 366/366/366
f 367/367/367 368/368/368 369/369/369
f 370/370/370 371/371/371 372/372/372
f 373/373/373 374/374/374 375/375/375
f 376/376/376 377/377/377 378/378/378
f 379/379/379 380/380/380 381/381/381
f 382/382/382 383/383/383 384/384/384
f 385/385/385 386/386/386 387/387/387
f 388/388/388 389/389/389 390/390/390
f 391/391/391 392/392/392 393/393/393
f 394/394/394 395/395/395 396/396/396
f 397/397/397 398/398/398 399/399/399
f 400/400/400 401/401/401 402/402/402
f 403/403/403 404/404/404 405/405/405
f 406/406/406 407/407/407 408/408/408
f 409/409/409 410/410/410 411/411/411
f 412/412/412 413/413/413 414/414/414
f 415/415/415 416/416/416 417/417/417
f 418/418/418 419/419/419 420/420/420
f 421/421/421 422/422/422 423/423/423
f 424/424/424 425/425/425 426/426/426
f 427/427/427 428/428/428 429/429/429
f 430/430/430 431/431/431 432/432/432
f 433/433/433 434/434/434 435/435/435
f 436/436/436 437/437/437 438/438/438
f 439/439/439 440/440/440 441/441/441
f 442/442/442 443/443/443 444/444/444
f 445/445/445 446/446/446 447/447/447
f 448/448/448 449/449/449 450/450/450
f 451/451/451 452/452/452 453/453/453
f 454/454/454 455/455/455 456/456/456
f 457/457/457 458/458/458 459/459/459
f 460/460/460 461/461/461 462/462/462
f 463/463/463 464/464/464 465/465/465
f 466/466/466 467/467/467 468/468/468
f 469/469/469 470/470/470 471/471/471
f 472/472/472 473/473/473 474/474/474
f 475/475/475 476/476/476 477/477/477
f 478/478/478 479/479/479 480/480/480
f 481/481/481 482/482/482 483/483/483
f 484/484/484 485/485/485 486/486/486
f 487/487/487 488/488/488 489/489/489
f 490/490/490 491/491/491 492/492/492
f 493/493/493 494/494/494 495/495/495
f 496/496/496 497/497/497 498/498/498
f 499/499/499 500/500/500 501/501/501
f 502/502/502 503/503/503 504/504/504
f 505/505/505 506/506/506 507/507/507
f 508/508/508 509/509/509 510/510/510
f 511/511/511 512/512/512 513/513/513
f 514/514/514 515/515/515 516/516/516
f 517/517/517 518/518/518 519/519/519
f 520/520/520 521/521/521 522/522/522
f 523/523/523 524/524/524 525/525/525
f 526/526/526 527/527/527 528/528/528
f 529/529/529 530/530/530 531/531/531
f 532/532/532 533/533/533 534/534/534
f 535/535/535 536/536/536 537/537/537
f 538/538/538 539/539/539 540/540/540
f 541/541/541 542/542/542 543/543/543
f 544/544/544 545/545/545 546/546/546
f 547/547/547 548/548/548 549/549/549
f 550/550/550 551/551/551 552/552/552
f 553/553/553 554/554/554 555/555/555
f 556/556/556 557/557/557 558/558/558
f 559/559/559 560/560/560 561/561/561
f 562/562/562 563/563/563 564/564/564
f 565/565/565 566/566/566 567/567/567
f 568/568/568 569/569/569 570/570/570
f 571/571/571 572/572/572 573/573/573
f 574/574/574 575/575/575 576/576/576
f 577/577/577 578/578/578 579/579/579
f 580/580/580 581/581/581 582/582/582
f 583/583/583 584/584/584 585/585/585
f 586/586/586 587/587/587 588/588/588
f 589/589/589 590/590/590 591/591/591
f 592/592/592 593/593/593 594/594/594
f 595/595/595 596/596/596 597/597/597
f 598/598/598 599/599/599 600/600/600
f 601/601/601 602/602/602 603/603/603
f 604/604/604 605/605/605 606/606/606
f 607/607/607 608/608/608 609/609/609
f 610/610/610 611/611/611 612/612/612
f 613/613/613 614/614/614 615/615/615
f 616/616/616 617/617/617 618/618/618
f 619/619/619 620/620/620 621/621/621
f 622/622/622 623/623/623 624/624/624
f 625/625/625 626/626/626 627/627/627
f 628/628/628 629/629/629 630/630/630
f 631/631/631 632/632/632 633/633/633
f 634/634/634 635/635/635 636/636/636
f 637/637/637 638/638/638 639/639/639
f 640/640/640 641/641/641 642/642/642
f 643/643/643 644/644/644 645/645/645
f 646/646/646 647/647/647 648/648/648
f 649/649/649 650/650/650 651/651/651
f 652/652/652 653/653/653 654/654/654
f 655/655/655 656/656/656 657/657/657
f 658/658/658 659/659/659 660/660/660
f 661/661/661 662/662/662 663/663/663
f 664/664/664 665/665/665 666/666/666
f 667/667/667 668/668/668 669/669/669
f 670/670/670 671/671/671 672/672/672
f 673/673/673 674/674/674 675/675/675
f 676/676/676 677/677/677 678/678/678
f 679/679/679 680/680/680 681/681/681
f 682/682/682 683/683/683 684/684/684
f 685/685/685 686/686/686 687/687/687
f 688/688/688 689/689/689 690/690/690
f 691/691/691 692/692/692 693/693/693
f 694/694/694 695/695/695 696/696/696
f 697/697/697 698/698/698 699/699/699
f 700/700/700 701/701/701 702/702/702
f 703/703/703 704/704/704 705/705/705
f 706/706/706 707/707/707 708/708/708
f 709/709/709 710/710/710 711/711/711
f 712/712/712 713/713/713 714/714/714
f 715/715/715 716/716/716 717/717/717
f 718/718/718 719/719/719 720/720/720
f 721/721/721 722/722/722 723/723/723
f 724/724/724 725/725/725 726/726/726
f 727/727/727 728/728/728 729/729/729
f 730/730/730 731/731/731 732/732/732
f 733/733/733 734/734/734 735/735/735
f 736/736/736 737/737/737 738/738/738
f 739/739/739 740/740/740 741/741/741
f 742/742/742 743/743/743 744/744/744
f 745/745/745 746/746/746 747/747/747
f 748/748/748 749/749/749 750/750/750
f 751/751/751 752/752/752 753/753/753
f 754/754/754 755/755/755 756/756/756
f 757/757/757 758/758/758 759/759/759
f 760/760/760 761/761/761 762/762/762
f 763/763/763 764/764/764 765/765/765
f 766/766/766 767/767/767 768/768/768
f 769/769/769 770/770/770 771/771/771
f 772/772/772 773/773/773 774/774/774
f 775/775/775 776/776/776 777/777/777
f 778/778/778 779/779/779 780/780/780
f 781/781/781 782/782/782 783/783/783
f 784/784/784 785/785/785 786/786/786
f 787/787/787 788/788/788 789/789/789
f 790/790/790 791/791/791 792/792/792
f 793/793/793 794/794/794 795/795/795
f 796/796/796 797/797/797 798/798/798
f 799/799/799 800/800/800 801/801/801
f 802/802/802 803/803/803 804/804/804
f 805/805/805 806/806/806 807/807/807
f 808/808/808 809/809/809 810/810/810
f 811/811/811 812/812/812 813/813/813
f 814/814/814 815/815/815 816/816/816
f 817/817/817 818/818/818 819/819/819
f 820/820/820 821/821/821 822/822/822
f 823/823/823 824/824/824 825/825/825
f 826/826/826 827/827/827 828/828/828
f 829/829/829 830/830/830 831/831/831
f 832/832/832 833/833/833 834/834/834
f 835/835/835 836/836/836 837/837/837
f 838/838/838 839/839/839 840/840/840
f 841/841/841 842/842/842 843/843/843
f 844/844/844 845/845/845 846/846/846
f 847/847/847 848/848/848 849/849/849
f 850/850/850 851/851/851 852/852/852
f 853/853/853 854/854/854 855/855/855
f 856/856/856 857/857/857 858/858/858
f 859/859/859 860/860/860 861/861/861
f 862/862/862 863/863/863 864/864/864
f 865/865/865 866/866/866 867/867/867
f 868/868/868 869/869/869 870/870/870
f 871/871/871 872/872/872 873/873/873
f 874/874/874 875/875/875 876/876/876
f 877/877/877 878/878/878 879/879/879
f 880/880/880 881/881/881 882/882/882
f 883/883/883 884/884/884 885/885/885
f 886/886/886 887/887/887 888/888/888
f 889/889/889 890/890/890 891/891/891
f 892/892/892 893/893/893 894/894/894
f 895/895/895 896/896/896 897/897/897
f 898/898/898 899/899/899 900/900/900
f 901/901/901 902/902/902 903/903/903
f 904/904/904 905/905/905 906/906/906
f 907/907/907 908/908/908 909/909/909
f 910/910/910 911/911/911 912/912/912
f 913/913/913 914/914/914 915/915/915
f 916/916/916 917/917/917 918/918/918
f 919/919/919 920/920/920 921/921/921
f 922/922/922 923/923/923 924/924/924
f 925/925/925 926/926/926 927/927/927
f 928/928/928 929/929/929 930/930/930
f 931/931/931 932/932/932 933/933/933
f 934/934/934 935/935/935 936/936/936
f 937/937/937 938/938/938 939/939/939
f 940/940/940 941/941/941 942/942/942
f 943/943/943 944/944/944 945/945/945
f 946/946/946 947/947/947 948/948/948
f 949/949/949 950/950/950 951/951/951
f 952/952/952 953/953/953 954/954/954
f 955/955/955 956/956/956 957/957/957
f 958/958/958 959/959/959 960/960/960
f 961/961/961 962/962/962 963/963/963
f 964/964/964 965/965/965 966/966/966
f 967/967/967 968/968/968 969/969/969
f 970/970/970 971/971/971 972/972/972
f 973/973/973 974/974/974 975/975/975
f 976/976/976 977/977/977 978/978/978
f 979/979/979 980/980/980 981/981/981
f 982/982/982 983/983/983 984/984/984
f 985/985/985 986/986/986 987/987/987
f 988/988/988 989/989/989 990/990/990
f 991/991/991 992/992/992 993/993/993
f 994/994/994 995/995/995 996/996/996
f 997/997/997 998/998/998 999/999/999
f 1000/1000/1000 1001/1001/1001 1002/1002/1002
f 1003/1003/1003 1004/1004/1004 1005/1005/1005
f 1006/1006/1006 1007/1007/1007 1008/1008/1008
f 1009/1009/1009 1010/1010/1010 1011/1011/1011
f 1012/1012/1012 1013/1013/1013 1014/1014/1014
f 1015/1015/1015 1016/1016/1016 1017/1017/1017
f 1018/1018/1018 1019/1019/1019 1020/1020/1020
f 1021/1021/1021 1022/1022/1022 1023/1023/1023
f 1024/1024/1024 1025/1025/1025 1026/1026/1026
f 1027/1027/1027 1028/1028/1028 1029/1029/1029
f 1030/1030/1030 1031/1031/1031 1032/1032/1032
f 1033/1033/1033 1034/1034/1034 1035/1035/1035
f 1036/1036/1036 1037/1037/1037 1038/1038/1038
f 1039/1039/1039 1040/1040/1040 1041/1041/1041
f 1042/1042/1042 1043/1043/1043 1044/1044/1044
f 1045/1045/1045 1046/1046/1046 1047/1047/1047
f 1048/1048/1048 1049/1049/1049 1050/1050/1050
f 1051/1051/1051 1052/1052/1052 1053/1053/1053
f 1054/1054/1054 1055/1055/1055 1056/1056/1056
f 1057/1057/1057 1058/1058/1058 1059/1059/1059
f 1060/1060/1060 1061/1061/1061 1062/1062/1062
f 1063/1063/1063 1064/1064/1064 1065/1065/1065
f 1066/1066/1066 1067/1067/1067 1068/1068/1068
f 1069/1069/1069 1070/1070/1070 1071/1071/1071
f 1072/1072/1072 1073/1073/1073 1074/1074/1074
f 1075/1075/1075 1076/1076/1076 1077/1077/1077
f 1078/1078/1078 1079/1079/1079 1080/1080/1080
f 1081/1081/1081 1082/1082/1082 1083/1083/1083
f 1084/1084/1084 1085/1085/1085 1086/1086/1086
f 1087/1087/1087 1088/1088/1088 1089/1089/1089
f 1090/1090/1090 1091/1091/1091 1092/1092/1092
f 1093/1093/1093 1094/1094/1094 1095/1095/1095
f 1096/1096/1096 1097/1097/1097 1098/1098/1098
f 1099/1099/1099 1100/1100/1100 1101/1101/1101
f 1102/1102/1102 1103/1103/1103 1104/1104/1104
f 1105/1105/1105 1106/1106/1106 1107/1107/1107
f 1108/1108/1108 1109/1109/1109 1110/1110/1110
f 1111/1111/1111 1112/1112/1112 1113/1113/1113
f 1114/1114/1114 1115/1115/1115 1116/1116/1116
f 1117/1117/1117 1118/1118/1118 1119/1119/1119
f 1120/1120/1120 1121/1121/1121 1122/1122/1122
f 1123/1123/1123 1124/1124/1124 1125/1125/1125
f 1126/1126/1126 1127/1127/1127 1128/1128/1128
f 1129/1129/1129 1130/1130/1130 1131/1131/1131
f 1132/1132/1132 1133/1133/1133 1134/1134/1134
f 1135/1135/1135 1136/1136/1136 1137/1137/1137
f 1138/1138/1138 1139/1139/1139 1140/1140/1140
f 1141/1141/1141 1142/1142/1142 1143/1143/1143
f 1144/1144/1144 1145/1145/1145 1146/1146/1146
f 1147/1147/1147 1148/1148/1148 1149/1149/1149
f 1150/1150/1150 1151/1151/1151 1152/1152/1152
f 1153/1153/1153 1154/1154/1154 1155/1155/1155
f 1156/1156/1156 1157/1157/1157 1158/1158/1158
f 1159/1159/1159 1160/1160/1160 1161/1161/1161
f 1162/1162/1162 1163/1163/1163 1164/1164/1164
f 1165/1165/1165 1166/1166/1166 1167/1167/1167
f 1168/1168/1168 1169/1169/1169 1170/1170/1170
f 1171/1171/1171 1172/1172/1172 1173/1173/1173
f 1174/1174/1174 1175/1175/1175 1176/1176/1176
f 1177/1177/1177 1178/1178/1178 1179/1179/1179
f 1180/1180/1180 1181/1181/1181 1182/1182/1182
f 1183/1183/1183 1184/1184/1184 1185/1185/1185
f 1186/1186/1186 1187/1187/1187 1188/1188/1188
f 1189/1189/1189 1190/1190/1190 1191/1191/1191
f 1192/1192/1192 1193/1193/1193 1194/1194/1194
f 1195/1195/1195 1196/1196/1196 1197/1197/1197
f 1198/1198/1198 1199/1199/1199 1200/1200/1200
f 1201/1201/1201 1202/1202/1202 1203/1203/1203
f 1204/1204/1204 1205/1205/1205 1206/1206/1206
f 1207/1207/1207 1208/1208/1208 1209/1209/1209
f 1210/1210/1210 1211/1211/1211 1212/1212/1212
f 1213/1213/1213 1214/1214/1214 1215/1215/1215
f 1216/1216/1216 1217/1217/1217 1218/1218/1218
f 1219/1219/1219 1220/1220/1220 1221/1221/1221
f 1222/1222/1222 1223/1223/1223 1224/1224/1224
f 1225/1225/1225 1226/1226/1226 1227/1227/1227
f 1228/1228/1228 1229/1229/1229 1230/1230/1230
f 1231/1231/1231 1232/1232/1232 1233/1233/1233
f 1234/1234/1234 1235/1235/1235 1236/1236/1236
f 1237/1237/1237 1238/1238/1238 1239/1239/1239
f 1240/1240/1240 1241/1241/1241 1242/1242/1242
f 1243/1243/1243 1244/1244/1244 1245/1245/1245
f 1246/1246/1246 1247/1247/1247 1248/1248/1248
f 1249/1249/1249 1250/1250/1250 1251/1251/1251
f 1252/1252/1252 1253/1253/1253 1254/1254/1254
f 1255/1255/1255 1256/1256/1256 1257/1257/1257
f 1258/1258/1258 1259/1259/1259 1260/1260/1260
f 1261/1261/1261 1262/1262/1262 1263/1263/1263
f 1264/1264/1264 1265/1265/1265 1266/1266/1266
f 1267/1267/1267 1268/1268/1268 1269/1269/1269
f 1270/1270/1270 1271/1271/1271 1272/1272/1272
f 1273/1273/1273 1274/1274/1274 1275/1275/1275
f 1276/1276/1276 1277/1277/1277 1278/1278/1278
f 1279/1279/1279 1280/1280/1280 1281/1281/1281
f 1282/1282/1282 1283/1283/1283 1284/1284/1284
f 1285/1285/1285 1286/1286/1286 1287/1287/1287
f 1288/1288/1288 1289/1289/1289 1290/1290/1290
f 1291/1291/1291 1292/1292/1292 1293/1293/1293
f 1294/1294/1294 1295/1295/1295 1296/1296/1296
f 1297/1297/1297 1298/1298/1298 1299/1299/1299
f 1300/1300/1300 1301/1301/1301 1302/1302/1302
f 1303/1303/1303 1304/1304/1304 1305/1305/1305
f 1306/1306/1306 1307/1307/1307 1308/1308/1308
f 1309/1309/1309 1310/1310/1310 1311/1311/1311
f 1312/1312/1312 1313/1313/1313 1314/1314/1314
f 1315/1315/1315 1316/1316/1316 1317/1317/1317
f 1318/1318/1318 1319/1319/1319 1320/1320/1320
f 1321/1321/1321 1322/1322/1322 1323/1323/1323
f 1324/1324/1324 1325/1325/1325 1326/1326/1326
f 1327/1327/1327 1328/1328/1328 1329/1329/1329
f 1330/1330/1330 1331/1331/1331 1332/1332/1332
f 1333/1333/1333 1334/1334/1334 1335/1335/1335
f 1336/1336/1336 1337/1337/1337 1338/1338/1338
f 1339/1339/1339 1340/1340/1340 1341/1341/1341
f 1342/1342/1342 1343/1343/1343 1344/1344/1344
f 1345/1345/1345 1346/1346/1346 1347/1347/1347
f 1348/1348/1348 1349/1349/1349 1350/1350/1350
f 1351/1351/1351 1352/1352/1352 1353/1353/1353
f 1354/1354/1354 1355/1355/1355 1356/1356/1356
f 1357/1357/1357 1358/1358/1358 1359/1359/1359
f 1360/1360/1360 1361/1361/1361 1362/1362/1362
f 1363/1363/1363 1364/1364/1364 1365/1365/1365
f 1366/1366/1366 1367/1367/1367 1368/1368/1368
f 1369/1369/1369 1370/1370/1370 1371/1371/1371
f 1372/1372/1372 1373/1373/1373 1374/1374/1374
f 1375/1375/1375 1376/1376/1376 1377/1377/1377
f 1378/1378/1378 1379/1379/1379 1380/1380/1380
f 1381/1381/1381 1382/1382/1382 1383/1383/1383
f 1384/1384/1384 1385/1385/1385 1386/1386/1386
f 1387/1387/1387 1388/1388/1388 1389/1389/1389
f 1390/1390/1390 1391/1391/1391 1392/1392/1392
f 1393/1393/1393 1394/1394/1394 1395/1395/1395
f 1396/1396/1396 1397/1397/1397 1398/1398/1398
f 1399/1399/1399 1400/1400/1400 1401/1401/1401
f 1402/1402/1402 1403/1403/1403 1404/1404/1404
f 1405/1405/1405 1406/1406/1406 1407/1407/1407
f 1408/1408/1408 1409/1409/1409 1410/1410/1410
f 1411/1411/1411 1412/1412/1412 1413/1413/1413
f 1414/1414/1414 1415/1415/1415 1416/1416/1416
f 1417/1417/1417 1418/1418/1418 1419/1419/1419
f 1420/1420/1420 1421/1421/1421 1422/1422/1422
f 1423/1423/1423 1424/1424/1424 1425/1425/1425
f 1426/1426/1426 1427/1427/1427 1428/1428/1428
f 1429/1429/1429 1430/1430/1430 1431/1431/1431
f 1432/1432/1432 1433/1433/1433 1434/1434/1434
f 1435/1435/1435 1436/1436/1436 1437/1437/1437
f 1438/1438/1438 1439/1439/1439 1440/1440/1440
f 1441/1441/1441 1442/1442/1442 1443/1443/1443
f 1444/1444/1444 1445/1445/1445 1446/1446/1446
f 1447/1447/1447 1448/1448/1448 1449/1449/1449
f 1450/1450/1450 1451/1451/1451 1452/1452/1452
f 1453/1453/1453 1454/1454/1454 1455/1455/1455
f 1456/1456/1456 1457/1457/1457 1458/1458/1458
f 1459/1459/1459 1460/1460/1460 1461/1461/1461
f 1462/1462/1462 1463/1463/1463 1464/1464/1464
f 1465/1465/1465 1466/1466/1466 1467/1467/1467
f 1468/1468/1468 1469/1469/1469 1470/1470/1470
f 1471/1471/1471 1472/1472/1472 1473/1473/1473
f 1474/1474/1474 1475/1475/1475 1476/1476/1476
f 1477/1477/1477 1478/1478/1478 1479/1479/1479
f 1480/1480/1480 1481/1481/1481 1482/1482/1482
f 1483/1483/1483 1484/1484/1484 1485/1485/1485
f 1486/1486/1486 1487/1487/1487 1488/1488/1488
f 1489/1489/1489 1490/1490/1490 1491/1491/1491
f 1492/1492/1492 1493/1493/1493 1494/1494/1494
f 1495/1495/1495 1496/1496/1496 1497/1497/1497
f 1498/1498/1498 1499/1499/1499 1500/1500/1500
f 1501/1501/1501 1502/1502/1502 1503/1503/1503
f 1504/1504/1504 1505/1505/1505 1506/1506/1506
f 1507/1507/1507 1508/1508/1508 1509/1509/1509
f 1510/1510/1510 1511/1511/1511 1512/1512/1512
f 1513/1513/1513 1514/1514/1514 1515/1515/1515
f 1516/1516/1516 1517/1517/1517 1518/1518/1518
f 1519/1519/1519 1520/1520/1520 1521/1521/1521
f 1522/1522/1522 1523/1523/1523 1524/1524/1524
f 1525/1525/1525 1526/1526/1526 1527/1527/1527
f 1528/1528/1528 1529/1529/1529 1530/1530/1530
f 1531/1531/1531 1532/1532/1532 1533/1533/1533
f 1534/1534/1534 1535/1535/1535 1536/1536/1536
f 1537/1537/1537 1538/1538/1538 1539/1539/1539
f 1540/1540/1540 1541/1541/1541 1542/1542/1542
f 1543/1543/1543 1544/1544/1544 1545/1545/1545
f 1546/1546/1546 1547/1547/1547 1548/1548/1548
f 1549/1549/1549 1550/1550/1550 1551/1551/1551
f 1552/1552/1552 1553/1553/1553 1554/1554/1554
f 1555/1555/1555 1556/1556/1556 1557/1557/1557
f 1558/1558/1558 1559/1559/1559 1560/1560/1560
f 1561/1561/1561 1562/1562/1562 1563/1563/1563
f 1564/1564/1564 1565/1565/1565 1566/1566/1566
f 1567/1567/1567 1568/1568/1568 1569/1569/1569
f 1570/1570/1570 1571/1571/1571 1572/1572/1572
f 1573/1573/1573 1574/1574/1574 1575/1575/1575
f 1576/1576/1576 1577/1577/1577 1578/1578/1578
f 1579/1579/1579 1580/1580/1580 1581/1581/1581
f 1582/1582/1582 1583/1583/1583 1584/1584/1584
f 1585/1585/1585 1586/1586/1586 1587/1587/1587
f 1588/1588/1588 1589/1589/1589 1590/1590/1590
f 1591/1591/1591 1592/1592/1592 1593/1593/1593
f 1594/1594/1594 1595/1595/1595 1596/1596/1596
f 1597/1597/1597 1598/1598/1598 1599/1599/1599
f 1600/1600/1600 1601/1601/1601 1602/1602/1602
f 1603/1603/1603 1604/1604/1604 1605/1605/1605
f 1606/1606/1606 1607/1607/1607 1608/1608/1608
f 1609/1609/1609 1610/1610/1610 1611/1611/1611
f 1612/1612/1612 1613/1613/1613 1614/1614/1614
f 1615/1615/1615 1616/1616/1616 1617/1617/1617
f 1618/1618/1618 1619/1619/1619 1620/1620/1620
f 1621/1621/1621 1622/1622/1622 1623/1623/1623
f 1624/1624/1624 1625/1625/1625 1626/1626/1626
f 1627/1627/1627 1628/1628/1628 1629/1629/1629
f 1630/1630/1630 1631/1631/1631 1632/1632/1632
f 1633/1633/1633 1634/1634/1634 1635/1635/1635
f 1636/1636/1636 1637/1637/1637 1638/1638/1638
f 1639/1639/1639 1640/1640/1640 1641/1641/1641
f 1642/1642/1642 1643/1643/1643 1644/1644/1644
f 1645/1645/1645 1646/1646/1646 1647/1647/1647
f 1648/1648/1648 1649/1649/1649 1650/1650/1650
f 1651/1651/1651 1652/1652/1652 1653/1653/1653
f 1654/1654/1654 1655/1655/1655 1656/1656/1656
f 1657/1657/1657 1658/1658/1658 1659/1659/1659
f 1660/1660/1660 1661/1661/1661 1662/1662/1662
f 1663/1663/1663 1664/1664/1664 1665/1665/1665
f 1666/1666/1666 1667/1667/1667 1668/1668/1668
f 1669/1669/1669 1670/1670/1670 1671/1671/1671
f 1672/1672/1672 1673/1673/1673 1674/1674/1674
f 1675/1675/1675 1676/1676/1676 1677/1677/1677
f 1678/1678/1678 1679/1679/1679 1680/1680/1680
f 1681/1681/1681 1682/1682/1682 1683/1683/1683
f 1684/1684/1684 1685/1685/1685 1686/1686/1686
f 1687/1687/1687 1688/1688/1688 1689/1689/1689
f 1690/1690/1690 1691/1691/1691 1692/1692/1692
f 1693/1693/1693 1694/1694/1694 1695/1695/1695
f 1696/1696/1696 1697/1697/1697 1698/1698/1698
f 1699/1699/1699 1700/1700/1700 1701/1701/1701
f 1702/1702/1702 1703/1703/1703 1704/1704/1704
f 1705/1705/1705 1706/1706/1706 1707/1707/1707
f 1708/1708/1708 1709/1709/1709 1710/1710/1710
f 1711/1711/1711 1712/1712/1712 1713/1713/1713
f 1714/1714/1714 1715/1715/1715 1716/1716/1716
f 1717/1717/1717 1718/1718/1718 1719/1719/1719
f 1720/1720/1720 1721/1721/1721 1722/1722/1722
f 1723/1723/1723 1724/1724/1724 1725/1725/1725
f 1726/1726/1726 1727/1727/1727 1728/1728/1728
f 1729/1729/1729 1730/1730/1730 1731/1731/1731
f 1732/1732/1732 1733/1733/1733 1734/1734/1734
f 1735/1735/1735 1736/1736/1736 1737/1737/1737
f 1738/1738/1738 1739/1739/1739 1740/1740/1740
f 1741/1741/1741 1742/1742/1742 1743/1743/1743
f 1744/1744/1744 1745/1745/1745 1746/1746/1746
f 1747/1747/1747 1748/1748/1748 1749/1749/1749
f 1750/1750/1750 1751/1751/1751 1752/1752/1752
f 1753/1753/1753 1754/1754/1754 1755/1755/1755
f 1756/1756/1756 1757/1757/1757 1758/1758/1758
f 1759/1759/1759 1760/1760/1760 1761/1761/1761
f 1762/1762/1762 1763/1763/1763 1764/1764/1764
f 1765/1765/1765 1766/1766/1766 1767/1767/1767
f 1768/1768/1768 1769/1769/1769 1770/1770/1770
f 1771/1771/1771 1772/1772/1772 1773/1773/1773
f 1774/1774/1774 1775/1775/1775 1776/1776/1776
f 1777/1777/1777 1778/1778/1778 1779/1779/1779
f 1780/1780/1780 1781/1781/1781 1782/1782/1782
f 1783/1783/1783 1784/1784/1784 1785/1785/1785
f 1786/1786/1786 1787/1787/1787 1788/1788/1788
f 1789/1789/1789 1790/1790/1790 1791/1791/1791
f 1792/1792/1792 1793/1793/1793 1794/1794/1794
f 1795/1795/1795 1796/1796/1796 1797/1797/1797
f 1798/1798/1798 1799/1799/1799 1800/1800/1800
f 1801/1801/1801 1802/1802/1802 1803/1803/1803
f 1804/1804/1804 1805/1805/1805 1806/1806/1806
f 1807/1807/1807 1808/1808/1808 1809/1809/1809
f 1810/1810/1810 1811/1811/1811 1812/1812/1812
f 1813/1813/1813 1814/1814/1814 1815/1815/1815
f 1816/1816/1816 1817/1817/1817 1818/1818/1818
f 1819/1819/1819 1820/1820/1820 1821/1821/1821
f 1822/1822/1822 1823/1823/1823 1824/1824/1824
f 1825/1825/1825 1826/1826/1826 1827/1827/1827
f 1828/1828/1828 1829/1829/1829 1830/1830/1830
f 1831/1831/1831 1832/1832/1832 1833/1833/1833
f 1834/1834/1834 1835/1835/1835 1836/1836/1836
f 1837/1837/1837 1838/1838/1838 1839/1839/1839
f 1840/1840/1840 1841/1841/1841 1842/1842/1842
f 1843/1843/1843 1844/1844/1844 1845/1845/1845
f 1846/1846/1846 1847/1847/1847 1848/1848/1848
f 1849/1849/1849 1850/1850/1850 1851/1851/1851
f 1852/1852/1852 1853/1853/1853 1854/1854/1854
f 1855/1855/1855 1856/1856/1856 1857/1857/1857
f 1858/1858/1858 1859/1859/1859 1860/1860/1860
f 1861/1861/1861 1862/1862/1862 1863/1863/1863
f 1864/1864/1864 1865/1865/1865 1866/1866/1866
f 1867/1867/1867 1868/1868/1868 1869/1869/1869
f 1870/1870/1870 1871/1871/1871 1872/1872/1872
f 1873/1873/1873 1874/1874/1874 1875/1875/1875
f 1876/1876/1876 1877/1877/1877 1878/1878/1878
f 1879/1879/1879 1880/1880/1880 1881/1881/1881
f 1882/1882/1882 1883/1883/1883 1884/1884/1884
f 1885/1885/1885 1886/1886/1886 1887/1887/1887
f 1888/1888/1888 1889/1889/1889 1890/1890/1890
f 1891/1891/1891 1892/1892/1892 1893/1893/1893
f 1894/1894/1894 1895/1895/1895 1896/1896/1896
f 1897/1897/1897 1898/1898/1898 1899/1899/1899
f 1900/1900/1900 1901/1901/1901 1902/1902/1902
f 1903/1903/1903 1904/1904/1904 1905/1905/1905
f 1906/1906/1906 1907/1907/1907 1908/1908/1908
f 1909/1909/1909 1910/1910/1910 1911/1911/1911
f 1912/1912/1912 1913/1913/1913 1914/1914/1914
f 1915/1915/1915 1916/1916/1916 1917/1917/1917
f 1918/1918/1918 1919/1919/1919 1920/1920/1920
f 1921/1921/1921 1922/1922/1922 1923/1923/1923
f 1924/1924/1924 1925/1925/1925 1926/1926/1926
f 1927/1927/1927 1928/1928/1928 1929/1929/1929
f 1930/1930/1930 1931/1931/1931 1932/1932/1932
f 1933/1933/1933 1934/1934/1934 1935/1935/1935
f 1936/1936/1936 1937/1937/1937 1938/1938/1938
f 1939/1939/1939 1940/1940/1940 1941/1941/1941
f 1942/1942/1942 1943/1943/1943 1944/1944/1944
f 1945/1945/1945 1946/1946/1946 1947/1947/1947
f 1948/1948/1948 1949/1949/1949 1950/1950/1950
f 1951/1951/1951 1952/1952/1952 1953/1953/1953
f 1954/1954/1954 1955/1955/1955 1956/1956/1956
f 1957/1957/1957 1958/1958/1958 1959/1959/1959
f 1960/1960/1960 1961/1961/1961 1962/1962/1962
f 1963/1963/1963 1964/1964/1964 1965/1965/1965
f 1966/1966/1966 1967/1967/1967 1968/1968/1968
f 1969/1969/1969 1970/1970/1970 1971/1971/1971
f 1972/1972/1972 1973/1973/1973 1974/1974/1974
f 1975/1975/1975 1976/1976/1976 1977/1977/1977
f 1978/1978/1978 1979/1979/1979 1980/1980/1980
f 1981/1981/1981 1982/1982/1982 1983/1983/1983
f 1984/1984/1984 1985/1985/1985 1986/1986/1986
f 1987/1987/1987 1988/1988/1988 1989/1989/1989
f 1990/1990/1990 1991/1991/1991 1992/1992/1992
f 1993/1993/1993 1994/1994/1994 1995/1995/1995
f 1996/1996/1996 1997/1997/1997 1998/1998/1998
f 1999/1999/1999 2000/2000/2000 2001/2001/2001
f 2002/2002/2002 2003/2003/2003 2004/2004/2004
f 2005/2005/2005 2006/2006/2006 2007/2007/2007
f 2008/2008/2008 2009/2009/2009 2010/2010/2010
f 2011/2011/2011 2012/2012/2012 2013/2013/2013
f 2014/2014/2014 2015/2015/2015 2016/2016/2016
f 2017/2017/2017 2018/2018/2018 2019/2019/2019
f 2020/2020/2020 2021/2021/2021 2022/2022/2022
f 2023/2023/2023 2024/2024/2024 2025/2025/2025
f 2026/2026/2026 2027/2027/2027 2028/2028/2028
