# Obsidian West — joint-local part geometry, +Y up, +Z forward
mtllib materials.mtl
o Neck_03
v 0.660000 0.000000 0.000000
v 0.533951 0.109194 -0.372254
v 0.686400 0.375000 0.110000
v 0.533951 0.109194 -0.372254
v 0.555309 0.488562 -0.277144
v 0.686400 0.375000 0.110000
v 0.533951 0.109194 -0.372254
v 0.203951 0.176680 -0.602319
v 0.555309 0.488562 -0.277144
v 0.203951 0.176680 -0.602319
v 0.212109 0.558747 -0.516412
v 0.555309 0.488562 -0.277144
v 0.203951 0.176680 -0.602319
v -0.203951 0.176680 -0.602319
v 0.212109 0.558747 -0.516412
v -0.203951 0.176680 -0.602319
v -0.212109 0.558747 -0.516412
v 0.212109 0.558747 -0.516412
v -0.203951 0.176680 -0.602319
v -0.533951 0.109194 -0.372254
v -0.212109 0.558747 -0.516412
v -0.533951 0.109194 -0.372254
v -0.555309 0.488562 -0.277144
v -0.212109 0.558747 -0.516412
v -0.533951 0.109194 -0.372254
v -0.660000 0.000000 0.000000
v -0.555309 0.488562 -0.277144
v -0.660000 0.000000 0.000000
v -0.686400 0.375000 0.110000
v -0.555309 0.488562 -0.277144
v -0.660000 0.000000 0.000000
v -0.533951 -0.109194 0.372254
v -0.686400 0.375000 0.110000
v -0.533951 -0.109194 0.372254
v -0.555309 0.261438 0.497144
v -0.686400 0.375000 0.110000
v -0.533951 -0.109194 0.372254
v -0.203951 -0.176680 0.602319
v -0.555309 0.261438 0.497144
v -0.203951 -0.176680 0.602319
v -0.212109 0.191253 0.736412
v -0.555309 0.261438 0.497144
v -0.203951 -0.176680 0.602319
v 0.203951 -0.176680 0.602319
v -0.212109 0.191253 0.736412
v 0.203951 -0.176680 0.602319
v 0.212109 0.191253 0.736412
v -0.212109 0.191253 0.736412
v 0.203951 -0.176680 0.602319
v 0.533951 -0.109194 0.372254
v 0.212109 0.191253 0.736412
v 0.533951 -0.109194 0.372254
v 0.555309 0.261438 0.497144
v 0.212109 0.191253 0.736412
v 0.533951 -0.109194 0.372254
v 0.660000 0.000000 0.000000
v 0.555309 0.261438 0.497144
v 0.660000 0.000000 0.000000
v 0.686400 0.375000 0.110000
v 0.555309 0.261438 0.497144
v 0.686400 0.375000 0.110000
v 0.555309 0.488562 -0.277144
v 0.582400 0.750000 0.220000
v 0.555309 0.488562 -0.277144
v 0.471171 0.846356 -0.108486
v 0.582400 0.750000 0.220000
v 0.555309 0.488562 -0.277144
v 0.212109 0.558747 -0.516412
v 0.471171 0.846356 -0.108486
v 0.212109 0.558747 -0.516412
v 0.179972 0.905907 -0.311501
v 0.471171 0.846356 -0.108486
v 0.212109 0.558747 -0.516412
v -0.212109 0.558747 -0.516412
v 0.179972 0.905907 -0.311501
v -0.212109 0.558747 -0.516412
v -0.179972 0.905907 -0.311501
v 0.179972 0.905907 -0.311501
v -0.212109 0.558747 -0.516412
v -0.555309 0.488562 -0.277144
v -0.179972 0.905907 -0.311501
v -0.555309 0.488562 -0.277144
v -0.471171 0.846356 -0.108486
v -0.179972 0.905907 -0.311501
v -0.555309 0.488562 -0.277144
v -0.686400 0.375000 0.110000
v -0.471171 0.846356 -0.108486
v -0.686400 0.375000 0.110000
v -0.582400 0.750000 0.220000
v -0.471171 0.846356 -0.108486
v -0.686400 0.375000 0.110000
v -0.555309 0.261438 0.497144
v -0.582400 0.750000 0.220000
v -0.555309 0.261438 0.497144
v -0.471171 0.653644 0.548486
v -0.582400 0.750000 0.220000
v -0.555309 0.261438 0.497144
v -0.212109 0.191253 0.736412
v -0.471171 0.653644 0.548486
v -0.212109 0.191253 0.736412
v -0.179972 0.594093 0.751501
v -0.471171 0.653644 0.548486
v -0.212109 0.191253 0.736412
v 0.212109 0.191253 0.736412
v -0.179972 0.594093 0.751501
v 0.212109 0.191253 0.736412
v 0.179972 0.594093 0.751501
v -0.179972 0.594093 0.751501
v 0.212109 0.191253 0.736412
v 0.555309 0.261438 0.497144
v 0.179972 0.594093 0.751501
v 0.555309 0.261438 0.497144
v 0.471171 0.653644 0.548486
v 0.179972 0.594093 0.751501
v 0.555309 0.261438 0.497144
v 0.686400 0.375000 0.110000
v 0.471171 0.653644 0.548486
v 0.686400 0.375000 0.110000
v 0.582400 0.750000 0.220000
v 0.471171 0.653644 0.548486
v 0.660000 0.000000 0.000000
v 0.203951 0.176680 -0.602319
v 0.533951 0.109194 -0.372254
v 0.582400 0.750000 0.220000
v 0.471171 0.846356 -0.108486
v 0.179972 0.905907 -0.311501
v 0.660000 0.000000 0.000000
v -0.203951 0.176680 -0.602319
v 0.203951 0.176680 -0.602319
v 0.582400 0.750000 0.220000
v 0.179972 0.905907 -0.311501
v -0.179972 0.905907 -0.311501
v 0.660000 0.000000 0.000000
v -0.533951 0.109194 -0.372254
v -0.203951 0.176680 -0.602319
v 0.582400 0.750000 0.220000
v -0.179972 0.905907 -0.311501
v -0.471171 0.846356 -0.108486
v 0.660000 0.000000 0.000000
v -0.660000 0.000000 0.000000
v -0.533951 0.109194 -0.372254
v 0.582400 0.750000 0.220000
v -0.471171 0.846356 -0.108486
v -0.582400 0.750000 0.220000
v 0.660000 0.000000 0.000000
v -0.533951 -0.109194 0.372254
v -0.660000 0.000000 0.000000
v 0.582400 0.750000 0.220000
v -0.582400 0.750000 0.220000
v -0.471171 0.653644 0.548486
v 0.660000 0.000000 0.000000
v -0.203951 -0.176680 0.602319
v -0.533951 -0.109194 0.372254
v 0.582400 0.750000 0.220000
v -0.471171 0.653644 0.548486
v -0.179972 0.594093 0.751501
v 0.660000 0.000000 0.000000
v 0.203951 -0.176680 0.602319
v -0.203951 -0.176680 0.602319
v 0.582400 0.750000 0.220000
v -0.179972 0.594093 0.751501
v 0.179972 0.594093 0.751501
v 0.660000 0.000000 0.000000
v 0.533951 -0.109194 0.372254
v 0.203951 -0.176680 0.602319
v 0.582400 0.750000 0.220000
v 0.179972 0.594093 0.751501
v 0.471171 0.653644 0.548486
v 0.000000 0.445000 0.585200
v -0.214772 0.420242 0.585200
v -0.173755 0.420242 0.636206
v 0.000000 0.445000 0.585200
v -0.173755 0.420242 0.636206
v -0.066368 0.420242 0.667730
v 0.000000 0.445000 0.585200
v -0.066368 0.420242 0.667730
v 0.066368 0.420242 0.667730
v 0.000000 0.445000 0.585200
v 0.066368 0.420242 0.667730
v 0.173755 0.420242 0.636206
v 0.000000 0.445000 0.585200
v 0.173755 0.420242 0.636206
v 0.214772 0.420242 0.585200
v 0.000000 0.445000 0.585200
v 0.214772 0.420242 0.585200
v 0.173755 0.420242 0.534194
v 0.000000 0.445000 0.585200
v 0.173755 0.420242 0.534194
v 0.066368 0.420242 0.502670
v 0.000000 0.445000 0.585200
v 0.066368 0.420242 0.502670
v -0.066368 0.420242 0.502670
v 0.000000 0.445000 0.585200
v -0.066368 0.420242 0.502670
v -0.173755 0.420242 0.534194
v 0.000000 0.445000 0.585200
v -0.173755 0.420242 0.534194
v -0.214772 0.420242 0.585200
v -0.173755 0.420242 0.636206
v -0.214772 0.420242 0.585200
v -0.313095 0.350873 0.677110
v -0.214772 0.420242 0.585200
v -0.387007 0.350873 0.585200
v -0.313095 0.350873 0.677110
v -0.066368 0.420242 0.667730
v -0.173755 0.420242 0.636206
v -0.119592 0.350873 0.733913
v -0.173755 0.420242 0.636206
v -0.313095 0.350873 0.677110
v -0.119592 0.350873 0.733913
v 0.066368 0.420242 0.667730
v -0.066368 0.420242 0.667730
v 0.119592 0.350873 0.733913
v -0.066368 0.420242 0.667730
v -0.119592 0.350873 0.733913
v 0.119592 0.350873 0.733913
v 0.173755 0.420242 0.636206
v 0.066368 0.420242 0.667730
v 0.313095 0.350873 0.677110
v 0.066368 0.420242 0.667730
v 0.119592 0.350873 0.733913
v 0.313095 0.350873 0.677110
v 0.214772 0.420242 0.585200
v 0.173755 0.420242 0.636206
v 0.387007 0.350873 0.585200
v 0.173755 0.420242 0.636206
v 0.313095 0.350873 0.677110
v 0.387007 0.350873 0.585200
v 0.173755 0.420242 0.534194
v 0.214772 0.420242 0.585200
v 0.313095 0.350873 0.493290
v 0.214772 0.420242 0.585200
v 0.387007 0.350873 0.585200
v 0.313095 0.350873 0.493290
v 0.066368 0.420242 0.502670
v 0.173755 0.420242 0.534194
v 0.119592 0.350873 0.436487
v 0.173755 0.420242 0.534194
v 0.313095 0.350873 0.493290
v 0.119592 0.350873 0.436487
v -0.066368 0.420242 0.502670
v 0.066368 0.420242 0.502670
v -0.119592 0.350873 0.436487
v 0.066368 0.420242 0.502670
v 0.119592 0.350873 0.436487
v -0.119592 0.350873 0.436487
v -0.173755 0.420242 0.534194
v -0.066368 0.420242 0.502670
v -0.313095 0.350873 0.493290
v -0.066368 0.420242 0.502670
v -0.119592 0.350873 0.436487
v -0.313095 0.350873 0.493290
v -0.214772 0.420242 0.585200
v -0.173755 0.420242 0.534194
v -0.387007 0.350873 0.585200
v -0.173755 0.420242 0.534194
v -0.313095 0.350873 0.493290
v -0.387007 0.350873 0.585200
v -0.313095 0.350873 0.677110
v -0.387007 0.350873 0.585200
v -0.390423 0.250630 0.699810
v -0.387007 0.350873 0.585200
v -0.482589 0.250630 0.585200
v -0.390423 0.250630 0.699810
v -0.119592 0.350873 0.733913
v -0.313095 0.350873 0.677110
v -0.149128 0.250630 0.770642
v -0.313095 0.350873 0.677110
v -0.390423 0.250630 0.699810
v -0.149128 0.250630 0.770642
v 0.119592 0.350873 0.733913
v -0.119592 0.350873 0.733913
v 0.149128 0.250630 0.770642
v -0.119592 0.350873 0.733913
v -0.149128 0.250630 0.770642
v 0.149128 0.250630 0.770642
v 0.313095 0.350873 0.677110
v 0.119592 0.350873 0.733913
v 0.390423 0.250630 0.699810
v 0.119592 0.350873 0.733913
v 0.149128 0.250630 0.770642
v 0.390423 0.250630 0.699810
v 0.387007 0.350873 0.585200
v 0.313095 0.350873 0.677110
v 0.482589 0.250630 0.585200
v 0.313095 0.350873 0.677110
v 0.390423 0.250630 0.699810
v 0.482589 0.250630 0.585200
v 0.313095 0.350873 0.493290
v 0.387007 0.350873 0.585200
v 0.390423 0.250630 0.470590
v 0.387007 0.350873 0.585200
v 0.482589 0.250630 0.585200
v 0.390423 0.250630 0.470590
v 0.119592 0.350873 0.436487
v 0.313095 0.350873 0.493290
v 0.149128 0.250630 0.399758
v 0.313095 0.350873 0.493290
v 0.390423 0.250630 0.470590
v 0.149128 0.250630 0.399758
v -0.119592 0.350873 0.436487
v 0.119592 0.350873 0.436487
v -0.149128 0.250630 0.399758
v 0.119592 0.350873 0.436487
v 0.149128 0.250630 0.399758
v -0.149128 0.250630 0.399758
v -0.313095 0.350873 0.493290
v -0.119592 0.350873 0.436487
v -0.390423 0.250630 0.470590
v -0.119592 0.350873 0.436487
v -0.149128 0.250630 0.399758
v -0.390423 0.250630 0.470590
v -0.387007 0.350873 0.585200
v -0.313095 0.350873 0.493290
v -0.482589 0.250630 0.585200
v -0.313095 0.350873 0.493290
v -0.390423 0.250630 0.470590
v -0.482589 0.250630 0.585200
v -0.390423 0.250630 0.699810
v -0.482589 0.250630 0.585200
v -0.390423 0.139370 0.699810
v -0.482589 0.250630 0.585200
v -0.482589 0.139370 0.585200
v -0.390423 0.139370 0.699810
v -0.149128 0.250630 0.770642
v -0.390423 0.250630 0.699810
v -0.149128 0.139370 0.770642
v -0.390423 0.250630 0.699810
v -0.390423 0.139370 0.699810
v -0.149128 0.139370 0.770642
v 0.149128 0.250630 0.770642
v -0.149128 0.250630 0.770642
v 0.149128 0.139370 0.770642
v -0.149128 0.250630 0.770642
v -0.149128 0.139370 0.770642
v 0.149128 0.139370 0.770642
v 0.390423 0.250630 0.699810
v 0.149128 0.250630 0.770642
v 0.390423 0.139370 0.699810
v 0.149128 0.250630 0.770642
v 0.149128 0.139370 0.770642
v 0.390423 0.139370 0.699810
v 0.482589 0.250630 0.585200
v 0.390423 0.250630 0.699810
v 0.482589 0.139370 0.585200
v 0.390423 0.250630 0.699810
v 0.390423 0.139370 0.699810
v 0.482589 0.139370 0.585200
v 0.390423 0.250630 0.470590
v 0.482589 0.250630 0.585200
v 0.390423 0.139370 0.470590
v 0.482589 0.250630 0.585200
v 0.482589 0.139370 0.585200
v 0.390423 0.139370 0.470590
v 0.149128 0.250630 0.399758
v 0.390423 0.250630 0.470590
v 0.149128 0.139370 0.399758
v 0.390423 0.250630 0.470590
v 0.390423 0.139370 0.470590
v 0.149128 0.139370 0.399758
v -0.149128 0.250630 0.399758
v 0.149128 0.250630 0.399758
v -0.149128 0.139370 0.399758
v 0.149128 0.250630 0.399758
v 0.149128 0.139370 0.399758
v -0.149128 0.139370 0.399758
v -0.390423 0.250630 0.470590
v -0.149128 0.250630 0.399758
v -0.390423 0.139370 0.470590
v -0.149128 0.250630 0.399758
v -0.149128 0.139370 0.399758
v -0.390423 0.139370 0.470590
v -0.482589 0.250630 0.585200
v -0.390423 0.250630 0.470590
v -0.482589 0.139370 0.585200
v -0.390423 0.250630 0.470590
v -0.390423 0.139370 0.470590
v -0.482589 0.139370 0.585200
v -0.390423 0.139370 0.699810
v -0.482589 0.139370 0.585200
v -0.313095 0.039127 0.677110
v -0.482589 0.139370 0.585200
v -0.387007 0.039127 0.585200
v -0.313095 0.039127 0.677110
v -0.149128 0.139370 0.770642
v -0.390423 0.139370 0.699810
v -0.119592 0.039127 0.733913
v -0.390423 0.139370 0.699810
v -0.313095 0.039127 0.677110
v -0.119592 0.039127 0.733913
v 0.149128 0.139370 0.770642
v -0.149128 0.139370 0.770642
v 0.119592 0.039127 0.733913
v -0.149128 0.139370 0.770642
v -0.119592 0.039127 0.733913
v 0.119592 0.039127 0.733913
v 0.390423 0.139370 0.699810
v 0.149128 0.139370 0.770642
v 0.313095 0.039127 0.677110
v 0.149128 0.139370 0.770642
v 0.119592 0.039127 0.733913
v 0.313095 0.039127 0.677110
v 0.482589 0.139370 0.585200
v 0.390423 0.139370 0.699810
v 0.387007 0.039127 0.585200
v 0.390423 0.139370 0.699810
v 0.313095 0.039127 0.677110
v 0.387007 0.039127 0.585200
v 0.390423 0.139370 0.470590
v 0.482589 0.139370 0.585200
v 0.313095 0.039127 0.493290
v 0.482589 0.139370 0.585200
v 0.387007 0.039127 0.585200
v 0.313095 0.039127 0.493290
v 0.149128 0.139370 0.399758
v 0.390423 0.139370 0.470590
v 0.119592 0.039127 0.436487
v 0.390423 0.139370 0.470590
v 0.313095 0.039127 0.493290
v 0.119592 0.039127 0.436487
v -0.149128 0.139370 0.399758
v 0.149128 0.139370 0.399758
v -0.119592 0.039127 0.436487
v 0.149128 0.139370 0.399758
v 0.119592 0.039127 0.436487
v -0.119592 0.039127 0.436487
v -0.390423 0.139370 0.470590
v -0.149128 0.139370 0.399758
v -0.313095 0.039127 0.493290
v -0.149128 0.139370 0.399758
v -0.119592 0.039127 0.436487
v -0.313095 0.039127 0.493290
v -0.482589 0.139370 0.585200
v -0.390423 0.139370 0.470590
v -0.387007 0.039127 0.585200
v -0.390423 0.139370 0.470590
v -0.313095 0.039127 0.493290
v -0.387007 0.039127 0.585200
v -0.313095 0.039127 0.677110
v -0.387007 0.039127 0.585200
v -0.173755 -0.030242 0.636206
v -0.387007 0.039127 0.585200
v -0.214772 -0.030242 0.585200
v -0.173755 -0.030242 0.636206
v -0.119592 0.039127 0.733913
v -0.313095 0.039127 0.677110
v -0.066368 -0.030242 0.667730
v -0.313095 0.039127 0.677110
v -0.173755 -0.030242 0.636206
v -0.066368 -0.030242 0.667730
v 0.119592 0.039127 0.733913
v -0.119592 0.039127 0.733913
v 0.066368 -0.030242 0.667730
v -0.119592 0.039127 0.733913
v -0.066368 -0.030242 0.667730
v 0.066368 -0.030242 0.667730
v 0.313095 0.039127 0.677110
v 0.119592 0.039127 0.733913
v 0.173755 -0.030242 0.636206
v 0.119592 0.039127 0.733913
v 0.066368 -0.030242 0.667730
v 0.173755 -0.030242 0.636206
v 0.387007 0.039127 0.585200
v 0.313095 0.039127 0.677110
v 0.214772 -0.030242 0.585200
v 0.313095 0.039127 0.677110
v 0.173755 -0.030242 0.636206
v 0.214772 -0.030242 0.585200
v 0.313095 0.039127 0.493290
v 0.387007 0.039127 0.585200
v 0.173755 -0.030242 0.534194
v 0.387007 0.039127 0.585200
v 0.214772 -0.030242 0.585200
v 0.173755 -0.030242 0.534194
v 0.119592 0.039127 0.436487
v 0.313095 0.039127 0.493290
v 0.066368 -0.030242 0.502670
v 0.313095 0.039127 0.493290
v 0.173755 -0.030242 0.534194
v 0.066368 -0.030242 0.502670
v -0.119592 0.039127 0.436487
v 0.119592 0.039127 0.436487
v -0.066368 -0.030242 0.502670
v 0.119592 0.039127 0.436487
v 0.066368 -0.030242 0.502670
v -0.066368 -0.030242 0.502670
v -0.313095 0.039127 0.493290
v -0.119592 0.039127 0.436487
v -0.173755 -0.030242 0.534194
v -0.119592 0.039127 0.436487
v -0.066368 -0.030242 0.502670
v -0.173755 -0.030242 0.534194
v -0.387007 0.039127 0.585200
v -0.313095 0.039127 0.493290
v -0.214772 -0.030242 0.585200
v -0.313095 0.039127 0.493290
v -0.173755 -0.030242 0.534194
v -0.214772 -0.030242 0.585200
v -0.173755 -0.030242 0.636206
v -0.214772 -0.030242 0.585200
v -0.000000 -0.055000 0.585200
v -0.066368 -0.030242 0.667730
v -0.173755 -0.030242 0.636206
v -0.000000 -0.055000 0.585200
v 0.066368 -0.030242 0.667730
v -0.066368 -0.030242 0.667730
v 0.000000 -0.055000 0.585200
v 0.173755 -0.030242 0.636206
v 0.066368 -0.030242 0.667730
v 0.000000 -0.055000 0.585200
v 0.214772 -0.030242 0.585200
v 0.173755 -0.030242 0.636206
v 0.000000 -0.055000 0.585200
v 0.173755 -0.030242 0.534194
v 0.214772 -0.030242 0.585200
v 0.000000 -0.055000 0.585200
v 0.066368 -0.030242 0.502670
v 0.173755 -0.030242 0.534194
v 0.000000 -0.055000 0.585200
v -0.066368 -0.030242 0.502670
v 0.066368 -0.030242 0.502670
v -0.000000 -0.055000 0.585200
v -0.173755 -0.030242 0.534194
v -0.066368 -0.030242 0.502670
v -0.000000 -0.055000 0.585200
v -0.214772 -0.030242 0.585200
v -0.173755 -0.030242 0.534194
v -0.000000 -0.055000 0.585200
v -0.528000 0.775000 0.110000
v -0.619636 0.735387 0.110000
v -0.592797 0.735387 0.244993
v -0.528000 0.775000 0.110000
v -0.592797 0.735387 0.244993
v -0.528000 0.735387 0.300909
v -0.528000 0.775000 0.110000
v -0.528000 0.735387 0.300909
v -0.463203 0.735387 0.244993
v -0.528000 0.775000 0.110000
v -0.463203 0.735387 0.244993
v -0.436364 0.735387 0.110000
v -0.528000 0.775000 0.110000
v -0.436364 0.735387 0.110000
v -0.463203 0.735387 -0.024993
v -0.528000 0.775000 0.110000
v -0.463203 0.735387 -0.024993
v -0.528000 0.735387 -0.080909
v -0.528000 0.775000 0.110000
v -0.528000 0.735387 -0.080909
v -0.592797 0.735387 -0.024993
v -0.528000 0.775000 0.110000
v -0.592797 0.735387 -0.024993
v -0.619636 0.735387 0.110000
v -0.592797 0.735387 0.244993
v -0.619636 0.735387 0.110000
v -0.644759 0.624396 0.353249
v -0.619636 0.735387 0.110000
v -0.693123 0.624396 0.110000
v -0.644759 0.624396 0.353249
v -0.528000 0.735387 0.300909
v -0.592797 0.735387 0.244993
v -0.528000 0.624396 0.454006
v -0.592797 0.735387 0.244993
v -0.644759 0.624396 0.353249
v -0.528000 0.624396 0.454006
v -0.463203 0.735387 0.244993
v -0.528000 0.735387 0.300909
v -0.411241 0.624396 0.353249
v -0.528000 0.735387 0.300909
v -0.528000 0.624396 0.454006
v -0.411241 0.624396 0.353249
v -0.436364 0.735387 0.110000
v -0.463203 0.735387 0.244993
v -0.362877 0.624396 0.110000
v -0.463203 0.735387 0.244993
v -0.411241 0.624396 0.353249
v -0.362877 0.624396 0.110000
v -0.463203 0.735387 -0.024993
v -0.436364 0.735387 0.110000
v -0.411241 0.624396 -0.133249
v -0.436364 0.735387 0.110000
v -0.362877 0.624396 0.110000
v -0.411241 0.624396 -0.133249
v -0.528000 0.735387 -0.080909
v -0.463203 0.735387 -0.024993
v -0.528000 0.624396 -0.234006
v -0.463203 0.735387 -0.024993
v -0.411241 0.624396 -0.133249
v -0.528000 0.624396 -0.234006
v -0.592797 0.735387 -0.024993
v -0.528000 0.735387 -0.080909
v -0.644759 0.624396 -0.133249
v -0.528000 0.735387 -0.080909
v -0.528000 0.624396 -0.234006
v -0.644759 0.624396 -0.133249
v -0.619636 0.735387 0.110000
v -0.592797 0.735387 -0.024993
v -0.693123 0.624396 0.110000
v -0.592797 0.735387 -0.024993
v -0.644759 0.624396 -0.133249
v -0.693123 0.624396 0.110000
v -0.644759 0.624396 0.353249
v -0.693123 0.624396 0.110000
v -0.673597 0.464008 0.413326
v -0.693123 0.624396 0.110000
v -0.733905 0.464008 0.110000
v -0.673597 0.464008 0.413326
v -0.528000 0.624396 0.454006
v -0.644759 0.624396 0.353249
v -0.528000 0.464008 0.538968
v -0.644759 0.624396 0.353249
v -0.673597 0.464008 0.413326
v -0.528000 0.464008 0.538968
v -0.411241 0.624396 0.353249
v -0.528000 0.624396 0.454006
v -0.382403 0.464008 0.413326
v -0.528000 0.624396 0.454006
v -0.528000 0.464008 0.538968
v -0.382403 0.464008 0.413326
v -0.362877 0.624396 0.110000
v -0.411241 0.624396 0.353249
v -0.322095 0.464008 0.110000
v -0.411241 0.624396 0.353249
v -0.382403 0.464008 0.413326
v -0.322095 0.464008 0.110000
v -0.411241 0.624396 -0.133249
v -0.362877 0.624396 0.110000
v -0.382403 0.464008 -0.193326
v -0.362877 0.624396 0.110000
v -0.322095 0.464008 0.110000
v -0.382403 0.464008 -0.193326
v -0.528000 0.624396 -0.234006
v -0.411241 0.624396 -0.133249
v -0.528000 0.464008 -0.318968
v -0.411241 0.624396 -0.133249
v -0.382403 0.464008 -0.193326
v -0.528000 0.464008 -0.318968
v -0.644759 0.624396 -0.133249
v -0.528000 0.624396 -0.234006
v -0.673597 0.464008 -0.193326
v -0.528000 0.624396 -0.234006
v -0.528000 0.464008 -0.318968
v -0.673597 0.464008 -0.193326
v -0.693123 0.624396 0.110000
v -0.644759 0.624396 -0.133249
v -0.733905 0.464008 0.110000
v -0.644759 0.624396 -0.133249
v -0.673597 0.464008 -0.193326
v -0.733905 0.464008 0.110000
v -0.673597 0.464008 0.413326
v -0.733905 0.464008 0.110000
v -0.673597 0.285992 0.413326
v -0.733905 0.464008 0.110000
v -0.733905 0.285992 0.110000
v -0.673597 0.285992 0.413326
v -0.528000 0.464008 0.538968
v -0.673597 0.464008 0.413326
v -0.528000 0.285992 0.538968
v -0.673597 0.464008 0.413326
v -0.673597 0.285992 0.413326
v -0.528000 0.285992 0.538968
v -0.382403 0.464008 0.413326
v -0.528000 0.464008 0.538968
v -0.382403 0.285992 0.413326
v -0.528000 0.464008 0.538968
v -0.528000 0.285992 0.538968
v -0.382403 0.285992 0.413326
v -0.322095 0.464008 0.110000
v -0.382403 0.464008 0.413326
v -0.322095 0.285992 0.110000
v -0.382403 0.464008 0.413326
v -0.382403 0.285992 0.413326
v -0.322095 0.285992 0.110000
v -0.382403 0.464008 -0.193326
v -0.322095 0.464008 0.110000
v -0.382403 0.285992 -0.193326
v -0.322095 0.464008 0.110000
v -0.322095 0.285992 0.110000
v -0.382403 0.285992 -0.193326
v -0.528000 0.464008 -0.318968
v -0.382403 0.464008 -0.193326
v -0.528000 0.285992 -0.318968
v -0.382403 0.464008 -0.193326
v -0.382403 0.285992 -0.193326
v -0.528000 0.285992 -0.318968
v -0.673597 0.464008 -0.193326
v -0.528000 0.464008 -0.318968
v -0.673597 0.285992 -0.193326
v -0.528000 0.464008 -0.318968
v -0.528000 0.285992 -0.318968
v -0.673597 0.285992 -0.193326
v -0.733905 0.464008 0.110000
v -0.673597 0.464008 -0.193326
v -0.733905 0.285992 0.110000
v -0.673597 0.464008 -0.193326
v -0.673597 0.285992 -0.193326
v -0.733905 0.285992 0.110000
v -0.673597 0.285992 0.413326
v -0.733905 0.285992 0.110000
v -0.644759 0.125604 0.353249
v -0.733905 0.285992 0.110000
v -0.693123 0.125604 0.110000
v -0.644759 0.125604 0.353249
v -0.528000 0.285992 0.538968
v -0.673597 0.285992 0.413326
v -0.528000 0.125604 0.454006
v -0.673597 0.285992 0.413326
v -0.644759 0.125604 0.353249
v -0.528000 0.125604 0.454006
v -0.382403 0.285992 0.413326
v -0.528000 0.285992 0.538968
v -0.411241 0.125604 0.353249
v -0.528000 0.285992 0.538968
v -0.528000 0.125604 0.454006
v -0.411241 0.125604 0.353249
v -0.322095 0.285992 0.110000
v -0.382403 0.285992 0.413326
v -0.362877 0.125604 0.110000
v -0.382403 0.285992 0.413326
v -0.411241 0.125604 0.353249
v -0.362877 0.125604 0.110000
v -0.382403 0.285992 -0.193326
v -0.322095 0.285992 0.110000
v -0.411241 0.125604 -0.133249
v -0.322095 0.285992 0.110000
v -0.362877 0.125604 0.110000
v -0.411241 0.125604 -0.133249
v -0.528000 0.285992 -0.318968
v -0.382403 0.285992 -0.193326
v -0.528000 0.125604 -0.234006
v -0.382403 0.285992 -0.193326
v -0.411241 0.125604 -0.133249
v -0.528000 0.125604 -0.234006
v -0.673597 0.285992 -0.193326
v -0.528000 0.285992 -0.318968
v -0.644759 0.125604 -0.133249
v -0.528000 0.285992 -0.318968
v -0.528000 0.125604 -0.234006
v -0.644759 0.125604 -0.133249
v -0.733905 0.285992 0.110000
v -0.673597 0.285992 -0.193326
v -0.693123 0.125604 0.110000
v -0.673597 0.285992 -0.193326
v -0.644759 0.125604 -0.133249
v -0.693123 0.125604 0.110000
v -0.644759 0.125604 0.353249
v -0.693123 0.125604 0.110000
v -0.592797 0.014612 0.244993
v -0.693123 0.125604 0.110000
v -0.619636 0.014612 0.110000
v -0.592797 0.014612 0.244993
v -0.528000 0.125604 0.454006
v -0.644759 0.125604 0.353249
v -0.528000 0.014612 0.300909
v -0.644759 0.125604 0.353249
v -0.592797 0.014612 0.244993
v -0.528000 0.014612 0.300909
v -0.411241 0.125604 0.353249
v -0.528000 0.125604 0.454006
v -0.463203 0.014612 0.244993
v -0.528000 0.125604 0.454006
v -0.528000 0.014612 0.300909
v -0.463203 0.014612 0.244993
v -0.362877 0.125604 0.110000
v -0.411241 0.125604 0.353249
v -0.436364 0.014612 0.110000
v -0.411241 0.125604 0.353249
v -0.463203 0.014612 0.244993
v -0.436364 0.014612 0.110000
v -0.411241 0.125604 -0.133249
v -0.362877 0.125604 0.110000
v -0.463203 0.014612 -0.024993
v -0.362877 0.125604 0.110000
v -0.436364 0.014612 0.110000
v -0.463203 0.014612 -0.024993
v -0.528000 0.125604 -0.234006
v -0.411241 0.125604 -0.133249
v -0.528000 0.014612 -0.080909
v -0.411241 0.125604 -0.133249
v -0.463203 0.014612 -0.024993
v -0.528000 0.014612 -0.080909
v -0.644759 0.125604 -0.133249
v -0.528000 0.125604 -0.234006
v -0.592797 0.014612 -0.024993
v -0.528000 0.125604 -0.234006
v -0.528000 0.014612 -0.080909
v -0.592797 0.014612 -0.024993
v -0.693123 0.125604 0.110000
v -0.644759 0.125604 -0.133249
v -0.619636 0.014612 0.110000
v -0.644759 0.125604 -0.133249
v -0.592797 0.014612 -0.024993
v -0.619636 0.014612 0.110000
v -0.592797 0.014612 0.244993
v -0.619636 0.014612 0.110000
v -0.528000 -0.025000 0.110000
v -0.528000 0.014612 0.300909
v -0.592797 0.014612 0.244993
v -0.528000 -0.025000 0.110000
v -0.463203 0.014612 0.244993
v -0.528000 0.014612 0.300909
v -0.528000 -0.025000 0.110000
v -0.436364 0.014612 0.110000
v -0.463203 0.014612 0.244993
v -0.528000 -0.025000 0.110000
v -0.463203 0.014612 -0.024993
v -0.436364 0.014612 0.110000
v -0.528000 -0.025000 0.110000
v -0.528000 0.014612 -0.080909
v -0.463203 0.014612 -0.024993
v -0.528000 -0.025000 0.110000
v -0.592797 0.014612 -0.024993
v -0.528000 0.014612 -0.080909
v -0.528000 -0.025000 0.110000
v -0.619636 0.014612 0.110000
v -0.592797 0.014612 -0.024993
v -0.528000 -0.025000 0.110000
v -0.639276 0.575000 0.056085
v -0.451567 0.748739 0.017782
v -0.826603 0.808200 -0.258179
v -0.451567 0.748739 0.017782
v -0.736502 0.891595 -0.276565
v -0.826603 0.808200 -0.258179
v -0.451567 0.748739 0.017782
v -0.323881 0.682377 -0.197112
v -0.736502 0.891595 -0.276565
v -0.323881 0.682377 -0.197112
v -0.675213 0.859741 -0.379714
v -0.736502 0.891595 -0.276565
v -0.323881 0.682377 -0.197112
v -0.432675 0.467623 -0.291620
v -0.675213 0.859741 -0.379714
v -0.432675 0.467623 -0.291620
v -0.727434 0.756659 -0.425078
v -0.675213 0.859741 -0.379714
v -0.432675 0.467623 -0.291620
v -0.627600 0.401260 -0.135136
v -0.727434 0.756659 -0.425078
v -0.627600 0.401260 -0.135136
v -0.820998 0.724805 -0.349965
v -0.727434 0.756659 -0.425078
v -0.627600 0.401260 -0.135136
v -0.639276 0.575000 0.056085
v -0.820998 0.724805 -0.349965
v -0.639276 0.575000 0.056085
v -0.826603 0.808200 -0.258179
v -0.820998 0.724805 -0.349965
v -0.826603 0.808200 -0.258179
v -0.736502 0.891595 -0.276565
v -0.995902 1.015000 -0.533206
v -0.736502 0.891595 -0.276565
v -0.988223 1.022108 -0.534773
v -0.995902 1.015000 -0.533206
v -0.736502 0.891595 -0.276565
v -0.675213 0.859741 -0.379714
v -0.988223 1.022108 -0.534773
v -0.675213 0.859741 -0.379714
v -0.983000 1.019393 -0.543564
v -0.988223 1.022108 -0.534773
v -0.675213 0.859741 -0.379714
v -0.727434 0.756659 -0.425078
v -0.983000 1.019393 -0.543564
v -0.727434 0.756659 -0.425078
v -0.987450 1.010607 -0.547430
v -0.983000 1.019393 -0.543564
v -0.727434 0.756659 -0.425078
v -0.820998 0.724805 -0.349965
v -0.987450 1.010607 -0.547430
v -0.820998 0.724805 -0.349965
v -0.995425 1.007893 -0.541028
v -0.987450 1.010607 -0.547430
v -0.820998 0.724805 -0.349965
v -0.826603 0.808200 -0.258179
v -0.995425 1.007893 -0.541028
v -0.826603 0.808200 -0.258179
v -0.995902 1.015000 -0.533206
v -0.995425 1.007893 -0.541028
v -0.639276 0.575000 0.056085
v -0.323881 0.682377 -0.197112
v -0.451567 0.748739 0.017782
v -0.995902 1.015000 -0.533206
v -0.988223 1.022108 -0.534773
v -0.983000 1.019393 -0.543564
v -0.639276 0.575000 0.056085
v -0.432675 0.467623 -0.291620
v -0.323881 0.682377 -0.197112
v -0.995902 1.015000 -0.533206
v -0.983000 1.019393 -0.543564
v -0.987450 1.010607 -0.547430
v -0.639276 0.575000 0.056085
v -0.627600 0.401260 -0.135136
v -0.432675 0.467623 -0.291620
v -0.995902 1.015000 -0.533206
v -0.987450 1.010607 -0.547430
v -0.995425 1.007893 -0.541028
v 0.528000 0.775000 0.110000
v 0.436364 0.735387 0.110000
v 0.463203 0.735387 0.244993
v 0.528000 0.775000 0.110000
v 0.463203 0.735387 0.244993
v 0.528000 0.735387 0.300909
v 0.528000 0.775000 0.110000
v 0.528000 0.735387 0.300909
v 0.592797 0.735387 0.244993
v 0.528000 0.775000 0.110000
v 0.592797 0.735387 0.244993
v 0.619636 0.735387 0.110000
v 0.528000 0.775000 0.110000
v 0.619636 0.735387 0.110000
v 0.592797 0.735387 -0.024993
v 0.528000 0.775000 0.110000
v 0.592797 0.735387 -0.024993
v 0.528000 0.735387 -0.080909
v 0.528000 0.775000 0.110000
v 0.528000 0.735387 -0.080909
v 0.463203 0.735387 -0.024993
v 0.528000 0.775000 0.110000
v 0.463203 0.735387 -0.024993
v 0.436364 0.735387 0.110000
v 0.463203 0.735387 0.244993
v 0.436364 0.735387 0.110000
v 0.411241 0.624396 0.353249
v 0.436364 0.735387 0.110000
v 0.362877 0.624396 0.110000
v 0.411241 0.624396 0.353249
v 0.528000 0.735387 0.300909
v 0.463203 0.735387 0.244993
v 0.528000 0.624396 0.454006
v 0.463203 0.735387 0.244993
v 0.411241 0.624396 0.353249
v 0.528000 0.624396 0.454006
v 0.592797 0.735387 0.244993
v 0.528000 0.735387 0.300909
v 0.644759 0.624396 0.353249
v 0.528000 0.735387 0.300909
v 0.528000 0.624396 0.454006
v 0.644759 0.624396 0.353249
v 0.619636 0.735387 0.110000
v 0.592797 0.735387 0.244993
v 0.693123 0.624396 0.110000
v 0.592797 0.735387 0.244993
v 0.644759 0.624396 0.353249
v 0.693123 0.624396 0.110000
v 0.592797 0.735387 -0.024993
v 0.619636 0.735387 0.110000
v 0.644759 0.624396 -0.133249
v 0.619636 0.735387 0.110000
v 0.693123 0.624396 0.110000
v 0.644759 0.624396 -0.133249
v 0.528000 0.735387 -0.080909
v 0.592797 0.735387 -0.024993
v 0.528000 0.624396 -0.234006
v 0.592797 0.735387 -0.024993
v 0.644759 0.624396 -0.133249
v 0.528000 0.624396 -0.234006
v 0.463203 0.735387 -0.024993
v 0.528000 0.735387 -0.080909
v 0.411241 0.624396 -0.133249
v 0.528000 0.735387 -0.080909
v 0.528000 0.624396 -0.234006
v 0.411241 0.624396 -0.133249
v 0.436364 0.735387 0.110000
v 0.463203 0.735387 -0.024993
v 0.362877 0.624396 0.110000
v 0.463203 0.735387 -0.024993
v 0.411241 0.624396 -0.133249
v 0.362877 0.624396 0.110000
v 0.411241 0.624396 0.353249
v 0.362877 0.624396 0.110000
v 0.382403 0.464008 0.413326
v 0.362877 0.624396 0.110000
v 0.322095 0.464008 0.110000
v 0.382403 0.464008 0.413326
v 0.528000 0.624396 0.454006
v 0.411241 0.624396 0.353249
v 0.528000 0.464008 0.538968
v 0.411241 0.624396 0.353249
v 0.382403 0.464008 0.413326
v 0.528000 0.464008 0.538968
v 0.644759 0.624396 0.353249
v 0.528000 0.624396 0.454006
v 0.673597 0.464008 0.413326
v 0.528000 0.624396 0.454006
v 0.528000 0.464008 0.538968
v 0.673597 0.464008 0.413326
v 0.693123 0.624396 0.110000
v 0.644759 0.624396 0.353249
v 0.733905 0.464008 0.110000
v 0.644759 0.624396 0.353249
v 0.673597 0.464008 0.413326
v 0.733905 0.464008 0.110000
v 0.644759 0.624396 -0.133249
v 0.693123 0.624396 0.110000
v 0.673597 0.464008 -0.193326
v 0.693123 0.624396 0.110000
v 0.733905 0.464008 0.110000
v 0.673597 0.464008 -0.193326
v 0.528000 0.624396 -0.234006
v 0.644759 0.624396 -0.133249
v 0.528000 0.464008 -0.318968
v 0.644759 0.624396 -0.133249
v 0.673597 0.464008 -0.193326
v 0.528000 0.464008 -0.318968
v 0.411241 0.624396 -0.133249
v 0.528000 0.624396 -0.234006
v 0.382403 0.464008 -0.193326
v 0.528000 0.624396 -0.234006
v 0.528000 0.464008 -0.318968
v 0.382403 0.464008 -0.193326
v 0.362877 0.624396 0.110000
v 0.411241 0.624396 -0.133249
v 0.322095 0.464008 0.110000
v 0.411241 0.624396 -0.133249
v 0.382403 0.464008 -0.193326
v 0.322095 0.464008 0.110000
v 0.382403 0.464008 0.413326
v 0.322095 0.464008 0.110000
v 0.382403 0.285992 0.413326
v 0.322095 0.464008 0.110000
v 0.322095 0.285992 0.110000
v 0.382403 0.285992 0.413326
v 0.528000 0.464008 0.538968
v 0.382403 0.464008 0.413326
v 0.528000 0.285992 0.538968
v 0.382403 0.464008 0.413326
v 0.382403 0.285992 0.413326
v 0.528000 0.285992 0.538968
v 0.673597 0.464008 0.413326
v 0.528000 0.464008 0.538968
v 0.673597 0.285992 0.413326
v 0.528000 0.464008 0.538968
v 0.528000 0.285992 0.538968
v 0.673597 0.285992 0.413326
v 0.733905 0.464008 0.110000
v 0.673597 0.464008 0.413326
v 0.733905 0.285992 0.110000
v 0.673597 0.464008 0.413326
v 0.673597 0.285992 0.413326
v 0.733905 0.285992 0.110000
v 0.673597 0.464008 -0.193326
v 0.733905 0.464008 0.110000
v 0.673597 0.285992 -0.193326
v 0.733905 0.464008 0.110000
v 0.733905 0.285992 0.110000
v 0.673597 0.285992 -0.193326
v 0.528000 0.464008 -0.318968
v 0.673597 0.464008 -0.193326
v 0.528000 0.285992 -0.318968
v 0.673597 0.464008 -0.193326
v 0.673597 0.285992 -0.193326
v 0.528000 0.285992 -0.318968
v 0.382403 0.464008 -0.193326
v 0.528000 0.464008 -0.318968
v 0.382403 0.285992 -0.193326
v 0.528000 0.464008 -0.318968
v 0.528000 0.285992 -0.318968
v 0.382403 0.285992 -0.193326
v 0.322095 0.464008 0.110000
v 0.382403 0.464008 -0.193326
v 0.322095 0.285992 0.110000
v 0.382403 0.464008 -0.193326
v 0.382403 0.285992 -0.193326
v 0.322095 0.285992 0.110000
v 0.382403 0.285992 0.413326
v 0.322095 0.285992 0.110000
v 0.411241 0.125604 0.353249
v 0.322095 0.285992 0.110000
v 0.362877 0.125604 0.110000
v 0.411241 0.125604 0.353249
v 0.528000 0.285992 0.538968
v 0.382403 0.285992 0.413326
v 0.528000 0.125604 0.454006
v 0.382403 0.285992 0.413326
v 0.411241 0.125604 0.353249
v 0.528000 0.125604 0.454006
v 0.673597 0.285992 0.413326
v 0.528000 0.285992 0.538968
v 0.644759 0.125604 0.353249
v 0.528000 0.285992 0.538968
v 0.528000 0.125604 0.454006
v 0.644759 0.125604 0.353249
v 0.733905 0.285992 0.110000
v 0.673597 0.285992 0.413326
v 0.693123 0.125604 0.110000
v 0.673597 0.285992 0.413326
v 0.644759 0.125604 0.353249
v 0.693123 0.125604 0.110000
v 0.673597 0.285992 -0.193326
v 0.733905 0.285992 0.110000
v 0.644759 0.125604 -0.133249
v 0.733905 0.285992 0.110000
v 0.693123 0.125604 0.110000
v 0.644759 0.125604 -0.133249
v 0.528000 0.285992 -0.318968
v 0.673597 0.285992 -0.193326
v 0.528000 0.125604 -0.234006
v 0.673597 0.285992 -0.193326
v 0.644759 0.125604 -0.133249
v 0.528000 0.125604 -0.234006
v 0.382403 0.285992 -0.193326
v 0.528000 0.285992 -0.318968
v 0.411241 0.125604 -0.133249
v 0.528000 0.285992 -0.318968
v 0.528000 0.125604 -0.234006
v 0.411241 0.125604 -0.133249
v 0.322095 0.285992 0.110000
v 0.382403 0.285992 -0.193326
v 0.362877 0.125604 0.110000
v 0.382403 0.285992 -0.193326
v 0.411241 0.125604 -0.133249
v 0.362877 0.125604 0.110000
v 0.411241 0.125604 0.353249
v 0.362877 0.125604 0.110000
v 0.463203 0.014612 0.244993
v 0.362877 0.125604 0.110000
v 0.436364 0.014612 0.110000
v 0.463203 0.014612 0.244993
v 0.528000 0.125604 0.454006
v 0.411241 0.125604 0.353249
v 0.528000 0.014612 0.300909
v 0.411241 0.125604 0.353249
v 0.463203 0.014612 0.244993
v 0.528000 0.014612 0.300909
v 0.644759 0.125604 0.353249
v 0.528000 0.125604 0.454006
v 0.592797 0.014612 0.244993
v 0.528000 0.125604 0.454006
v 0.528000 0.014612 0.300909
v 0.592797 0.014612 0.244993
v 0.693123 0.125604 0.110000
v 0.644759 0.125604 0.353249
v 0.619636 0.014612 0.110000
v 0.644759 0.125604 0.353249
v 0.592797 0.014612 0.244993
v 0.619636 0.014612 0.110000
v 0.644759 0.125604 -0.133249
v 0.693123 0.125604 0.110000
v 0.592797 0.014612 -0.024993
v 0.693123 0.125604 0.110000
v 0.619636 0.014612 0.110000
v 0.592797 0.014612 -0.024993
v 0.528000 0.125604 -0.234006
v 0.644759 0.125604 -0.133249
v 0.528000 0.014612 -0.080909
v 0.644759 0.125604 -0.133249
v 0.592797 0.014612 -0.024993
v 0.528000 0.014612 -0.080909
v 0.411241 0.125604 -0.133249
v 0.528000 0.125604 -0.234006
v 0.463203 0.014612 -0.024993
v 0.528000 0.125604 -0.234006
v 0.528000 0.014612 -0.080909
v 0.463203 0.014612 -0.024993
v 0.362877 0.125604 0.110000
v 0.411241 0.125604 -0.133249
v 0.436364 0.014612 0.110000
v 0.411241 0.125604 -0.133249
v 0.463203 0.014612 -0.024993
v 0.436364 0.014612 0.110000
v 0.463203 0.014612 0.244993
v 0.436364 0.014612 0.110000
v 0.528000 -0.025000 0.110000
v 0.528000 0.014612 0.300909
v 0.463203 0.014612 0.244993
v 0.528000 -0.025000 0.110000
v 0.592797 0.014612 0.244993
v 0.528000 0.014612 0.300909
v 0.528000 -0.025000 0.110000
v 0.619636 0.014612 0.110000
v 0.592797 0.014612 0.244993
v 0.528000 -0.025000 0.110000
v 0.592797 0.014612 -0.024993
v 0.619636 0.014612 0.110000
v 0.528000 -0.025000 0.110000
v 0.528000 0.014612 -0.080909
v 0.592797 0.014612 -0.024993
v 0.528000 -0.025000 0.110000
v 0.463203 0.014612 -0.024993
v 0.528000 0.014612 -0.080909
v 0.528000 -0.025000 0.110000
v 0.436364 0.014612 0.110000
v 0.463203 0.014612 -0.024993
v 0.528000 -0.025000 0.110000
v 0.350724 0.575000 -0.276085
v 0.362400 0.748739 -0.084865
v 0.688097 0.808200 -0.417621
v 0.362400 0.748739 -0.084865
v 0.693702 0.891595 -0.325835
v 0.688097 0.808200 -0.417621
v 0.362400 0.748739 -0.084865
v 0.557325 0.682377 0.071620
v 0.693702 0.891595 -0.325835
v 0.557325 0.682377 0.071620
v 0.787266 0.859741 -0.250722
v 0.693702 0.891595 -0.325835
v 0.557325 0.682377 0.071620
v 0.666119 0.467623 -0.022888
v 0.787266 0.859741 -0.250722
v 0.666119 0.467623 -0.022888
v 0.839487 0.756659 -0.296086
v 0.787266 0.859741 -0.250722
v 0.666119 0.467623 -0.022888
v 0.538433 0.401260 -0.237782
v 0.839487 0.756659 -0.296086
v 0.538433 0.401260 -0.237782
v 0.778198 0.724805 -0.399235
v 0.839487 0.756659 -0.296086
v 0.538433 0.401260 -0.237782
v 0.350724 0.575000 -0.276085
v 0.778198 0.724805 -0.399235
v 0.350724 0.575000 -0.276085
v 0.688097 0.808200 -0.417621
v 0.778198 0.724805 -0.399235
v 0.688097 0.808200 -0.417621
v 0.693702 0.891595 -0.325835
v 0.984098 1.015000 -0.546794
v 0.693702 0.891595 -0.325835
v 0.984575 1.022108 -0.538972
v 0.984098 1.015000 -0.546794
v 0.693702 0.891595 -0.325835
v 0.787266 0.859741 -0.250722
v 0.984575 1.022108 -0.538972
v 0.787266 0.859741 -0.250722
v 0.992550 1.019393 -0.532570
v 0.984575 1.022108 -0.538972
v 0.787266 0.859741 -0.250722
v 0.839487 0.756659 -0.296086
v 0.992550 1.019393 -0.532570
v 0.839487 0.756659 -0.296086
v 0.997000 1.010607 -0.536436
v 0.992550 1.019393 -0.532570
v 0.839487 0.756659 -0.296086
v 0.778198 0.724805 -0.399235
v 0.997000 1.010607 -0.536436
v 0.778198 0.724805 -0.399235
v 0.991777 1.007893 -0.545227
v 0.997000 1.010607 -0.536436
v 0.778198 0.724805 -0.399235
v 0.688097 0.808200 -0.417621
v 0.991777 1.007893 -0.545227
v 0.688097 0.808200 -0.417621
v 0.984098 1.015000 -0.546794
v 0.991777 1.007893 -0.545227
v 0.350724 0.575000 -0.276085
v 0.557325 0.682377 0.071620
v 0.362400 0.748739 -0.084865
v 0.984098 1.015000 -0.546794
v 0.984575 1.022108 -0.538972
v 0.992550 1.019393 -0.532570
v 0.350724 0.575000 -0.276085
v 0.666119 0.467623 -0.022888
v 0.557325 0.682377 0.071620
v 0.984098 1.015000 -0.546794
v 0.992550 1.019393 -0.532570
v 0.997000 1.010607 -0.536436
v 0.350724 0.575000 -0.276085
v 0.538433 0.401260 -0.237782
v 0.666119 0.467623 -0.022888
v 0.984098 1.015000 -0.546794
v 0.997000 1.010607 -0.536436
v 0.991777 1.007893 -0.545227
v -0.280000 0.605000 -0.352000
v -0.086525 0.762478 -0.137258
v -0.134400 1.034300 -0.666820
v -0.086525 0.762478 -0.137258
v -0.041532 1.109889 -0.563744
v -0.134400 1.034300 -0.666820
v -0.086525 0.762478 -0.137258
v 0.226525 0.702326 -0.219282
v -0.041532 1.109889 -0.563744
v 0.226525 0.702326 -0.219282
v 0.108732 1.081017 -0.603115
v -0.041532 1.109889 -0.563744
v 0.226525 0.702326 -0.219282
v 0.226525 0.507673 -0.484718
v 0.108732 1.081017 -0.603115
v 0.226525 0.507673 -0.484718
v 0.108732 0.987583 -0.730525
v 0.108732 1.081017 -0.603115
v 0.226525 0.507673 -0.484718
v -0.086525 0.447522 -0.566742
v 0.108732 0.987583 -0.730525
v -0.086525 0.447522 -0.566742
v -0.041532 0.958711 -0.769896
v 0.108732 0.987583 -0.730525
v -0.086525 0.447522 -0.566742
v -0.280000 0.605000 -0.352000
v -0.041532 0.958711 -0.769896
v -0.280000 0.605000 -0.352000
v -0.134400 1.034300 -0.666820
v -0.041532 0.958711 -0.769896
v -0.134400 1.034300 -0.666820
v -0.041532 1.109889 -0.563744
v -0.009000 1.415000 -0.946000
v -0.041532 1.109889 -0.563744
v -0.002781 1.420062 -0.939098
v -0.009000 1.415000 -0.946000
v -0.041532 1.109889 -0.563744
v 0.108732 1.081017 -0.603115
v -0.002781 1.420062 -0.939098
v 0.108732 1.081017 -0.603115
v 0.007281 1.418129 -0.941734
v -0.002781 1.420062 -0.939098
v 0.108732 1.081017 -0.603115
v 0.108732 0.987583 -0.730525
v 0.007281 1.418129 -0.941734
v 0.108732 0.987583 -0.730525
v 0.007281 1.411872 -0.950266
v 0.007281 1.418129 -0.941734
v 0.108732 0.987583 -0.730525
v -0.041532 0.958711 -0.769896
v 0.007281 1.411872 -0.950266
v -0.041532 0.958711 -0.769896
v -0.002781 1.409938 -0.952902
v 0.007281 1.411872 -0.950266
v -0.041532 0.958711 -0.769896
v -0.134400 1.034300 -0.666820
v -0.002781 1.409938 -0.952902
v -0.134400 1.034300 -0.666820
v -0.009000 1.415000 -0.946000
v -0.002781 1.409938 -0.952902
v -0.280000 0.605000 -0.352000
v 0.226525 0.702326 -0.219282
v -0.086525 0.762478 -0.137258
v -0.009000 1.415000 -0.946000
v -0.002781 1.420062 -0.939098
v 0.007281 1.418129 -0.941734
v -0.280000 0.605000 -0.352000
v 0.226525 0.507673 -0.484718
v 0.226525 0.702326 -0.219282
v -0.009000 1.415000 -0.946000
v 0.007281 1.418129 -0.941734
v 0.007281 1.411872 -0.950266
v -0.280000 0.605000 -0.352000
v -0.086525 0.447522 -0.566742
v 0.226525 0.507673 -0.484718
v -0.009000 1.415000 -0.946000
v 0.007281 1.411872 -0.950266
v -0.002781 1.409938 -0.952902
v -0.630293 0.625000 0.251490
v -0.684287 0.665867 0.291716
v -0.653670 0.455000 0.380000
v -0.684287 0.665867 0.291716
v -0.699966 0.467162 0.442549
v -0.653670 0.455000 0.380000
v -0.684287 0.665867 0.291716
v -0.754883 0.650258 0.260472
v -0.699966 0.467162 0.442549
v -0.754883 0.650258 0.260472
v -0.774875 0.462517 0.418658
v -0.699966 0.467162 0.442549
v -0.754883 0.650258 0.260472
v -0.744519 0.599743 0.200936
v -0.774875 0.462517 0.418658
v -0.744519 0.599743 0.200936
v -0.774875 0.447483 0.341342
v -0.774875 0.462517 0.418658
v -0.744519 0.599743 0.200936
v -0.667518 0.584133 0.195385
v -0.774875 0.447483 0.341342
v -0.667518 0.584133 0.195385
v -0.699966 0.442838 0.317451
v -0.774875 0.447483 0.341342
v -0.667518 0.584133 0.195385
v -0.630293 0.625000 0.251490
v -0.699966 0.442838 0.317451
v -0.630293 0.625000 0.251490
v -0.653670 0.455000 0.380000
v -0.699966 0.442838 0.317451
v -0.653670 0.455000 0.380000
v -0.699966 0.467162 0.442549
v -0.635775 0.265000 0.281266
v -0.699966 0.467162 0.442549
v -0.651786 0.285938 0.355487
v -0.635775 0.265000 0.281266
v -0.699966 0.467162 0.442549
v -0.774875 0.462517 0.418658
v -0.651786 0.285938 0.355487
v -0.774875 0.462517 0.418658
v -0.729314 0.277940 0.366847
v -0.651786 0.285938 0.355487
v -0.774875 0.462517 0.418658
v -0.774875 0.447483 0.341342
v -0.729314 0.277940 0.366847
v -0.774875 0.447483 0.341342
v -0.761218 0.252060 0.299646
v -0.729314 0.277940 0.366847
v -0.774875 0.447483 0.341342
v -0.699966 0.442838 0.317451
v -0.761218 0.252060 0.299646
v -0.699966 0.442838 0.317451
v -0.703407 0.244062 0.246754
v -0.761218 0.252060 0.299646
v -0.699966 0.442838 0.317451
v -0.653670 0.455000 0.380000
v -0.703407 0.244062 0.246754
v -0.653670 0.455000 0.380000
v -0.635775 0.265000 0.281266
v -0.703407 0.244062 0.246754
v -0.635775 0.265000 0.281266
v -0.651786 0.285938 0.355487
v -0.602236 0.105000 0.479755
v -0.651786 0.285938 0.355487
v -0.641557 0.152873 0.528393
v -0.602236 0.105000 0.479755
v -0.651786 0.285938 0.355487
v -0.729314 0.277940 0.366847
v -0.641557 0.152873 0.528393
v -0.729314 0.277940 0.366847
v -0.718040 0.134587 0.523973
v -0.641557 0.152873 0.528393
v -0.729314 0.277940 0.366847
v -0.761218 0.252060 0.299646
v -0.718040 0.134587 0.523973
v -0.761218 0.252060 0.299646
v -0.725989 0.075413 0.472604
v -0.718040 0.134587 0.523973
v -0.761218 0.252060 0.299646
v -0.703407 0.244062 0.246754
v -0.725989 0.075413 0.472604
v -0.703407 0.244062 0.246754
v -0.654418 0.057127 0.445275
v -0.725989 0.075413 0.472604
v -0.703407 0.244062 0.246754
v -0.635775 0.265000 0.281266
v -0.654418 0.057127 0.445275
v -0.635775 0.265000 0.281266
v -0.602236 0.105000 0.479755
v -0.654418 0.057127 0.445275
v -0.630293 0.625000 0.251490
v -0.754883 0.650258 0.260472
v -0.684287 0.665867 0.291716
v -0.602236 0.105000 0.479755
v -0.641557 0.152873 0.528393
v -0.718040 0.134587 0.523973
v -0.630293 0.625000 0.251490
v -0.744519 0.599743 0.200936
v -0.754883 0.650258 0.260472
v -0.602236 0.105000 0.479755
v -0.718040 0.134587 0.523973
v -0.725989 0.075413 0.472604
v -0.630293 0.625000 0.251490
v -0.667518 0.584133 0.195385
v -0.744519 0.599743 0.200936
v -0.602236 0.105000 0.479755
v -0.725989 0.075413 0.472604
v -0.654418 0.057127 0.445275
v -0.763607 0.455000 0.382336
v -0.734660 0.493680 0.367465
v -0.781015 0.345000 0.062336
v -0.734660 0.493680 0.367465
v -0.752067 0.383680 0.047465
v -0.781015 0.345000 0.062336
v -0.734660 0.493680 0.367465
v -0.686380 0.478906 0.369917
v -0.752067 0.383680 0.047465
v -0.686380 0.478906 0.369917
v -0.703787 0.368906 0.049917
v -0.752067 0.383680 0.047465
v -0.686380 0.478906 0.369917
v -0.685488 0.431094 0.386304
v -0.703787 0.368906 0.049917
v -0.685488 0.431094 0.386304
v -0.702896 0.321094 0.066304
v -0.703787 0.368906 0.049917
v -0.685488 0.431094 0.386304
v -0.733217 0.416320 0.393979
v -0.702896 0.321094 0.066304
v -0.733217 0.416320 0.393979
v -0.750625 0.306320 0.073979
v -0.702896 0.321094 0.066304
v -0.733217 0.416320 0.393979
v -0.763607 0.455000 0.382336
v -0.750625 0.306320 0.073979
v -0.763607 0.455000 0.382336
v -0.781015 0.345000 0.062336
v -0.750625 0.306320 0.073979
v -0.763607 0.455000 0.382336
v -0.686380 0.478906 0.369917
v -0.734660 0.493680 0.367465
v -0.781015 0.345000 0.062336
v -0.752067 0.383680 0.047465
v -0.703787 0.368906 0.049917
v -0.763607 0.455000 0.382336
v -0.685488 0.431094 0.386304
v -0.686380 0.478906 0.369917
v -0.781015 0.345000 0.062336
v -0.703787 0.368906 0.049917
v -0.702896 0.321094 0.066304
v -0.763607 0.455000 0.382336
v -0.733217 0.416320 0.393979
v -0.685488 0.431094 0.386304
v -0.781015 0.345000 0.062336
v -0.702896 0.321094 0.066304
v -0.750625 0.306320 0.073979
v 0.762307 0.625000 0.228510
v 0.725082 0.665867 0.284615
v 0.787670 0.455000 0.380000
v 0.725082 0.665867 0.284615
v 0.741375 0.467162 0.442549
v 0.787670 0.455000 0.380000
v 0.725082 0.665867 0.284615
v 0.648081 0.650258 0.279064
v 0.741375 0.467162 0.442549
v 0.648081 0.650258 0.279064
v 0.666466 0.462517 0.418658
v 0.741375 0.467162 0.442549
v 0.648081 0.650258 0.279064
v 0.637717 0.599743 0.219528
v 0.666466 0.462517 0.418658
v 0.637717 0.599743 0.219528
v 0.666466 0.447483 0.341342
v 0.666466 0.462517 0.418658
v 0.637717 0.599743 0.219528
v 0.708313 0.584133 0.188284
v 0.666466 0.447483 0.341342
v 0.708313 0.584133 0.188284
v 0.741375 0.442838 0.317451
v 0.666466 0.447483 0.341342
v 0.708313 0.584133 0.188284
v 0.762307 0.625000 0.228510
v 0.741375 0.442838 0.317451
v 0.762307 0.625000 0.228510
v 0.787670 0.455000 0.380000
v 0.741375 0.442838 0.317451
v 0.787670 0.455000 0.380000
v 0.741375 0.467162 0.442549
v 0.756825 0.265000 0.338734
v 0.741375 0.467162 0.442549
v 0.689193 0.285938 0.373246
v 0.756825 0.265000 0.338734
v 0.741375 0.467162 0.442549
v 0.666466 0.462517 0.418658
v 0.689193 0.285938 0.373246
v 0.666466 0.462517 0.418658
v 0.631382 0.277940 0.320354
v 0.689193 0.285938 0.373246
v 0.666466 0.462517 0.418658
v 0.666466 0.447483 0.341342
v 0.631382 0.277940 0.320354
v 0.666466 0.447483 0.341342
v 0.663286 0.252060 0.253153
v 0.631382 0.277940 0.320354
v 0.666466 0.447483 0.341342
v 0.741375 0.442838 0.317451
v 0.663286 0.252060 0.253153
v 0.741375 0.442838 0.317451
v 0.740814 0.244062 0.264513
v 0.663286 0.252060 0.253153
v 0.741375 0.442838 0.317451
v 0.787670 0.455000 0.380000
v 0.740814 0.244062 0.264513
v 0.787670 0.455000 0.380000
v 0.756825 0.265000 0.338734
v 0.740814 0.244062 0.264513
v 0.756825 0.265000 0.338734
v 0.689193 0.285938 0.373246
v 0.734660 0.105000 0.500245
v 0.689193 0.285938 0.373246
v 0.682478 0.152873 0.534725
v 0.734660 0.105000 0.500245
v 0.689193 0.285938 0.373246
v 0.631382 0.277940 0.320354
v 0.682478 0.152873 0.534725
v 0.631382 0.277940 0.320354
v 0.610907 0.134587 0.507396
v 0.682478 0.152873 0.534725
v 0.631382 0.277940 0.320354
v 0.663286 0.252060 0.253153
v 0.610907 0.134587 0.507396
v 0.663286 0.252060 0.253153
v 0.618856 0.075413 0.456027
v 0.610907 0.134587 0.507396
v 0.663286 0.252060 0.253153
v 0.740814 0.244062 0.264513
v 0.618856 0.075413 0.456027
v 0.740814 0.244062 0.264513
v 0.695339 0.057127 0.451607
v 0.618856 0.075413 0.456027
v 0.740814 0.244062 0.264513
v 0.756825 0.265000 0.338734
v 0.695339 0.057127 0.451607
v 0.756825 0.265000 0.338734
v 0.734660 0.105000 0.500245
v 0.695339 0.057127 0.451607
v 0.762307 0.625000 0.228510
v 0.648081 0.650258 0.279064
v 0.725082 0.665867 0.284615
v 0.734660 0.105000 0.500245
v 0.682478 0.152873 0.534725
v 0.610907 0.134587 0.507396
v 0.762307 0.625000 0.228510
v 0.637717 0.599743 0.219528
v 0.648081 0.650258 0.279064
v 0.734660 0.105000 0.500245
v 0.610907 0.134587 0.507396
v 0.618856 0.075413 0.456027
v 0.762307 0.625000 0.228510
v 0.708313 0.584133 0.188284
v 0.637717 0.599743 0.219528
v 0.734660 0.105000 0.500245
v 0.618856 0.075413 0.456027
v 0.695339 0.057127 0.451607
v 0.677734 0.455000 0.377664
v 0.708124 0.493680 0.366021
v 0.695141 0.345000 0.057664
v 0.708124 0.493680 0.366021
v 0.725531 0.383680 0.046021
v 0.695141 0.345000 0.057664
v 0.708124 0.493680 0.366021
v 0.755853 0.478906 0.373696
v 0.725531 0.383680 0.046021
v 0.755853 0.478906 0.373696
v 0.773260 0.368906 0.053696
v 0.725531 0.383680 0.046021
v 0.755853 0.478906 0.373696
v 0.754961 0.431094 0.390083
v 0.773260 0.368906 0.053696
v 0.754961 0.431094 0.390083
v 0.772369 0.321094 0.070083
v 0.773260 0.368906 0.053696
v 0.754961 0.431094 0.390083
v 0.706681 0.416320 0.392535
v 0.772369 0.321094 0.070083
v 0.706681 0.416320 0.392535
v 0.724089 0.306320 0.072535
v 0.772369 0.321094 0.070083
v 0.706681 0.416320 0.392535
v 0.677734 0.455000 0.377664
v 0.724089 0.306320 0.072535
v 0.677734 0.455000 0.377664
v 0.695141 0.345000 0.057664
v 0.724089 0.306320 0.072535
v 0.677734 0.455000 0.377664
v 0.755853 0.478906 0.373696
v 0.708124 0.493680 0.366021
v 0.695141 0.345000 0.057664
v 0.725531 0.383680 0.046021
v 0.773260 0.368906 0.053696
v 0.677734 0.455000 0.377664
v 0.754961 0.431094 0.390083
v 0.755853 0.478906 0.373696
v 0.695141 0.345000 0.057664
v 0.773260 0.368906 0.053696
v 0.772369 0.321094 0.070083
v 0.677734 0.455000 0.377664
v 0.706681 0.416320 0.392535
v 0.754961 0.431094 0.390083
v 0.695141 0.345000 0.057664
v 0.772369 0.321094 0.070083
v 0.724089 0.306320 0.072535
v -0.365292 0.255000 0.692693
v -0.355940 0.288834 0.720322
v 0.000000 0.115000 0.738600
v -0.355940 0.288834 0.720322
v 0.000000 0.151140 0.764857
v 0.000000 0.115000 0.738600
v -0.355940 0.288834 0.720322
v -0.366018 0.275910 0.761879
v 0.000000 0.151140 0.764857
v -0.366018 0.275910 0.761879
v 0.000000 0.137336 0.807343
v 0.000000 0.151140 0.764857
v -0.366018 0.275910 0.761879
v -0.381600 0.234089 0.759933
v 0.000000 0.137336 0.807343
v -0.381600 0.234089 0.759933
v 0.000000 0.092664 0.807343
v 0.000000 0.137336 0.807343
v -0.381600 0.234089 0.759933
v -0.381151 0.221166 0.717174
v 0.000000 0.092664 0.807343
v -0.381151 0.221166 0.717174
v 0.000000 0.078860 0.764857
v 0.000000 0.092664 0.807343
v -0.381151 0.221166 0.717174
v -0.365292 0.255000 0.692693
v 0.000000 0.078860 0.764857
v -0.365292 0.255000 0.692693
v 0.000000 0.115000 0.738600
v 0.000000 0.078860 0.764857
v 0.000000 0.115000 0.738600
v 0.000000 0.151140 0.764857
v 0.365292 0.255000 0.692693
v 0.000000 0.151140 0.764857
v 0.355940 0.288834 0.720322
v 0.365292 0.255000 0.692693
v 0.000000 0.151140 0.764857
v 0.000000 0.137336 0.807343
v 0.355940 0.288834 0.720322
v 0.000000 0.137336 0.807343
v 0.366018 0.275910 0.761879
v 0.355940 0.288834 0.720322
v 0.000000 0.137336 0.807343
v 0.000000 0.092664 0.807343
v 0.366018 0.275910 0.761879
v 0.000000 0.092664 0.807343
v 0.381600 0.234089 0.759933
v 0.366018 0.275910 0.761879
v 0.000000 0.092664 0.807343
v 0.000000 0.078860 0.764857
v 0.381600 0.234089 0.759933
v 0.000000 0.078860 0.764857
v 0.381151 0.221166 0.717174
v 0.381600 0.234089 0.759933
v 0.000000 0.078860 0.764857
v 0.000000 0.115000 0.738600
v 0.381151 0.221166 0.717174
v 0.000000 0.115000 0.738600
v 0.365292 0.255000 0.692693
v 0.381151 0.221166 0.717174
v -0.365292 0.255000 0.692693
v -0.366018 0.275910 0.761879
v -0.355940 0.288834 0.720322
v 0.365292 0.255000 0.692693
v 0.355940 0.288834 0.720322
v 0.366018 0.275910 0.761879
v -0.365292 0.255000 0.692693
v -0.381600 0.234089 0.759933
v -0.366018 0.275910 0.761879
v 0.365292 0.255000 0.692693
v 0.366018 0.275910 0.761879
v 0.381600 0.234089 0.759933
v -0.365292 0.255000 0.692693
v -0.381151 0.221166 0.717174
v -0.381600 0.234089 0.759933
v 0.365292 0.255000 0.692693
v 0.381600 0.234089 0.759933
v 0.381151 0.221166 0.717174
v -0.672537 0.635000 0.258137
v -0.699474 0.650469 0.272232
v -0.696550 0.465000 0.394000
v -0.699474 0.650469 0.272232
v -0.720671 0.469604 0.417677
v -0.696550 0.465000 0.394000
v -0.699474 0.650469 0.272232
v -0.720063 0.635000 0.249863
v -0.720671 0.469604 0.417677
v -0.720063 0.635000 0.249863
v -0.744790 0.465000 0.394000
v -0.720671 0.469604 0.417677
v -0.720063 0.635000 0.249863
v -0.693126 0.619531 0.235768
v -0.744790 0.465000 0.394000
v -0.693126 0.619531 0.235768
v -0.720671 0.460396 0.370324
v -0.744790 0.465000 0.394000
v -0.693126 0.619531 0.235768
v -0.672537 0.635000 0.258137
v -0.720671 0.460396 0.370324
v -0.672537 0.635000 0.258137
v -0.696550 0.465000 0.394000
v -0.720671 0.460396 0.370324
v -0.696550 0.465000 0.394000
v -0.720671 0.469604 0.417677
v -0.674511 0.275000 0.313656
v -0.720671 0.469604 0.417677
v -0.686530 0.282926 0.344579
v -0.674511 0.275000 0.313656
v -0.720671 0.469604 0.417677
v -0.744790 0.465000 0.394000
v -0.686530 0.282926 0.344579
v -0.744790 0.465000 0.394000
v -0.718089 0.275000 0.334344
v -0.686530 0.282926 0.344579
v -0.744790 0.465000 0.394000
v -0.720671 0.460396 0.370324
v -0.718089 0.275000 0.334344
v -0.720671 0.460396 0.370324
v -0.706070 0.267075 0.303421
v -0.718089 0.275000 0.334344
v -0.720671 0.460396 0.370324
v -0.696550 0.465000 0.394000
v -0.706070 0.267075 0.303421
v -0.696550 0.465000 0.394000
v -0.674511 0.275000 0.313656
v -0.706070 0.267075 0.303421
v -0.674511 0.275000 0.313656
v -0.686530 0.282926 0.344579
v -0.644612 0.115000 0.500312
v -0.686530 0.282926 0.344579
v -0.666014 0.133121 0.519731
v -0.644612 0.115000 0.500312
v -0.686530 0.282926 0.344579
v -0.718089 0.275000 0.334344
v -0.666014 0.133121 0.519731
v -0.718089 0.275000 0.334344
v -0.692284 0.115000 0.507688
v -0.666014 0.133121 0.519731
v -0.718089 0.275000 0.334344
v -0.706070 0.267075 0.303421
v -0.692284 0.115000 0.507688
v -0.706070 0.267075 0.303421
v -0.670882 0.096879 0.488269
v -0.692284 0.115000 0.507688
v -0.706070 0.267075 0.303421
v -0.674511 0.275000 0.313656
v -0.670882 0.096879 0.488269
v -0.674511 0.275000 0.313656
v -0.644612 0.115000 0.500312
v -0.670882 0.096879 0.488269
v -0.672537 0.635000 0.258137
v -0.720063 0.635000 0.249863
v -0.699474 0.650469 0.272232
v -0.644612 0.115000 0.500312
v -0.666014 0.133121 0.519731
v -0.692284 0.115000 0.507688
v -0.672537 0.635000 0.258137
v -0.693126 0.619531 0.235768
v -0.720063 0.635000 0.249863
v -0.644612 0.115000 0.500312
v -0.692284 0.115000 0.507688
v -0.670882 0.096879 0.488269
v -0.736128 0.465000 0.394841
v -0.720943 0.479642 0.388982
v -0.753535 0.355000 0.074841
v -0.720943 0.479642 0.388982
v -0.738351 0.369641 0.068982
v -0.753535 0.355000 0.074841
v -0.720943 0.479642 0.388982
v -0.705213 0.465000 0.393159
v -0.738351 0.369641 0.068982
v -0.705213 0.465000 0.393159
v -0.722621 0.355000 0.073159
v -0.738351 0.369641 0.068982
v -0.705213 0.465000 0.393159
v -0.720398 0.450358 0.399018
v -0.722621 0.355000 0.073159
v -0.720398 0.450358 0.399018
v -0.737805 0.340358 0.079018
v -0.722621 0.355000 0.073159
v -0.720398 0.450358 0.399018
v -0.736128 0.465000 0.394841
v -0.737805 0.340358 0.079018
v -0.736128 0.465000 0.394841
v -0.753535 0.355000 0.074841
v -0.737805 0.340358 0.079018
v -0.736128 0.465000 0.394841
v -0.705213 0.465000 0.393159
v -0.720943 0.479642 0.388982
v -0.753535 0.355000 0.074841
v -0.738351 0.369641 0.068982
v -0.722621 0.355000 0.073159
v -0.736128 0.465000 0.394841
v -0.720398 0.450358 0.399018
v -0.705213 0.465000 0.393159
v -0.753535 0.355000 0.074841
v -0.722621 0.355000 0.073159
v -0.737805 0.340358 0.079018
v 0.720063 0.635000 0.249863
v 0.699474 0.650469 0.272232
v 0.744790 0.465000 0.394000
v 0.699474 0.650469 0.272232
v 0.720671 0.469604 0.417677
v 0.744790 0.465000 0.394000
v 0.699474 0.650469 0.272232
v 0.672537 0.635000 0.258137
v 0.720671 0.469604 0.417677
v 0.672537 0.635000 0.258137
v 0.696550 0.465000 0.394000
v 0.720671 0.469604 0.417677
v 0.672537 0.635000 0.258137
v 0.693126 0.619531 0.235768
v 0.696550 0.465000 0.394000
v 0.693126 0.619531 0.235768
v 0.720671 0.460396 0.370324
v 0.696550 0.465000 0.394000
v 0.693126 0.619531 0.235768
v 0.720063 0.635000 0.249863
v 0.720671 0.460396 0.370324
v 0.720063 0.635000 0.249863
v 0.744790 0.465000 0.394000
v 0.720671 0.460396 0.370324
v 0.744790 0.465000 0.394000
v 0.720671 0.469604 0.417677
v 0.718089 0.275000 0.334344
v 0.720671 0.469604 0.417677
v 0.686530 0.282926 0.344579
v 0.718089 0.275000 0.334344
v 0.720671 0.469604 0.417677
v 0.696550 0.465000 0.394000
v 0.686530 0.282926 0.344579
v 0.696550 0.465000 0.394000
v 0.674511 0.275000 0.313656
v 0.686530 0.282926 0.344579
v 0.696550 0.465000 0.394000
v 0.720671 0.460396 0.370324
v 0.674511 0.275000 0.313656
v 0.720671 0.460396 0.370324
v 0.706070 0.267075 0.303421
v 0.674511 0.275000 0.313656
v 0.720671 0.460396 0.370324
v 0.744790 0.465000 0.394000
v 0.706070 0.267075 0.303421
v 0.744790 0.465000 0.394000
v 0.718089 0.275000 0.334344
v 0.706070 0.267075 0.303421
v 0.718089 0.275000 0.334344
v 0.686530 0.282926 0.344579
v 0.692284 0.115000 0.507688
v 0.686530 0.282926 0.344579
v 0.666014 0.133121 0.519731
v 0.692284 0.115000 0.507688
v 0.686530 0.282926 0.344579
v 0.674511 0.275000 0.313656
v 0.666014 0.133121 0.519731
v 0.674511 0.275000 0.313656
v 0.644612 0.115000 0.500312
v 0.666014 0.133121 0.519731
v 0.674511 0.275000 0.313656
v 0.706070 0.267075 0.303421
v 0.644612 0.115000 0.500312
v 0.706070 0.267075 0.303421
v 0.670882 0.096879 0.488269
v 0.644612 0.115000 0.500312
v 0.706070 0.267075 0.303421
v 0.718089 0.275000 0.334344
v 0.670882 0.096879 0.488269
v 0.718089 0.275000 0.334344
v 0.692284 0.115000 0.507688
v 0.670882 0.096879 0.488269
v 0.720063 0.635000 0.249863
v 0.672537 0.635000 0.258137
v 0.699474 0.650469 0.272232
v 0.692284 0.115000 0.507688
v 0.666014 0.133121 0.519731
v 0.644612 0.115000 0.500312
v 0.720063 0.635000 0.249863
v 0.693126 0.619531 0.235768
v 0.672537 0.635000 0.258137
v 0.692284 0.115000 0.507688
v 0.644612 0.115000 0.500312
v 0.670882 0.096879 0.488269
v 0.705213 0.465000 0.393159
v 0.720943 0.479642 0.388982
v 0.722621 0.355000 0.073159
v 0.720943 0.479642 0.388982
v 0.738351 0.369641 0.068982
v 0.722621 0.355000 0.073159
v 0.720943 0.479642 0.388982
v 0.736128 0.465000 0.394841
v 0.738351 0.369641 0.068982
v 0.736128 0.465000 0.394841
v 0.753535 0.355000 0.074841
v 0.738351 0.369641 0.068982
v 0.736128 0.465000 0.394841
v 0.720398 0.450358 0.399018
v 0.753535 0.355000 0.074841
v 0.720398 0.450358 0.399018
v 0.737805 0.340358 0.079018
v 0.753535 0.355000 0.074841
v 0.720398 0.450358 0.399018
v 0.705213 0.465000 0.393159
v 0.737805 0.340358 0.079018
v 0.705213 0.465000 0.393159
v 0.722621 0.355000 0.073159
v 0.737805 0.340358 0.079018
v 0.705213 0.465000 0.393159
v 0.736128 0.465000 0.394841
v 0.720943 0.479642 0.388982
v 0.722621 0.355000 0.073159
v 0.738351 0.369641 0.068982
v 0.753535 0.355000 0.074841
v 0.705213 0.465000 0.393159
v 0.720398 0.450358 0.399018
v 0.736128 0.465000 0.394841
v 0.722621 0.355000 0.073159
v 0.753535 0.355000 0.074841
v 0.737805 0.340358 0.079018
v -0.368305 0.265000 0.730825
v -0.365229 0.277807 0.744996
v 0.000000 0.125000 0.776920
v -0.365229 0.277807 0.744996
v 0.000000 0.138680 0.790600
v 0.000000 0.125000 0.776920
v -0.365229 0.277807 0.744996
v -0.371695 0.265000 0.757974
v 0.000000 0.138680 0.790600
v -0.371695 0.265000 0.757974
v 0.000000 0.125000 0.804280
v 0.000000 0.138680 0.790600
v -0.371695 0.265000 0.757974
v -0.374772 0.252193 0.743804
v 0.000000 0.125000 0.804280
v -0.374772 0.252193 0.743804
v 0.000000 0.111320 0.790600
v 0.000000 0.125000 0.804280
v -0.374772 0.252193 0.743804
v -0.368305 0.265000 0.730825
v 0.000000 0.111320 0.790600
v -0.368305 0.265000 0.730825
v 0.000000 0.125000 0.776920
v 0.000000 0.111320 0.790600
v 0.000000 0.125000 0.776920
v 0.000000 0.138680 0.790600
v 0.368305 0.265000 0.730825
v 0.000000 0.138680 0.790600
v 0.365229 0.277807 0.744996
v 0.368305 0.265000 0.730825
v 0.000000 0.138680 0.790600
v 0.000000 0.125000 0.804280
v 0.365229 0.277807 0.744996
v 0.000000 0.125000 0.804280
v 0.371695 0.265000 0.757974
v 0.365229 0.277807 0.744996
v 0.000000 0.125000 0.804280
v 0.000000 0.111320 0.790600
v 0.371695 0.265000 0.757974
v 0.000000 0.111320 0.790600
v 0.374772 0.252193 0.743804
v 0.371695 0.265000 0.757974
v 0.000000 0.111320 0.790600
v 0.000000 0.125000 0.776920
v 0.374772 0.252193 0.743804
v 0.000000 0.125000 0.776920
v 0.368305 0.265000 0.730825
v 0.374772 0.252193 0.743804
v -0.368305 0.265000 0.730825
v -0.371695 0.265000 0.757974
v -0.365229 0.277807 0.744996
v 0.368305 0.265000 0.730825
v 0.365229 0.277807 0.744996
v 0.371695 0.265000 0.757974
v -0.368305 0.265000 0.730825
v -0.374772 0.252193 0.743804
v -0.371695 0.265000 0.757974
v 0.368305 0.265000 0.730825
v 0.371695 0.265000 0.757974
v 0.374772 0.252193 0.743804
vt 0.120000 0.880000
vt 0.213333 0.880000
vt 0.166667 0.786667
vt 0.120000 0.880000
vt 0.213333 0.880000
vt 0.166667 0.786667
vt 0.120000 0.880000
vt 0.213333 0.880000
vt 0.166667 0.786667
vt 0.120000 0.880000
vt 0.213333 0.880000
vt 0.166667 0.786667
vt 0.120000 0.880000
vt 0.213333 0.880000
vt 0.166667 0.786667
vt 0.120000 0.880000
vt 0.213333 0.880000
vt 0.166667 0.786667
vt 0.120000 0.880000
vt 0.213333 0.880000
vt 0.166667 0.786667
vt 0.120000 0.880000
vt 0.213333 0.880000
vt 0.166667 0.786667
vt 0.120000 0.880000
vt 0.213333 0.880000
vt 0.166667 0.786667
vt 0.120000 0.880000
vt 0.213333 0.880000
vt 0.166667 0.786667
vt 0.120000 0.880000
vt 0.213333 0.880000
vt 0.166667 0.786667
vt 0.120000 0.880000
vt 0.213333 0.880000
vt 0.166667 0.786667
vt 0.120000 0.880000
vt 0.213333 0.880000
vt 0.166667 0.786667
vt 0.120000 0.880000
vt 0.213333 0.880000
vt 0.166667 0.786667
vt 0.120000 0.880000
vt 0.213333 0.880000
vt 0.166667 0.786667
vt 0.120000 0.880000
vt 0.213333 0.880000
vt 0.166667 0.786667
vt 0.120000 0.880000
vt 0.213333 0.880000
vt 0.166667 0.786667
vt 0.120000 0.880000
vt 0.213333 0.880000
vt 0.166667 0.786667
vt 0.120000 0.880000
vt 0.213333 0.880000
vt 0.166667 0.786667
vt 0.120000 0.880000
vt 0.213333 0.880000
vt 0.166667 0.786667
vt 0.120000 0.880000
vt 0.213333 0.880000
vt 0.166667 0.786667
vt 0.120000 0.880000
vt 0.213333 0.880000
vt 0.166667 0.786667
vt 0.120000 0.880000
vt 0.213333 0.880000
vt 0.166667 0.786667
vt 0.120000 0.880000
vt 0.213333 0.880000
vt 0.166667 0.786667
vt 0.120000 0.880000
vt 0.213333 0.880000
vt 0.166667 0.786667
vt 0.120000 0.880000
vt 0.213333 0.880000
vt 0.166667 0.786667
vt 0.120000 0.880000
vt 0.213333 0.880000
vt 0.166667 0.786667
vt 0.120000 0.880000
vt 0.213333 0.880000
vt 0.166667 0.786667
vt 0.120000 0.880000
vt 0.213333 0.880000
vt 0.166667 0.786667
vt 0.120000 0.880000
vt 0.213333 0.880000
vt 0.166667 0.786667
vt 0.120000 0.880000
vt 0.213333 0.880000
vt 0.166667 0.786667
vt 0.120000 0.880000
vt 0.213333 0.880000
vt 0.166667 0.786667
vt 0.120000 0.880000
vt 0.213333 0.880000
vt 0.166667 0.786667
vt 0.120000 0.880000
vt 0.213333 0.880000
vt 0.166667 0.786667
vt 0.120000 0.880000
vt 0.213333 0.880000
vt 0.166667 0.786667
vt 0.120000 0.880000
vt 0.213333 0.880000
vt 0.166667 0.786667
vt 0.120000 0.880000
vt 0.213333 0.880000
vt 0.166667 0.786667
vt 0.120000 0.880000
vt 0.213333 0.880000
vt 0.166667 0.786667
vt 0.120000 0.880000
vt 0.213333 0.880000
vt 0.166667 0.786667
vt 0.120000 0.880000
vt 0.213333 0.880000
vt 0.166667 0.786667
vt 0.120000 0.880000
vt 0.213333 0.880000
vt 0.166667 0.786667
vt 0.120000 0.880000
vt 0.213333 0.880000
vt 0.166667 0.786667
vt 0.120000 0.880000
vt 0.213333 0.880000
vt 0.166667 0.786667
vt 0.120000 0.880000
vt 0.213333 0.880000
vt 0.166667 0.786667
vt 0.120000 0.880000
vt 0.213333 0.880000
vt 0.166667 0.786667
vt 0.120000 0.880000
vt 0.213333 0.880000
vt 0.166667 0.786667
vt 0.120000 0.880000
vt 0.213333 0.880000
vt 0.166667 0.786667
vt 0.120000 0.880000
vt 0.213333 0.880000
vt 0.166667 0.786667
vt 0.120000 0.880000
vt 0.213333 0.880000
vt 0.166667 0.786667
vt 0.120000 0.880000
vt 0.213333 0.880000
vt 0.166667 0.786667
vt 0.120000 0.880000
vt 0.213333 0.880000
vt 0.166667 0.786667
vt 0.120000 0.880000
vt 0.213333 0.880000
vt 0.166667 0.786667
vt 0.120000 0.880000
vt 0.213333 0.880000
vt 0.166667 0.786667
vt 0.120000 0.880000
vt 0.213333 0.880000
vt 0.166667 0.786667
vt 0.120000 0.880000
vt 0.213333 0.880000
vt 0.166667 0.786667
vt 0.120000 0.880000
vt 0.213333 0.880000
vt 0.166667 0.786667
vt 0.453333 0.880000
vt 0.546667 0.880000
vt 0.500000 0.786667
vt 0.453333 0.880000
vt 0.546667 0.880000
vt 0.500000 0.786667
vt 0.453333 0.880000
vt 0.546667 0.880000
vt 0.500000 0.786667
vt 0.453333 0.880000
vt 0.546667 0.880000
vt 0.500000 0.786667
vt 0.453333 0.880000
vt 0.546667 0.880000
vt 0.500000 0.786667
vt 0.453333 0.880000
vt 0.546667 0.880000
vt 0.500000 0.786667
vt 0.453333 0.880000
vt 0.546667 0.880000
vt 0.500000 0.786667
vt 0.453333 0.880000
vt 0.546667 0.880000
vt 0.500000 0.786667
vt 0.453333 0.880000
vt 0.546667 0.880000
vt 0.500000 0.786667
vt 0.453333 0.880000
vt 0.546667 0.880000
vt 0.500000 0.786667
vt 0.453333 0.880000
vt 0.546667 0.880000
vt 0.500000 0.786667
vt 0.453333 0.880000
vt 0.546667 0.880000
vt 0.500000 0.786667
vt 0.453333 0.880000
vt 0.546667 0.880000
vt 0.500000 0.786667
vt 0.453333 0.880000
vt 0.546667 0.880000
vt 0.500000 0.786667
vt 0.453333 0.880000
vt 0.546667 0.880000
vt 0.500000 0.786667
vt 0.453333 0.880000
vt 0.546667 0.880000
vt 0.500000 0.786667
vt 0.453333 0.880000
vt 0.546667 0.880000
vt 0.500000 0.786667
vt 0.453333 0.880000
vt 0.546667 0.880000
vt 0.500000 0.786667
vt 0.453333 0.880000
vt 0.546667 0.880000
vt 0.500000 0.786667
vt 0.453333 0.880000
vt 0.546667 0.880000
vt 0.500000 0.786667
vt 0.453333 0.880000
vt 0.546667 0.880000
vt 0.500000 0.786667
vt 0.453333 0.880000
vt 0.546667 0.880000
vt 0.500000 0.786667
vt 0.453333 0.880000
vt 0.546667 0.880000
vt 0.500000 0.786667
vt 0.453333 0.880000
vt 0.546667 0.880000
vt 0.500000 0.786667
vt 0.453333 0.880000
vt 0.546667 0.880000
vt 0.500000 0.786667
vt 0.453333 0.880000
vt 0.546667 0.880000
vt 0.500000 0.786667
vt 0.453333 0.880000
vt 0.546667 0.880000
vt 0.500000 0.786667
vt 0.453333 0.880000
vt 0.546667 0.880000
vt 0.500000 0.786667
vt 0.453333 0.880000
vt 0.546667 0.880000
vt 0.500000 0.786667
vt 0.453333 0.880000
vt 0.546667 0.880000
vt 0.500000 0.786667
vt 0.453333 0.880000
vt 0.546667 0.880000
vt 0.500000 0.786667
vt 0.453333 0.880000
vt 0.546667 0.880000
vt 0.500000 0.786667
vt 0.453333 0.880000
vt 0.546667 0.880000
vt 0.500000 0.786667
vt 0.453333 0.880000
vt 0.546667 0.880000
vt 0.500000 0.786667
vt 0.453333 0.880000
vt 0.546667 0.880000
vt 0.500000 0.786667
vt 0.453333 0.880000
vt 0.546667 0.880000
vt 0.500000 0.786667
vt 0.453333 0.880000
vt 0.546667 0.880000
vt 0.500000 0.786667
vt 0.453333 0.880000
vt 0.546667 0.880000
vt 0.500000 0.786667
vt 0.453333 0.880000
vt 0.546667 0.880000
vt 0.500000 0.786667
vt 0.453333 0.880000
vt 0.546667 0.880000
vt 0.500000 0.786667
vt 0.453333 0.880000
vt 0.546667 0.880000
vt 0.500000 0.786667
vt 0.453333 0.880000
vt 0.546667 0.880000
vt 0.500000 0.786667
vt 0.453333 0.880000
vt 0.546667 0.880000
vt 0.500000 0.786667
vt 0.453333 0.880000
vt 0.546667 0.880000
vt 0.500000 0.786667
vt 0.453333 0.880000
vt 0.546667 0.880000
vt 0.500000 0.786667
vt 0.453333 0.880000
vt 0.546667 0.880000
vt 0.500000 0.786667
vt 0.453333 0.880000
vt 0.546667 0.880000
vt 0.500000 0.786667
vt 0.453333 0.880000
vt 0.546667 0.880000
vt 0.500000 0.786667
vt 0.453333 0.880000
vt 0.546667 0.880000
vt 0.500000 0.786667
vt 0.453333 0.880000
vt 0.546667 0.880000
vt 0.500000 0.786667
vt 0.453333 0.880000
vt 0.546667 0.880000
vt 0.500000 0.786667
vt 0.453333 0.880000
vt 0.546667 0.880000
vt 0.500000 0.786667
vt 0.453333 0.880000
vt 0.546667 0.880000
vt 0.500000 0.786667
vt 0.453333 0.880000
vt 0.546667 0.880000
vt 0.500000 0.786667
vt 0.453333 0.880000
vt 0.546667 0.880000
vt 0.500000 0.786667
vt 0.453333 0.880000
vt 0.546667 0.880000
vt 0.500000 0.786667
vt 0.453333 0.880000
vt 0.546667 0.880000
vt 0.500000 0.786667
vt 0.453333 0.880000
vt 0.546667 0.880000
vt 0.500000 0.786667
vt 0.453333 0.880000
vt 0.546667 0.880000
vt 0.500000 0.786667
vt 0.453333 0.880000
vt 0.546667 0.880000
vt 0.500000 0.786667
vt 0.453333 0.880000
vt 0.546667 0.880000
vt 0.500000 0.786667
vt 0.453333 0.880000
vt 0.546667 0.880000
vt 0.500000 0.786667
vt 0.453333 0.880000
vt 0.546667 0.880000
vt 0.500000 0.786667
vt 0.453333 0.880000
vt 0.546667 0.880000
vt 0.500000 0.786667
vt 0.453333 0.880000
vt 0.546667 0.880000
vt 0.500000 0.786667
vt 0.453333 0.880000
vt 0.546667 0.880000
vt 0.500000 0.786667
vt 0.453333 0.880000
vt 0.546667 0.880000
vt 0.500000 0.786667
vt 0.453333 0.880000
vt 0.546667 0.880000
vt 0.500000 0.786667
vt 0.453333 0.880000
vt 0.546667 0.880000
vt 0.500000 0.786667
vt 0.453333 0.880000
vt 0.546667 0.880000
vt 0.500000 0.786667
vt 0.453333 0.880000
vt 0.546667 0.880000
vt 0.500000 0.786667
vt 0.453333 0.880000
vt 0.546667 0.880000
vt 0.500000 0.786667
vt 0.453333 0.880000
vt 0.546667 0.880000
vt 0.500000 0.786667
vt 0.453333 0.880000
vt 0.546667 0.880000
vt 0.500000 0.786667
vt 0.453333 0.880000
vt 0.546667 0.880000
vt 0.500000 0.786667
vt 0.453333 0.880000
vt 0.546667 0.880000
vt 0.500000 0.786667
vt 0.453333 0.880000
vt 0.546667 0.880000
vt 0.500000 0.786667
vt 0.453333 0.880000
vt 0.546667 0.880000
vt 0.500000 0.786667
vt 0.453333 0.880000
vt 0.546667 0.880000
vt 0.500000 0.786667
vt 0.453333 0.880000
vt 0.546667 0.880000
vt 0.500000 0.786667
vt 0.453333 0.880000
vt 0.546667 0.880000
vt 0.500000 0.786667
vt 0.453333 0.880000
vt 0.546667 0.880000
vt 0.500000 0.786667
vt 0.453333 0.880000
vt 0.546667 0.880000
vt 0.500000 0.786667
vt 0.453333 0.880000
vt 0.546667 0.880000
vt 0.500000 0.786667
vt 0.453333 0.880000
vt 0.546667 0.880000
vt 0.500000 0.786667
vt 0.453333 0.880000
vt 0.546667 0.880000
vt 0.500000 0.786667
vt 0.453333 0.880000
vt 0.546667 0.880000
vt 0.500000 0.786667
vt 0.453333 0.880000
vt 0.546667 0.880000
vt 0.500000 0.786667
vt 0.453333 0.880000
vt 0.546667 0.880000
vt 0.500000 0.786667
vt 0.453333 0.880000
vt 0.546667 0.880000
vt 0.500000 0.786667
vt 0.453333 0.880000
vt 0.546667 0.880000
vt 0.500000 0.786667
vt 0.453333 0.880000
vt 0.546667 0.880000
vt 0.500000 0.786667
vt 0.453333 0.880000
vt 0.546667 0.880000
vt 0.500000 0.786667
vt 0.453333 0.880000
vt 0.546667 0.880000
vt 0.500000 0.786667
vt 0.453333 0.880000
vt 0.546667 0.880000
vt 0.500000 0.786667
vt 0.453333 0.880000
vt 0.546667 0.880000
vt 0.500000 0.786667
vt 0.453333 0.880000
vt 0.546667 0.880000
vt 0.500000 0.786667
vt 0.453333 0.880000
vt 0.546667 0.880000
vt 0.500000 0.786667
vt 0.453333 0.880000
vt 0.546667 0.880000
vt 0.500000 0.786667
vt 0.453333 0.880000
vt 0.546667 0.880000
vt 0.500000 0.786667
vt 0.453333 0.880000
vt 0.546667 0.880000
vt 0.500000 0.786667
vt 0.453333 0.880000
vt 0.546667 0.880000
vt 0.500000 0.786667
vt 0.453333 0.880000
vt 0.546667 0.880000
vt 0.500000 0.786667
vt 0.453333 0.880000
vt 0.546667 0.880000
vt 0.500000 0.786667
vt 0.453333 0.880000
vt 0.546667 0.880000
vt 0.500000 0.786667
vt 0.453333 0.880000
vt 0.546667 0.880000
vt 0.500000 0.786667
vt 0.453333 0.880000
vt 0.546667 0.880000
vt 0.500000 0.786667
vt 0.453333 0.880000
vt 0.546667 0.880000
vt 0.500000 0.786667
vt 0.453333 0.880000
vt 0.546667 0.880000
vt 0.500000 0.786667
vt 0.453333 0.880000
vt 0.546667 0.880000
vt 0.500000 0.786667
vt 0.453333 0.880000
vt 0.546667 0.880000
vt 0.500000 0.786667
vt 0.453333 0.880000
vt 0.546667 0.880000
vt 0.500000 0.786667
vt 0.453333 0.880000
vt 0.546667 0.880000
vt 0.500000 0.786667
vt 0.453333 0.880000
vt 0.546667 0.880000
vt 0.500000 0.786667
vt 0.453333 0.880000
vt 0.546667 0.880000
vt 0.500000 0.786667
vt 0.453333 0.880000
vt 0.546667 0.880000
vt 0.500000 0.786667
vt 0.453333 0.880000
vt 0.546667 0.880000
vt 0.500000 0.786667
vt 0.453333 0.880000
vt 0.546667 0.880000
vt 0.500000 0.786667
vt 0.453333 0.880000
vt 0.546667 0.880000
vt 0.500000 0.786667
vt 0.453333 0.880000
vt 0.546667 0.880000
vt 0.500000 0.786667
vt 0.786667 0.880000
vt 0.880000 0.880000
vt 0.833333 0.786667
vt 0.786667 0.880000
vt 0.880000 0.880000
vt 0.833333 0.786667
vt 0.786667 0.880000
vt 0.880000 0.880000
vt 0.833333 0.786667
vt 0.786667 0.880000
vt 0.880000 0.880000
vt 0.833333 0.786667
vt 0.786667 0.880000
vt 0.880000 0.880000
vt 0.833333 0.786667
vt 0.786667 0.880000
vt 0.880000 0.880000
vt 0.833333 0.786667
vt 0.786667 0.880000
vt 0.880000 0.880000
vt 0.833333 0.786667
vt 0.786667 0.880000
vt 0.880000 0.880000
vt 0.833333 0.786667
vt 0.786667 0.880000
vt 0.880000 0.880000
vt 0.833333 0.786667
vt 0.786667 0.880000
vt 0.880000 0.880000
vt 0.833333 0.786667
vt 0.786667 0.880000
vt 0.880000 0.880000
vt 0.833333 0.786667
vt 0.786667 0.880000
vt 0.880000 0.880000
vt 0.833333 0.786667
vt 0.786667 0.880000
vt 0.880000 0.880000
vt 0.833333 0.786667
vt 0.786667 0.880000
vt 0.880000 0.880000
vt 0.833333 0.786667
vt 0.786667 0.880000
vt 0.880000 0.880000
vt 0.833333 0.786667
vt 0.786667 0.880000
vt 0.880000 0.880000
vt 0.833333 0.786667
vt 0.786667 0.880000
vt 0.880000 0.880000
vt 0.833333 0.786667
vt 0.786667 0.880000
vt 0.880000 0.880000
vt 0.833333 0.786667
vt 0.786667 0.880000
vt 0.880000 0.880000
vt 0.833333 0.786667
vt 0.786667 0.880000
vt 0.880000 0.880000
vt 0.833333 0.786667
vt 0.786667 0.880000
vt 0.880000 0.880000
vt 0.833333 0.786667
vt 0.786667 0.880000
vt 0.880000 0.880000
vt 0.833333 0.786667
vt 0.786667 0.880000
vt 0.880000 0.880000
vt 0.833333 0.786667
vt 0.786667 0.880000
vt 0.880000 0.880000
vt 0.833333 0.786667
vt 0.786667 0.880000
vt 0.880000 0.880000
vt 0.833333 0.786667
vt 0.786667 0.880000
vt 0.880000 0.880000
vt 0.833333 0.786667
vt 0.786667 0.880000
vt 0.880000 0.880000
vt 0.833333 0.786667
vt 0.786667 0.880000
vt 0.880000 0.880000
vt 0.833333 0.786667
vt 0.786667 0.880000
vt 0.880000 0.880000
vt 0.833333 0.786667
vt 0.786667 0.880000
vt 0.880000 0.880000
vt 0.833333 0.786667
vt 0.786667 0.880000
vt 0.880000 0.880000
vt 0.833333 0.786667
vt 0.786667 0.880000
vt 0.880000 0.880000
vt 0.833333 0.786667
vt 0.786667 0.880000
vt 0.880000 0.880000
vt 0.833333 0.786667
vt 0.786667 0.880000
vt 0.880000 0.880000
vt 0.833333 0.786667
vt 0.786667 0.880000
vt 0.880000 0.880000
vt 0.833333 0.786667
vt 0.786667 0.880000
vt 0.880000 0.880000
vt 0.833333 0.786667
vt 0.786667 0.880000
vt 0.880000 0.880000
vt 0.833333 0.786667
vt 0.786667 0.880000
vt 0.880000 0.880000
vt 0.833333 0.786667
vt 0.786667 0.880000
vt 0.880000 0.880000
vt 0.833333 0.786667
vt 0.786667 0.880000
vt 0.880000 0.880000
vt 0.833333 0.786667
vt 0.786667 0.880000
vt 0.880000 0.880000
vt 0.833333 0.786667
vt 0.786667 0.880000
vt 0.880000 0.880000
vt 0.833333 0.786667
vt 0.786667 0.880000
vt 0.880000 0.880000
vt 0.833333 0.786667
vt 0.786667 0.880000
vt 0.880000 0.880000
vt 0.833333 0.786667
vt 0.786667 0.880000
vt 0.880000 0.880000
vt 0.833333 0.786667
vt 0.786667 0.880000
vt 0.880000 0.880000
vt 0.833333 0.786667
vt 0.786667 0.880000
vt 0.880000 0.880000
vt 0.833333 0.786667
vt 0.786667 0.880000
vt 0.880000 0.880000
vt 0.833333 0.786667
vt 0.786667 0.880000
vt 0.880000 0.880000
vt 0.833333 0.786667
vt 0.786667 0.880000
vt 0.880000 0.880000
vt 0.833333 0.786667
vt 0.786667 0.880000
vt 0.880000 0.880000
vt 0.833333 0.786667
vt 0.786667 0.880000
vt 0.880000 0.880000
vt 0.833333 0.786667
vt 0.786667 0.880000
vt 0.880000 0.880000
vt 0.833333 0.786667
vt 0.786667 0.880000
vt 0.880000 0.880000
vt 0.833333 0.786667
vt 0.786667 0.880000
vt 0.880000 0.880000
vt 0.833333 0.786667
vt 0.786667 0.880000
vt 0.880000 0.880000
vt 0.833333 0.786667
vt 0.786667 0.880000
vt 0.880000 0.880000
vt 0.833333 0.786667
vt 0.786667 0.880000
vt 0.880000 0.880000
vt 0.833333 0.786667
vt 0.786667 0.880000
vt 0.880000 0.880000
vt 0.833333 0.786667
vt 0.786667 0.880000
vt 0.880000 0.880000
vt 0.833333 0.786667
vt 0.786667 0.880000
vt 0.880000 0.880000
vt 0.833333 0.786667
vt 0.786667 0.880000
vt 0.880000 0.880000
vt 0.833333 0.786667
vt 0.786667 0.880000
vt 0.880000 0.880000
vt 0.833333 0.786667
vt 0.786667 0.880000
vt 0.880000 0.880000
vt 0.833333 0.786667
vt 0.786667 0.880000
vt 0.880000 0.880000
vt 0.833333 0.786667
vt 0.786667 0.880000
vt 0.880000 0.880000
vt 0.833333 0.786667
vt 0.786667 0.880000
vt 0.880000 0.880000
vt 0.833333 0.786667
vt 0.786667 0.880000
vt 0.880000 0.880000
vt 0.833333 0.786667
vt 0.786667 0.880000
vt 0.880000 0.880000
vt 0.833333 0.786667
vt 0.786667 0.880000
vt 0.880000 0.880000
vt 0.833333 0.786667
vt 0.786667 0.880000
vt 0.880000 0.880000
vt 0.833333 0.786667
vt 0.786667 0.880000
vt 0.880000 0.880000
vt 0.833333 0.786667
vt 0.786667 0.880000
vt 0.880000 0.880000
vt 0.833333 0.786667
vt 0.786667 0.880000
vt 0.880000 0.880000
vt 0.833333 0.786667
vt 0.786667 0.880000
vt 0.880000 0.880000
vt 0.833333 0.786667
vt 0.786667 0.880000
vt 0.880000 0.880000
vt 0.833333 0.786667
vt 0.786667 0.880000
vt 0.880000 0.880000
vt 0.833333 0.786667
vt 0.786667 0.880000
vt 0.880000 0.880000
vt 0.833333 0.786667
vt 0.786667 0.880000
vt 0.880000 0.880000
vt 0.833333 0.786667
vt 0.786667 0.880000
vt 0.880000 0.880000
vt 0.833333 0.786667
vt 0.786667 0.880000
vt 0.880000 0.880000
vt 0.833333 0.786667
vt 0.786667 0.880000
vt 0.880000 0.880000
vt 0.833333 0.786667
vt 0.786667 0.880000
vt 0.880000 0.880000
vt 0.833333 0.786667
vt 0.786667 0.880000
vt 0.880000 0.880000
vt 0.833333 0.786667
vt 0.786667 0.880000
vt 0.880000 0.880000
vt 0.833333 0.786667
vt 0.786667 0.880000
vt 0.880000 0.880000
vt 0.833333 0.786667
vt 0.786667 0.880000
vt 0.880000 0.880000
vt 0.833333 0.786667
vt 0.786667 0.880000
vt 0.880000 0.880000
vt 0.833333 0.786667
vt 0.786667 0.880000
vt 0.880000 0.880000
vt 0.833333 0.786667
vt 0.786667 0.880000
vt 0.880000 0.880000
vt 0.833333 0.786667
vt 0.786667 0.880000
vt 0.880000 0.880000
vt 0.833333 0.786667
vt 0.786667 0.880000
vt 0.880000 0.880000
vt 0.833333 0.786667
vt 0.786667 0.880000
vt 0.880000 0.880000
vt 0.833333 0.786667
vt 0.786667 0.880000
vt 0.880000 0.880000
vt 0.833333 0.786667
vt 0.786667 0.880000
vt 0.880000 0.880000
vt 0.833333 0.786667
vt 0.786667 0.880000
vt 0.880000 0.880000
vt 0.833333 0.786667
vt 0.786667 0.880000
vt 0.880000 0.880000
vt 0.833333 0.786667
vt 0.786667 0.880000
vt 0.880000 0.880000
vt 0.833333 0.786667
vt 0.786667 0.880000
vt 0.880000 0.880000
vt 0.833333 0.786667
vt 0.786667 0.880000
vt 0.880000 0.880000
vt 0.833333 0.786667
vt 0.786667 0.880000
vt 0.880000 0.880000
vt 0.833333 0.786667
vt 0.786667 0.880000
vt 0.880000 0.880000
vt 0.833333 0.786667
vt 0.786667 0.880000
vt 0.880000 0.880000
vt 0.833333 0.786667
vt 0.786667 0.880000
vt 0.880000 0.880000
vt 0.833333 0.786667
vt 0.786667 0.880000
vt 0.880000 0.880000
vt 0.833333 0.786667
vt 0.786667 0.880000
vt 0.880000 0.880000
vt 0.833333 0.786667
vt 0.786667 0.880000
vt 0.880000 0.880000
vt 0.833333 0.786667
vt 0.786667 0.880000
vt 0.880000 0.880000
vt 0.833333 0.786667
vt 0.786667 0.880000
vt 0.880000 0.880000
vt 0.833333 0.786667
vt 0.786667 0.880000
vt 0.880000 0.880000
vt 0.833333 0.786667
vt 0.786667 0.880000
vt 0.880000 0.880000
vt 0.833333 0.786667
vt 0.786667 0.880000
vt 0.880000 0.880000
vt 0.833333 0.786667
vt 0.786667 0.880000
vt 0.880000 0.880000
vt 0.833333 0.786667
vt 0.786667 0.880000
vt 0.880000 0.880000
vt 0.833333 0.786667
vt 0.786667 0.880000
vt 0.880000 0.880000
vt 0.833333 0.786667
vt 0.786667 0.880000
vt 0.880000 0.880000
vt 0.833333 0.786667
vt 0.786667 0.880000
vt 0.880000 0.880000
vt 0.833333 0.786667
vt 0.786667 0.880000
vt 0.880000 0.880000
vt 0.833333 0.786667
vt 0.786667 0.880000
vt 0.880000 0.880000
vt 0.833333 0.786667
vt 0.786667 0.880000
vt 0.880000 0.880000
vt 0.833333 0.786667
vt 0.786667 0.880000
vt 0.880000 0.880000
vt 0.833333 0.786667
vt 0.786667 0.880000
vt 0.880000 0.880000
vt 0.833333 0.786667
vt 0.786667 0.880000
vt 0.880000 0.880000
vt 0.833333 0.786667
vt 0.786667 0.880000
vt 0.880000 0.880000
vt 0.833333 0.786667
vt 0.786667 0.880000
vt 0.880000 0.880000
vt 0.833333 0.786667
vt 0.786667 0.880000
vt 0.880000 0.880000
vt 0.833333 0.786667
vt 0.786667 0.880000
vt 0.880000 0.880000
vt 0.833333 0.786667
vt 0.786667 0.880000
vt 0.880000 0.880000
vt 0.833333 0.786667
vt 0.786667 0.880000
vt 0.880000 0.880000
vt 0.833333 0.786667
vt 0.786667 0.880000
vt 0.880000 0.880000
vt 0.833333 0.786667
vt 0.786667 0.880000
vt 0.880000 0.880000
vt 0.833333 0.786667
vt 0.786667 0.880000
vt 0.880000 0.880000
vt 0.833333 0.786667
vt 0.786667 0.880000
vt 0.880000 0.880000
vt 0.833333 0.786667
vt 0.786667 0.880000
vt 0.880000 0.880000
vt 0.833333 0.786667
vt 0.786667 0.880000
vt 0.880000 0.880000
vt 0.833333 0.786667
vt 0.786667 0.880000
vt 0.880000 0.880000
vt 0.833333 0.786667
vt 0.786667 0.880000
vt 0.880000 0.880000
vt 0.833333 0.786667
vt 0.786667 0.880000
vt 0.880000 0.880000
vt 0.833333 0.786667
vt 0.786667 0.880000
vt 0.880000 0.880000
vt 0.833333 0.786667
vt 0.786667 0.880000
vt 0.880000 0.880000
vt 0.833333 0.786667
vt 0.786667 0.880000
vt 0.880000 0.880000
vt 0.833333 0.786667
vt 0.786667 0.880000
vt 0.880000 0.880000
vt 0.833333 0.786667
vt 0.786667 0.880000
vt 0.880000 0.880000
vt 0.833333 0.786667
vt 0.786667 0.880000
vt 0.880000 0.880000
vt 0.833333 0.786667
vt 0.786667 0.880000
vt 0.880000 0.880000
vt 0.833333 0.786667
vt 0.786667 0.880000
vt 0.880000 0.880000
vt 0.833333 0.786667
vt 0.786667 0.880000
vt 0.880000 0.880000
vt 0.833333 0.786667
vt 0.786667 0.880000
vt 0.880000 0.880000
vt 0.833333 0.786667
vt 0.786667 0.880000
vt 0.880000 0.880000
vt 0.833333 0.786667
vt 0.786667 0.880000
vt 0.880000 0.880000
vt 0.833333 0.786667
vt 0.786667 0.880000
vt 0.880000 0.880000
vt 0.833333 0.786667
vt 0.786667 0.880000
vt 0.880000 0.880000
vt 0.833333 0.786667
vt 0.786667 0.880000
vt 0.880000 0.880000
vt 0.833333 0.786667
vt 0.786667 0.880000
vt 0.880000 0.880000
vt 0.833333 0.786667
vt 0.786667 0.880000
vt 0.880000 0.880000
vt 0.833333 0.786667
vt 0.786667 0.880000
vt 0.880000 0.880000
vt 0.833333 0.786667
vt 0.786667 0.880000
vt 0.880000 0.880000
vt 0.833333 0.786667
vt 0.786667 0.880000
vt 0.880000 0.880000
vt 0.833333 0.786667
vt 0.786667 0.880000
vt 0.880000 0.880000
vt 0.833333 0.786667
vt 0.786667 0.880000
vt 0.880000 0.880000
vt 0.833333 0.786667
vt 0.786667 0.880000
vt 0.880000 0.880000
vt 0.833333 0.786667
vt 0.786667 0.880000
vt 0.880000 0.880000
vt 0.833333 0.786667
vt 0.786667 0.880000
vt 0.880000 0.880000
vt 0.833333 0.786667
vt 0.786667 0.880000
vt 0.880000 0.880000
vt 0.833333 0.786667
vt 0.786667 0.880000
vt 0.880000 0.880000
vt 0.833333 0.786667
vt 0.786667 0.880000
vt 0.880000 0.880000
vt 0.833333 0.786667
vt 0.786667 0.880000
vt 0.880000 0.880000
vt 0.833333 0.786667
vt 0.786667 0.880000
vt 0.880000 0.880000
vt 0.833333 0.786667
vt 0.786667 0.880000
vt 0.880000 0.880000
vt 0.833333 0.786667
vt 0.786667 0.880000
vt 0.880000 0.880000
vt 0.833333 0.786667
vt 0.786667 0.880000
vt 0.880000 0.880000
vt 0.833333 0.786667
vt 0.786667 0.880000
vt 0.880000 0.880000
vt 0.833333 0.786667
vt 0.786667 0.880000
vt 0.880000 0.880000
vt 0.833333 0.786667
vt 0.786667 0.880000
vt 0.880000 0.880000
vt 0.833333 0.786667
vt 0.786667 0.880000
vt 0.880000 0.880000
vt 0.833333 0.786667
vt 0.786667 0.880000
vt 0.880000 0.880000
vt 0.833333 0.786667
vt 0.786667 0.880000
vt 0.880000 0.880000
vt 0.833333 0.786667
vt 0.786667 0.880000
vt 0.880000 0.880000
vt 0.833333 0.786667
vt 0.786667 0.880000
vt 0.880000 0.880000
vt 0.833333 0.786667
vt 0.786667 0.880000
vt 0.880000 0.880000
vt 0.833333 0.786667
vt 0.786667 0.880000
vt 0.880000 0.880000
vt 0.833333 0.786667
vt 0.786667 0.880000
vt 0.880000 0.880000
vt 0.833333 0.786667
vt 0.786667 0.880000
vt 0.880000 0.880000
vt 0.833333 0.786667
vt 0.786667 0.880000
vt 0.880000 0.880000
vt 0.833333 0.786667
vt 0.786667 0.880000
vt 0.880000 0.880000
vt 0.833333 0.786667
vt 0.786667 0.880000
vt 0.880000 0.880000
vt 0.833333 0.786667
vt 0.786667 0.880000
vt 0.880000 0.880000
vt 0.833333 0.786667
vt 0.786667 0.880000
vt 0.880000 0.880000
vt 0.833333 0.786667
vt 0.786667 0.880000
vt 0.880000 0.880000
vt 0.833333 0.786667
vt 0.786667 0.880000
vt 0.880000 0.880000
vt 0.833333 0.786667
vt 0.786667 0.880000
vt 0.880000 0.880000
vt 0.833333 0.786667
vt 0.786667 0.880000
vt 0.880000 0.880000
vt 0.833333 0.786667
vt 0.786667 0.880000
vt 0.880000 0.880000
vt 0.833333 0.786667
vt 0.786667 0.880000
vt 0.880000 0.880000
vt 0.833333 0.786667
vt 0.786667 0.880000
vt 0.880000 0.880000
vt 0.833333 0.786667
vt 0.786667 0.880000
vt 0.880000 0.880000
vt 0.833333 0.786667
vt 0.786667 0.880000
vt 0.880000 0.880000
vt 0.833333 0.786667
vt 0.786667 0.880000
vt 0.880000 0.880000
vt 0.833333 0.786667
vt 0.786667 0.880000
vt 0.880000 0.880000
vt 0.833333 0.786667
vt 0.786667 0.880000
vt 0.880000 0.880000
vt 0.833333 0.786667
vt 0.786667 0.880000
vt 0.880000 0.880000
vt 0.833333 0.786667
vt 0.786667 0.880000
vt 0.880000 0.880000
vt 0.833333 0.786667
vt 0.786667 0.880000
vt 0.880000 0.880000
vt 0.833333 0.786667
vt 0.786667 0.880000
vt 0.880000 0.880000
vt 0.833333 0.786667
vt 0.786667 0.880000
vt 0.880000 0.880000
vt 0.833333 0.786667
vt 0.786667 0.880000
vt 0.880000 0.880000
vt 0.833333 0.786667
vt 0.786667 0.880000
vt 0.880000 0.880000
vt 0.833333 0.786667
vt 0.786667 0.880000
vt 0.880000 0.880000
vt 0.833333 0.786667
vt 0.786667 0.880000
vt 0.880000 0.880000
vt 0.833333 0.786667
vt 0.786667 0.880000
vt 0.880000 0.880000
vt 0.833333 0.786667
vt 0.786667 0.880000
vt 0.880000 0.880000
vt 0.833333 0.786667
vt 0.786667 0.880000
vt 0.880000 0.880000
vt 0.833333 0.786667
vt 0.786667 0.880000
vt 0.880000 0.880000
vt 0.833333 0.786667
vt 0.786667 0.880000
vt 0.880000 0.880000
vt 0.833333 0.786667
vt 0.786667 0.880000
vt 0.880000 0.880000
vt 0.833333 0.786667
vt 0.786667 0.880000
vt 0.880000 0.880000
vt 0.833333 0.786667
vt 0.786667 0.880000
vt 0.880000 0.880000
vt 0.833333 0.786667
vt 0.786667 0.880000
vt 0.880000 0.880000
vt 0.833333 0.786667
vt 0.786667 0.880000
vt 0.880000 0.880000
vt 0.833333 0.786667
vt 0.786667 0.880000
vt 0.880000 0.880000
vt 0.833333 0.786667
vt 0.786667 0.880000
vt 0.880000 0.880000
vt 0.833333 0.786667
vt 0.786667 0.880000
vt 0.880000 0.880000
vt 0.833333 0.786667
vt 0.786667 0.880000
vt 0.880000 0.880000
vt 0.833333 0.786667
vt 0.786667 0.880000
vt 0.880000 0.880000
vt 0.833333 0.786667
vt 0.786667 0.880000
vt 0.880000 0.880000
vt 0.833333 0.786667
vt 0.786667 0.880000
vt 0.880000 0.880000
vt 0.833333 0.786667
vt 0.786667 0.880000
vt 0.880000 0.880000
vt 0.833333 0.786667
vt 0.786667 0.880000
vt 0.880000 0.880000
vt 0.833333 0.786667
vt 0.786667 0.880000
vt 0.880000 0.880000
vt 0.833333 0.786667
vt 0.786667 0.880000
vt 0.880000 0.880000
vt 0.833333 0.786667
vt 0.786667 0.880000
vt 0.880000 0.880000
vt 0.833333 0.786667
vt 0.786667 0.880000
vt 0.880000 0.880000
vt 0.833333 0.786667
vt 0.786667 0.880000
vt 0.880000 0.880000
vt 0.833333 0.786667
vt 0.786667 0.880000
vt 0.880000 0.880000
vt 0.833333 0.786667
vt 0.786667 0.880000
vt 0.880000 0.880000
vt 0.833333 0.786667
vt 0.786667 0.880000
vt 0.880000 0.880000
vt 0.833333 0.786667
vt 0.786667 0.880000
vt 0.880000 0.880000
vt 0.833333 0.786667
vt 0.786667 0.880000
vt 0.880000 0.880000
vt 0.833333 0.786667
vt 0.786667 0.880000
vt 0.880000 0.880000
vt 0.833333 0.786667
vt 0.786667 0.880000
vt 0.880000 0.880000
vt 0.833333 0.786667
vt 0.786667 0.880000
vt 0.880000 0.880000
vt 0.833333 0.786667
vt 0.786667 0.880000
vt 0.880000 0.880000
vt 0.833333 0.786667
vt 0.786667 0.880000
vt 0.880000 0.880000
vt 0.833333 0.786667
vt 0.786667 0.880000
vt 0.880000 0.880000
vt 0.833333 0.786667
vt 0.786667 0.880000
vt 0.880000 0.880000
vt 0.833333 0.786667
vt 0.786667 0.880000
vt 0.880000 0.880000
vt 0.833333 0.786667
vt 0.786667 0.880000
vt 0.880000 0.880000
vt 0.833333 0.786667
vt 0.786667 0.880000
vt 0.880000 0.880000
vt 0.833333 0.786667
vt 0.786667 0.880000
vt 0.880000 0.880000
vt 0.833333 0.786667
vt 0.786667 0.880000
vt 0.880000 0.880000
vt 0.833333 0.786667
vt 0.786667 0.880000
vt 0.880000 0.880000
vt 0.833333 0.786667
vt 0.786667 0.880000
vt 0.880000 0.880000
vt 0.833333 0.786667
vt 0.786667 0.880000
vt 0.880000 0.880000
vt 0.833333 0.786667
vt 0.786667 0.880000
vt 0.880000 0.880000
vt 0.833333 0.786667
vt 0.786667 0.880000
vt 0.880000 0.880000
vt 0.833333 0.786667
vt 0.786667 0.880000
vt 0.880000 0.880000
vt 0.833333 0.786667
vt 0.786667 0.880000
vt 0.880000 0.880000
vt 0.833333 0.786667
vt 0.786667 0.880000
vt 0.880000 0.880000
vt 0.833333 0.786667
vt 0.786667 0.880000
vt 0.880000 0.880000
vt 0.833333 0.786667
vt 0.786667 0.880000
vt 0.880000 0.880000
vt 0.833333 0.786667
vt 0.786667 0.880000
vt 0.880000 0.880000
vt 0.833333 0.786667
vt 0.786667 0.880000
vt 0.880000 0.880000
vt 0.833333 0.786667
vt 0.786667 0.880000
vt 0.880000 0.880000
vt 0.833333 0.786667
vt 0.786667 0.880000
vt 0.880000 0.880000
vt 0.833333 0.786667
vt 0.786667 0.880000
vt 0.880000 0.880000
vt 0.833333 0.786667
vt 0.786667 0.880000
vt 0.880000 0.880000
vt 0.833333 0.786667
vt 0.786667 0.880000
vt 0.880000 0.880000
vt 0.833333 0.786667
vt 0.786667 0.880000
vt 0.880000 0.880000
vt 0.833333 0.786667
vt 0.786667 0.880000
vt 0.880000 0.880000
vt 0.833333 0.786667
vt 0.786667 0.880000
vt 0.880000 0.880000
vt 0.833333 0.786667
vt 0.786667 0.546667
vt 0.880000 0.546667
vt 0.833333 0.453333
vt 0.786667 0.546667
vt 0.880000 0.546667
vt 0.833333 0.453333
vt 0.786667 0.546667
vt 0.880000 0.546667
vt 0.833333 0.453333
vt 0.786667 0.546667
vt 0.880000 0.546667
vt 0.833333 0.453333
vt 0.786667 0.546667
vt 0.880000 0.546667
vt 0.833333 0.453333
vt 0.786667 0.546667
vt 0.880000 0.546667
vt 0.833333 0.453333
vt 0.786667 0.546667
vt 0.880000 0.546667
vt 0.833333 0.453333
vt 0.786667 0.546667
vt 0.880000 0.546667
vt 0.833333 0.453333
vt 0.786667 0.546667
vt 0.880000 0.546667
vt 0.833333 0.453333
vt 0.786667 0.546667
vt 0.880000 0.546667
vt 0.833333 0.453333
vt 0.786667 0.546667
vt 0.880000 0.546667
vt 0.833333 0.453333
vt 0.786667 0.546667
vt 0.880000 0.546667
vt 0.833333 0.453333
vt 0.786667 0.546667
vt 0.880000 0.546667
vt 0.833333 0.453333
vt 0.786667 0.546667
vt 0.880000 0.546667
vt 0.833333 0.453333
vt 0.786667 0.546667
vt 0.880000 0.546667
vt 0.833333 0.453333
vt 0.786667 0.546667
vt 0.880000 0.546667
vt 0.833333 0.453333
vt 0.786667 0.546667
vt 0.880000 0.546667
vt 0.833333 0.453333
vt 0.786667 0.546667
vt 0.880000 0.546667
vt 0.833333 0.453333
vt 0.786667 0.546667
vt 0.880000 0.546667
vt 0.833333 0.453333
vt 0.786667 0.546667
vt 0.880000 0.546667
vt 0.833333 0.453333
vt 0.786667 0.546667
vt 0.880000 0.546667
vt 0.833333 0.453333
vt 0.786667 0.546667
vt 0.880000 0.546667
vt 0.833333 0.453333
vt 0.786667 0.546667
vt 0.880000 0.546667
vt 0.833333 0.453333
vt 0.786667 0.546667
vt 0.880000 0.546667
vt 0.833333 0.453333
vt 0.786667 0.546667
vt 0.880000 0.546667
vt 0.833333 0.453333
vt 0.786667 0.546667
vt 0.880000 0.546667
vt 0.833333 0.453333
vt 0.786667 0.546667
vt 0.880000 0.546667
vt 0.833333 0.453333
vt 0.786667 0.546667
vt 0.880000 0.546667
vt 0.833333 0.453333
vt 0.786667 0.546667
vt 0.880000 0.546667
vt 0.833333 0.453333
vt 0.786667 0.546667
vt 0.880000 0.546667
vt 0.833333 0.453333
vt 0.786667 0.546667
vt 0.880000 0.546667
vt 0.833333 0.453333
vt 0.786667 0.546667
vt 0.880000 0.546667
vt 0.833333 0.453333
vt 0.786667 0.546667
vt 0.880000 0.546667
vt 0.833333 0.453333
vt 0.786667 0.546667
vt 0.880000 0.546667
vt 0.833333 0.453333
vt 0.786667 0.546667
vt 0.880000 0.546667
vt 0.833333 0.453333
vt 0.786667 0.546667
vt 0.880000 0.546667
vt 0.833333 0.453333
vt 0.786667 0.546667
vt 0.880000 0.546667
vt 0.833333 0.453333
vt 0.786667 0.546667
vt 0.880000 0.546667
vt 0.833333 0.453333
vt 0.786667 0.546667
vt 0.880000 0.546667
vt 0.833333 0.453333
vt 0.786667 0.546667
vt 0.880000 0.546667
vt 0.833333 0.453333
vt 0.786667 0.546667
vt 0.880000 0.546667
vt 0.833333 0.453333
vt 0.786667 0.546667
vt 0.880000 0.546667
vt 0.833333 0.453333
vt 0.786667 0.546667
vt 0.880000 0.546667
vt 0.833333 0.453333
vt 0.786667 0.546667
vt 0.880000 0.546667
vt 0.833333 0.453333
vt 0.786667 0.546667
vt 0.880000 0.546667
vt 0.833333 0.453333
vt 0.786667 0.546667
vt 0.880000 0.546667
vt 0.833333 0.453333
vt 0.786667 0.546667
vt 0.880000 0.546667
vt 0.833333 0.453333
vt 0.786667 0.546667
vt 0.880000 0.546667
vt 0.833333 0.453333
vt 0.786667 0.546667
vt 0.880000 0.546667
vt 0.833333 0.453333
vt 0.786667 0.546667
vt 0.880000 0.546667
vt 0.833333 0.453333
vt 0.786667 0.546667
vt 0.880000 0.546667
vt 0.833333 0.453333
vt 0.786667 0.546667
vt 0.880000 0.546667
vt 0.833333 0.453333
vt 0.786667 0.546667
vt 0.880000 0.546667
vt 0.833333 0.453333
vt 0.786667 0.546667
vt 0.880000 0.546667
vt 0.833333 0.453333
vt 0.786667 0.546667
vt 0.880000 0.546667
vt 0.833333 0.453333
vt 0.786667 0.546667
vt 0.880000 0.546667
vt 0.833333 0.453333
vt 0.786667 0.546667
vt 0.880000 0.546667
vt 0.833333 0.453333
vt 0.786667 0.546667
vt 0.880000 0.546667
vt 0.833333 0.453333
vt 0.786667 0.546667
vt 0.880000 0.546667
vt 0.833333 0.453333
vt 0.786667 0.546667
vt 0.880000 0.546667
vt 0.833333 0.453333
vt 0.786667 0.546667
vt 0.880000 0.546667
vt 0.833333 0.453333
vt 0.786667 0.546667
vt 0.880000 0.546667
vt 0.833333 0.453333
vt 0.786667 0.546667
vt 0.880000 0.546667
vt 0.833333 0.453333
vt 0.786667 0.546667
vt 0.880000 0.546667
vt 0.833333 0.453333
vt 0.786667 0.546667
vt 0.880000 0.546667
vt 0.833333 0.453333
vt 0.786667 0.546667
vt 0.880000 0.546667
vt 0.833333 0.453333
vt 0.786667 0.546667
vt 0.880000 0.546667
vt 0.833333 0.453333
vt 0.786667 0.546667
vt 0.880000 0.546667
vt 0.833333 0.453333
vt 0.786667 0.546667
vt 0.880000 0.546667
vt 0.833333 0.453333
vt 0.786667 0.546667
vt 0.880000 0.546667
vt 0.833333 0.453333
vt 0.786667 0.546667
vt 0.880000 0.546667
vt 0.833333 0.453333
vt 0.786667 0.546667
vt 0.880000 0.546667
vt 0.833333 0.453333
vt 0.786667 0.546667
vt 0.880000 0.546667
vt 0.833333 0.453333
vt 0.786667 0.546667
vt 0.880000 0.546667
vt 0.833333 0.453333
vt 0.786667 0.546667
vt 0.880000 0.546667
vt 0.833333 0.453333
vt 0.786667 0.546667
vt 0.880000 0.546667
vt 0.833333 0.453333
vt 0.786667 0.546667
vt 0.880000 0.546667
vt 0.833333 0.453333
vt 0.786667 0.546667
vt 0.880000 0.546667
vt 0.833333 0.453333
vt 0.786667 0.546667
vt 0.880000 0.546667
vt 0.833333 0.453333
vt 0.786667 0.546667
vt 0.880000 0.546667
vt 0.833333 0.453333
vt 0.786667 0.546667
vt 0.880000 0.546667
vt 0.833333 0.453333
vt 0.786667 0.546667
vt 0.880000 0.546667
vt 0.833333 0.453333
vt 0.786667 0.546667
vt 0.880000 0.546667
vt 0.833333 0.453333
vt 0.786667 0.546667
vt 0.880000 0.546667
vt 0.833333 0.453333
vt 0.786667 0.546667
vt 0.880000 0.546667
vt 0.833333 0.453333
vt 0.786667 0.546667
vt 0.880000 0.546667
vt 0.833333 0.453333
vt 0.786667 0.546667
vt 0.880000 0.546667
vt 0.833333 0.453333
vt 0.786667 0.546667
vt 0.880000 0.546667
vt 0.833333 0.453333
vt 0.786667 0.546667
vt 0.880000 0.546667
vt 0.833333 0.453333
vt 0.786667 0.546667
vt 0.880000 0.546667
vt 0.833333 0.453333
vt 0.786667 0.546667
vt 0.880000 0.546667
vt 0.833333 0.453333
vt 0.786667 0.546667
vt 0.880000 0.546667
vt 0.833333 0.453333
vt 0.786667 0.546667
vt 0.880000 0.546667
vt 0.833333 0.453333
vt 0.786667 0.546667
vt 0.880000 0.546667
vt 0.833333 0.453333
vt 0.786667 0.546667
vt 0.880000 0.546667
vt 0.833333 0.453333
vt 0.786667 0.546667
vt 0.880000 0.546667
vt 0.833333 0.453333
vt 0.786667 0.546667
vt 0.880000 0.546667
vt 0.833333 0.453333
vt 0.786667 0.546667
vt 0.880000 0.546667
vt 0.833333 0.453333
vt 0.786667 0.546667
vt 0.880000 0.546667
vt 0.833333 0.453333
vt 0.786667 0.546667
vt 0.880000 0.546667
vt 0.833333 0.453333
vt 0.786667 0.546667
vt 0.880000 0.546667
vt 0.833333 0.453333
vt 0.786667 0.546667
vt 0.880000 0.546667
vt 0.833333 0.453333
vt 0.786667 0.546667
vt 0.880000 0.546667
vt 0.833333 0.453333
vt 0.786667 0.546667
vt 0.880000 0.546667
vt 0.833333 0.453333
vt 0.786667 0.546667
vt 0.880000 0.546667
vt 0.833333 0.453333
vt 0.786667 0.546667
vt 0.880000 0.546667
vt 0.833333 0.453333
vt 0.786667 0.546667
vt 0.880000 0.546667
vt 0.833333 0.453333
vt 0.786667 0.546667
vt 0.880000 0.546667
vt 0.833333 0.453333
vt 0.786667 0.546667
vt 0.880000 0.546667
vt 0.833333 0.453333
vt 0.786667 0.546667
vt 0.880000 0.546667
vt 0.833333 0.453333
vt 0.786667 0.546667
vt 0.880000 0.546667
vt 0.833333 0.453333
vt 0.786667 0.546667
vt 0.880000 0.546667
vt 0.833333 0.453333
vt 0.786667 0.546667
vt 0.880000 0.546667
vt 0.833333 0.453333
vt 0.786667 0.546667
vt 0.880000 0.546667
vt 0.833333 0.453333
vt 0.786667 0.546667
vt 0.880000 0.546667
vt 0.833333 0.453333
vt 0.786667 0.546667
vt 0.880000 0.546667
vt 0.833333 0.453333
vt 0.786667 0.546667
vt 0.880000 0.546667
vt 0.833333 0.453333
vt 0.786667 0.546667
vt 0.880000 0.546667
vt 0.833333 0.453333
vt 0.786667 0.546667
vt 0.880000 0.546667
vt 0.833333 0.453333
vt 0.786667 0.546667
vt 0.880000 0.546667
vt 0.833333 0.453333
vt 0.786667 0.546667
vt 0.880000 0.546667
vt 0.833333 0.453333
vt 0.786667 0.546667
vt 0.880000 0.546667
vt 0.833333 0.453333
vt 0.786667 0.546667
vt 0.880000 0.546667
vt 0.833333 0.453333
vt 0.786667 0.546667
vt 0.880000 0.546667
vt 0.833333 0.453333
vt 0.786667 0.546667
vt 0.880000 0.546667
vt 0.833333 0.453333
vt 0.786667 0.546667
vt 0.880000 0.546667
vt 0.833333 0.453333
vt 0.786667 0.546667
vt 0.880000 0.546667
vt 0.833333 0.453333
vt 0.786667 0.546667
vt 0.880000 0.546667
vt 0.833333 0.453333
vt 0.786667 0.546667
vt 0.880000 0.546667
vt 0.833333 0.453333
vt 0.786667 0.546667
vt 0.880000 0.546667
vt 0.833333 0.453333
vt 0.786667 0.213333
vt 0.880000 0.213333
vt 0.833333 0.120000
vt 0.786667 0.213333
vt 0.880000 0.213333
vt 0.833333 0.120000
vt 0.786667 0.213333
vt 0.880000 0.213333
vt 0.833333 0.120000
vt 0.786667 0.213333
vt 0.880000 0.213333
vt 0.833333 0.120000
vt 0.786667 0.213333
vt 0.880000 0.213333
vt 0.833333 0.120000
vt 0.786667 0.213333
vt 0.880000 0.213333
vt 0.833333 0.120000
vt 0.786667 0.213333
vt 0.880000 0.213333
vt 0.833333 0.120000
vt 0.786667 0.213333
vt 0.880000 0.213333
vt 0.833333 0.120000
vt 0.786667 0.213333
vt 0.880000 0.213333
vt 0.833333 0.120000
vt 0.786667 0.213333
vt 0.880000 0.213333
vt 0.833333 0.120000
vt 0.786667 0.213333
vt 0.880000 0.213333
vt 0.833333 0.120000
vt 0.786667 0.213333
vt 0.880000 0.213333
vt 0.833333 0.120000
vt 0.786667 0.213333
vt 0.880000 0.213333
vt 0.833333 0.120000
vt 0.786667 0.213333
vt 0.880000 0.213333
vt 0.833333 0.120000
vt 0.786667 0.213333
vt 0.880000 0.213333
vt 0.833333 0.120000
vt 0.786667 0.213333
vt 0.880000 0.213333
vt 0.833333 0.120000
vt 0.786667 0.213333
vt 0.880000 0.213333
vt 0.833333 0.120000
vt 0.786667 0.213333
vt 0.880000 0.213333
vt 0.833333 0.120000
vt 0.786667 0.213333
vt 0.880000 0.213333
vt 0.833333 0.120000
vt 0.786667 0.213333
vt 0.880000 0.213333
vt 0.833333 0.120000
vt 0.786667 0.213333
vt 0.880000 0.213333
vt 0.833333 0.120000
vt 0.786667 0.213333
vt 0.880000 0.213333
vt 0.833333 0.120000
vt 0.786667 0.213333
vt 0.880000 0.213333
vt 0.833333 0.120000
vt 0.786667 0.213333
vt 0.880000 0.213333
vt 0.833333 0.120000
vt 0.786667 0.213333
vt 0.880000 0.213333
vt 0.833333 0.120000
vt 0.786667 0.213333
vt 0.880000 0.213333
vt 0.833333 0.120000
vt 0.786667 0.213333
vt 0.880000 0.213333
vt 0.833333 0.120000
vt 0.786667 0.213333
vt 0.880000 0.213333
vt 0.833333 0.120000
vt 0.786667 0.213333
vt 0.880000 0.213333
vt 0.833333 0.120000
vt 0.786667 0.213333
vt 0.880000 0.213333
vt 0.833333 0.120000
vt 0.786667 0.213333
vt 0.880000 0.213333
vt 0.833333 0.120000
vt 0.786667 0.213333
vt 0.880000 0.213333
vt 0.833333 0.120000
vt 0.786667 0.213333
vt 0.880000 0.213333
vt 0.833333 0.120000
vt 0.786667 0.213333
vt 0.880000 0.213333
vt 0.833333 0.120000
vt 0.786667 0.213333
vt 0.880000 0.213333
vt 0.833333 0.120000
vt 0.786667 0.213333
vt 0.880000 0.213333
vt 0.833333 0.120000
vt 0.786667 0.213333
vt 0.880000 0.213333
vt 0.833333 0.120000
vt 0.786667 0.213333
vt 0.880000 0.213333
vt 0.833333 0.120000
vt 0.786667 0.213333
vt 0.880000 0.213333
vt 0.833333 0.120000
vt 0.786667 0.213333
vt 0.880000 0.213333
vt 0.833333 0.120000
vt 0.786667 0.213333
vt 0.880000 0.213333
vt 0.833333 0.120000
vt 0.786667 0.213333
vt 0.880000 0.213333
vt 0.833333 0.120000
vt 0.786667 0.213333
vt 0.880000 0.213333
vt 0.833333 0.120000
vt 0.786667 0.213333
vt 0.880000 0.213333
vt 0.833333 0.120000
vt 0.786667 0.213333
vt 0.880000 0.213333
vt 0.833333 0.120000
vt 0.786667 0.213333
vt 0.880000 0.213333
vt 0.833333 0.120000
vt 0.786667 0.213333
vt 0.880000 0.213333
vt 0.833333 0.120000
vt 0.786667 0.213333
vt 0.880000 0.213333
vt 0.833333 0.120000
vt 0.786667 0.213333
vt 0.880000 0.213333
vt 0.833333 0.120000
vt 0.786667 0.213333
vt 0.880000 0.213333
vt 0.833333 0.120000
vt 0.786667 0.213333
vt 0.880000 0.213333
vt 0.833333 0.120000
vt 0.786667 0.213333
vt 0.880000 0.213333
vt 0.833333 0.120000
vt 0.786667 0.213333
vt 0.880000 0.213333
vt 0.833333 0.120000
vt 0.786667 0.213333
vt 0.880000 0.213333
vt 0.833333 0.120000
vt 0.786667 0.213333
vt 0.880000 0.213333
vt 0.833333 0.120000
vt 0.786667 0.213333
vt 0.880000 0.213333
vt 0.833333 0.120000
vt 0.786667 0.213333
vt 0.880000 0.213333
vt 0.833333 0.120000
vt 0.786667 0.213333
vt 0.880000 0.213333
vt 0.833333 0.120000
vt 0.786667 0.213333
vt 0.880000 0.213333
vt 0.833333 0.120000
vt 0.786667 0.213333
vt 0.880000 0.213333
vt 0.833333 0.120000
vt 0.786667 0.213333
vt 0.880000 0.213333
vt 0.833333 0.120000
vt 0.786667 0.213333
vt 0.880000 0.213333
vt 0.833333 0.120000
vt 0.786667 0.213333
vt 0.880000 0.213333
vt 0.833333 0.120000
vt 0.786667 0.213333
vt 0.880000 0.213333
vt 0.833333 0.120000
vt 0.786667 0.213333
vt 0.880000 0.213333
vt 0.833333 0.120000
vt 0.786667 0.213333
vt 0.880000 0.213333
vt 0.833333 0.120000
vt 0.786667 0.213333
vt 0.880000 0.213333
vt 0.833333 0.120000
vt 0.786667 0.213333
vt 0.880000 0.213333
vt 0.833333 0.120000
vt 0.786667 0.213333
vt 0.880000 0.213333
vt 0.833333 0.120000
vt 0.786667 0.213333
vt 0.880000 0.213333
vt 0.833333 0.120000
vt 0.786667 0.213333
vt 0.880000 0.213333
vt 0.833333 0.120000
vt 0.786667 0.213333
vt 0.880000 0.213333
vt 0.833333 0.120000
vt 0.786667 0.213333
vt 0.880000 0.213333
vt 0.833333 0.120000
vt 0.786667 0.213333
vt 0.880000 0.213333
vt 0.833333 0.120000
vt 0.786667 0.213333
vt 0.880000 0.213333
vt 0.833333 0.120000
vt 0.786667 0.213333
vt 0.880000 0.213333
vt 0.833333 0.120000
vt 0.786667 0.213333
vt 0.880000 0.213333
vt 0.833333 0.120000
vt 0.786667 0.213333
vt 0.880000 0.213333
vt 0.833333 0.120000
vt 0.786667 0.213333
vt 0.880000 0.213333
vt 0.833333 0.120000
vt 0.786667 0.213333
vt 0.880000 0.213333
vt 0.833333 0.120000
vt 0.786667 0.213333
vt 0.880000 0.213333
vt 0.833333 0.120000
vt 0.786667 0.213333
vt 0.880000 0.213333
vt 0.833333 0.120000
vt 0.786667 0.213333
vt 0.880000 0.213333
vt 0.833333 0.120000
vt 0.786667 0.213333
vt 0.880000 0.213333
vt 0.833333 0.120000
vt 0.786667 0.213333
vt 0.880000 0.213333
vt 0.833333 0.120000
vt 0.786667 0.213333
vt 0.880000 0.213333
vt 0.833333 0.120000
vt 0.786667 0.213333
vt 0.880000 0.213333
vt 0.833333 0.120000
vt 0.786667 0.213333
vt 0.880000 0.213333
vt 0.833333 0.120000
vt 0.786667 0.213333
vt 0.880000 0.213333
vt 0.833333 0.120000
vt 0.786667 0.213333
vt 0.880000 0.213333
vt 0.833333 0.120000
vt 0.786667 0.213333
vt 0.880000 0.213333
vt 0.833333 0.120000
vt 0.786667 0.213333
vt 0.880000 0.213333
vt 0.833333 0.120000
vt 0.786667 0.213333
vt 0.880000 0.213333
vt 0.833333 0.120000
vt 0.786667 0.213333
vt 0.880000 0.213333
vt 0.833333 0.120000
vt 0.786667 0.213333
vt 0.880000 0.213333
vt 0.833333 0.120000
vt 0.786667 0.213333
vt 0.880000 0.213333
vt 0.833333 0.120000
vt 0.786667 0.213333
vt 0.880000 0.213333
vt 0.833333 0.120000
vt 0.786667 0.213333
vt 0.880000 0.213333
vt 0.833333 0.120000
vt 0.786667 0.213333
vt 0.880000 0.213333
vt 0.833333 0.120000
vt 0.786667 0.213333
vt 0.880000 0.213333
vt 0.833333 0.120000
vn 0.175062 -0.950044 -0.258400
vn 0.837242 -0.122861 -0.532852
vn 0.995400 0.093502 0.020869
vn 0.837242 -0.122861 -0.532852
vn 0.801597 0.257849 -0.539404
vn 0.995400 0.093502 0.020869
vn 0.837242 -0.122861 -0.532852
vn 0.317148 -0.415609 -0.852459
vn 0.801597 0.257849 -0.539404
vn 0.317148 -0.415609 -0.852459
vn 0.301610 0.358744 -0.883365
vn 0.801597 0.257849 -0.539404
vn 0.317148 -0.415609 -0.852459
vn -0.111429 -0.648441 -0.753065
vn 0.301610 0.358744 -0.883365
vn -0.111429 -0.648441 -0.753065
vn -0.313581 0.357649 -0.879633
vn 0.301610 0.358744 -0.883365
vn -0.111429 -0.648441 -0.753065
vn -0.322171 -0.780978 -0.535050
vn -0.313581 0.357649 -0.879633
vn -0.322171 -0.780978 -0.535050
vn -0.808995 0.254982 -0.529633
vn -0.313581 0.357649 -0.879633
vn -0.322171 -0.780978 -0.535050
vn -0.399835 -0.865984 -0.300339
vn -0.808995 0.254982 -0.529633
vn -0.399835 -0.865984 -0.300339
vn -0.995400 0.089959 0.032946
vn -0.808995 0.254982 -0.529633
vn -0.399835 -0.865984 -0.300339
vn -0.378780 -0.924324 -0.046370
vn -0.995400 0.089959 0.032946
vn -0.378780 -0.924324 -0.046370
vn -0.801597 -0.074388 0.593219
vn -0.995400 0.089959 0.032946
vn -0.378780 -0.924324 -0.046370
vn -0.227315 -0.941890 0.247328
vn -0.801597 -0.074388 0.593219
vn -0.227315 -0.941890 0.247328
vn -0.301610 -0.175283 0.937180
vn -0.801597 -0.074388 0.593219
vn -0.227315 -0.941890 0.247328
vn 0.155465 -0.825028 0.543286
vn -0.301610 -0.175283 0.937180
vn 0.155465 -0.825028 0.543286
vn 0.313581 -0.174188 0.933448
vn -0.301610 -0.175283 0.937180
vn 0.155465 -0.825028 0.543286
vn 0.712116 -0.439708 0.547310
vn 0.313581 -0.174188 0.933448
vn 0.712116 -0.439708 0.547310
vn 0.808995 -0.071522 0.583448
vn 0.313581 -0.174188 0.933448
vn 0.712116 -0.439708 0.547310
vn 0.175062 -0.950044 -0.258400
vn 0.808995 -0.071522 0.583448
vn 0.175062 -0.950044 -0.258400
vn 0.995400 0.093502 0.020869
vn 0.808995 -0.071522 0.583448
vn 0.995400 0.093502 0.020869
vn 0.801597 0.257849 -0.539404
vn 0.197786 0.947042 0.252967
vn 0.801597 0.257849 -0.539404
vn 0.670340 0.563081 -0.483305
vn 0.197786 0.947042 0.252967
vn 0.801597 0.257849 -0.539404
vn 0.301610 0.358744 -0.883365
vn 0.670340 0.563081 -0.483305
vn 0.301610 0.358744 -0.883365
vn 0.142953 0.849373 -0.508065
vn 0.670340 0.563081 -0.483305
vn 0.301610 0.358744 -0.883365
vn -0.313581 0.357649 -0.879633
vn 0.142953 0.849373 -0.508065
vn -0.313581 0.357649 -0.879633
vn -0.235138 0.938352 -0.253389
vn 0.142953 0.849373 -0.508065
vn -0.313581 0.357649 -0.879633
vn -0.808995 0.254982 -0.529633
vn -0.235138 0.938352 -0.253389
vn -0.808995 0.254982 -0.529633
vn -0.398867 0.916257 0.037120
vn -0.235138 0.938352 -0.253389
vn -0.808995 0.254982 -0.529633
vn -0.995400 0.089959 0.032946
vn -0.398867 0.916257 0.037120
vn -0.995400 0.089959 0.032946
vn -0.422553 0.853992 0.303556
vn -0.398867 0.916257 0.037120
vn -0.995400 0.089959 0.032946
vn -0.801597 -0.074388 0.593219
vn -0.422553 0.853992 0.303556
vn -0.801597 -0.074388 0.593219
vn -0.334660 0.766249 0.548511
vn -0.422553 0.853992 0.303556
vn -0.801597 -0.074388 0.593219
vn -0.301610 -0.175283 0.937180
vn -0.334660 0.766249 0.548511
vn -0.301610 -0.175283 0.937180
vn -0.107932 0.641154 0.759784
vn -0.334660 0.766249 0.548511
vn -0.301610 -0.175283 0.937180
vn 0.313581 -0.174188 0.933448
vn -0.107932 0.641154 0.759784
vn 0.313581 -0.174188 0.933448
vn 0.311433 0.455744 0.833850
vn -0.107932 0.641154 0.759784
vn 0.313581 -0.174188 0.933448
vn 0.808995 -0.071522 0.583448
vn 0.311433 0.455744 0.833850
vn 0.808995 -0.071522 0.583448
vn 0.798948 0.262608 0.541035
vn 0.311433 0.455744 0.833850
vn 0.808995 -0.071522 0.583448
vn 0.995400 0.093502 0.020869
vn 0.798948 0.262608 0.541035
vn 0.995400 0.093502 0.020869
vn 0.197786 0.947042 0.252967
vn 0.798948 0.262608 0.541035
vn 0.175062 -0.950044 -0.258400
vn 0.317148 -0.415609 -0.852459
vn 0.837242 -0.122861 -0.532852
vn 0.197786 0.947042 0.252967
vn 0.670340 0.563081 -0.483305
vn 0.142953 0.849373 -0.508065
vn 0.175062 -0.950044 -0.258400
vn -0.111429 -0.648441 -0.753065
vn 0.317148 -0.415609 -0.852459
vn 0.197786 0.947042 0.252967
vn 0.142953 0.849373 -0.508065
vn -0.235138 0.938352 -0.253389
vn 0.175062 -0.950044 -0.258400
vn -0.322171 -0.780978 -0.535050
vn -0.111429 -0.648441 -0.753065
vn 0.197786 0.947042 0.252967
vn -0.235138 0.938352 -0.253389
vn -0.398867 0.916257 0.037120
vn 0.175062 -0.950044 -0.258400
vn -0.399835 -0.865984 -0.300339
vn -0.322171 -0.780978 -0.535050
vn 0.197786 0.947042 0.252967
vn -0.398867 0.916257 0.037120
vn -0.422553 0.853992 0.303556
vn 0.175062 -0.950044 -0.258400
vn -0.378780 -0.924324 -0.046370
vn -0.399835 -0.865984 -0.300339
vn 0.197786 0.947042 0.252967
vn -0.422553 0.853992 0.303556
vn -0.334660 0.766249 0.548511
vn 0.175062 -0.950044 -0.258400
vn -0.227315 -0.941890 0.247328
vn -0.378780 -0.924324 -0.046370
vn 0.197786 0.947042 0.252967
vn -0.334660 0.766249 0.548511
vn -0.107932 0.641154 0.759784
vn 0.175062 -0.950044 -0.258400
vn 0.155465 -0.825028 0.543286
vn -0.227315 -0.941890 0.247328
vn 0.197786 0.947042 0.252967
vn -0.107932 0.641154 0.759784
vn 0.311433 0.455744 0.833850
vn 0.175062 -0.950044 -0.258400
vn 0.712116 -0.439708 0.547310
vn 0.155465 -0.825028 0.543286
vn 0.197786 0.947042 0.252967
vn 0.311433 0.455744 0.833850
vn 0.798948 0.262608 0.541035
vn 0.000000 1.000000 0.000000
vn -0.236330 0.971673 0.000000
vn -0.182388 0.926915 0.327969
vn 0.000000 1.000000 0.000000
vn -0.182388 0.926915 0.327969
vn -0.065088 0.866000 0.495790
vn 0.000000 1.000000 0.000000
vn -0.065088 0.866000 0.495790
vn 0.065088 0.866000 0.495790
vn 0.000000 1.000000 0.000000
vn 0.065088 0.866000 0.495790
vn 0.182388 0.926915 0.327969
vn 0.000000 1.000000 0.000000
vn 0.182388 0.926915 0.327969
vn 0.236330 0.971673 0.000000
vn 0.000000 1.000000 0.000000
vn 0.236330 0.971673 0.000000
vn 0.182388 0.926915 -0.327969
vn 0.000000 1.000000 0.000000
vn 0.182388 0.926915 -0.327969
vn 0.065088 0.866000 -0.495790
vn 0.000000 1.000000 0.000000
vn 0.065088 0.866000 -0.495790
vn -0.065088 0.866000 -0.495790
vn 0.000000 1.000000 0.000000
vn -0.065088 0.866000 -0.495790
vn -0.182388 0.926915 -0.327969
vn 0.000000 1.000000 0.000000
vn -0.182388 0.926915 -0.327969
vn -0.236330 0.971673 -0.000000
vn -0.182388 0.926915 0.327969
vn -0.236330 0.971673 0.000000
vn -0.352611 0.688208 0.634063
vn -0.236330 0.971673 0.000000
vn -0.535040 0.844827 0.000000
vn -0.352611 0.688208 0.634063
vn -0.065088 0.866000 0.495790
vn -0.182388 0.926915 0.327969
vn -0.108381 0.553799 0.825567
vn -0.182388 0.926915 0.327969
vn -0.352611 0.688208 0.634063
vn -0.108381 0.553799 0.825567
vn 0.065088 0.866000 0.495790
vn -0.065088 0.866000 0.495790
vn 0.108381 0.553799 0.825567
vn -0.065088 0.866000 0.495790
vn -0.108381 0.553799 0.825567
vn 0.108381 0.553799 0.825567
vn 0.182388 0.926915 0.327969
vn 0.065088 0.866000 0.495790
vn 0.352611 0.688208 0.634063
vn 0.065088 0.866000 0.495790
vn 0.108381 0.553799 0.825567
vn 0.352611 0.688208 0.634063
vn 0.236330 0.971673 0.000000
vn 0.182388 0.926915 0.327969
vn 0.535040 0.844827 0.000000
vn 0.182388 0.926915 0.327969
vn 0.352611 0.688208 0.634063
vn 0.535040 0.844827 0.000000
vn 0.182388 0.926915 -0.327969
vn 0.236330 0.971673 0.000000
vn 0.352611 0.688208 -0.634063
vn 0.236330 0.971673 0.000000
vn 0.535040 0.844827 0.000000
vn 0.352611 0.688208 -0.634063
vn 0.065088 0.866000 -0.495790
vn 0.182388 0.926915 -0.327969
vn 0.108381 0.553799 -0.825567
vn 0.182388 0.926915 -0.327969
vn 0.352611 0.688208 -0.634063
vn 0.108381 0.553799 -0.825567
vn -0.065088 0.866000 -0.495790
vn 0.065088 0.866000 -0.495790
vn -0.108381 0.553799 -0.825567
vn 0.065088 0.866000 -0.495790
vn 0.108381 0.553799 -0.825567
vn -0.108381 0.553799 -0.825567
vn -0.182388 0.926915 -0.327969
vn -0.065088 0.866000 -0.495790
vn -0.352611 0.688208 -0.634063
vn -0.065088 0.866000 -0.495790
vn -0.108381 0.553799 -0.825567
vn -0.352611 0.688208 -0.634063
vn -0.236330 0.971673 -0.000000
vn -0.182388 0.926915 -0.327969
vn -0.535040 0.844827 -0.000000
vn -0.182388 0.926915 -0.327969
vn -0.352611 0.688208 -0.634063
vn -0.535040 0.844827 -0.000000
vn -0.352611 0.688208 0.634063
vn -0.535040 0.844827 0.000000
vn -0.469037 0.262007 0.843419
vn -0.535040 0.844827 0.000000
vn -0.911265 0.411821 0.000000
vn -0.469037 0.262007 0.843419
vn -0.108381 0.553799 0.825567
vn -0.352611 0.688208 0.634063
vn -0.127868 0.187000 0.974002
vn -0.352611 0.688208 0.634063
vn -0.469037 0.262007 0.843419
vn -0.127868 0.187000 0.974002
vn 0.108381 0.553799 0.825567
vn -0.108381 0.553799 0.825567
vn 0.127868 0.187000 0.974002
vn -0.108381 0.553799 0.825567
vn -0.127868 0.187000 0.974002
vn 0.127868 0.187000 0.974002
vn 0.352611 0.688208 0.634063
vn 0.108381 0.553799 0.825567
vn 0.469037 0.262007 0.843419
vn 0.108381 0.553799 0.825567
vn 0.127868 0.187000 0.974002
vn 0.469037 0.262007 0.843419
vn 0.535040 0.844827 0.000000
vn 0.352611 0.688208 0.634063
vn 0.911265 0.411821 0.000000
vn 0.352611 0.688208 0.634063
vn 0.469037 0.262007 0.843419
vn 0.911265 0.411821 0.000000
vn 0.352611 0.688208 -0.634063
vn 0.535040 0.844827 0.000000
vn 0.469037 0.262007 -0.843419
vn 0.535040 0.844827 0.000000
vn 0.911265 0.411821 0.000000
vn 0.469037 0.262007 -0.843419
vn 0.108381 0.553799 -0.825567
vn 0.352611 0.688208 -0.634063
vn 0.127868 0.187000 -0.974002
vn 0.352611 0.688208 -0.634063
vn 0.469037 0.262007 -0.843419
vn 0.127868 0.187000 -0.974002
vn -0.108381 0.553799 -0.825567
vn 0.108381 0.553799 -0.825567
vn -0.127868 0.187000 -0.974002
vn 0.108381 0.553799 -0.825567
vn 0.127868 0.187000 -0.974002
vn -0.127868 0.187000 -0.974002
vn -0.352611 0.688208 -0.634063
vn -0.108381 0.553799 -0.825567
vn -0.469037 0.262007 -0.843419
vn -0.108381 0.553799 -0.825567
vn -0.127868 0.187000 -0.974002
vn -0.469037 0.262007 -0.843419
vn -0.535040 0.844827 -0.000000
vn -0.352611 0.688208 -0.634063
vn -0.911265 0.411821 -0.000000
vn -0.352611 0.688208 -0.634063
vn -0.469037 0.262007 -0.843419
vn -0.911265 0.411821 -0.000000
vn -0.469037 0.262007 0.843419
vn -0.911265 0.411821 0.000000
vn -0.469037 -0.262007 0.843419
vn -0.911265 0.411821 0.000000
vn -0.911265 -0.411821 0.000000
vn -0.469037 -0.262007 0.843419
vn -0.127868 0.187000 0.974002
vn -0.469037 0.262007 0.843419
vn -0.127868 -0.187000 0.974002
vn -0.469037 0.262007 0.843419
vn -0.469037 -0.262007 0.843419
vn -0.127868 -0.187000 0.974002
vn 0.127868 0.187000 0.974002
vn -0.127868 0.187000 0.974002
vn 0.127868 -0.187000 0.974002
vn -0.127868 0.187000 0.974002
vn -0.127868 -0.187000 0.974002
vn 0.127868 -0.187000 0.974002
vn 0.469037 0.262007 0.843419
vn 0.127868 0.187000 0.974002
vn 0.469037 -0.262007 0.843419
vn 0.127868 0.187000 0.974002
vn 0.127868 -0.187000 0.974002
vn 0.469037 -0.262007 0.843419
vn 0.911265 0.411821 0.000000
vn 0.469037 0.262007 0.843419
vn 0.911265 -0.411821 0.000000
vn 0.469037 0.262007 0.843419
vn 0.469037 -0.262007 0.843419
vn 0.911265 -0.411821 0.000000
vn 0.469037 0.262007 -0.843419
vn 0.911265 0.411821 0.000000
vn 0.469037 -0.262007 -0.843419
vn 0.911265 0.411821 0.000000
vn 0.911265 -0.411821 0.000000
vn 0.469037 -0.262007 -0.843419
vn 0.127868 0.187000 -0.974002
vn 0.469037 0.262007 -0.843419
vn 0.127868 -0.187000 -0.974002
vn 0.469037 0.262007 -0.843419
vn 0.469037 -0.262007 -0.843419
vn 0.127868 -0.187000 -0.974002
vn -0.127868 0.187000 -0.974002
vn 0.127868 0.187000 -0.974002
vn -0.127868 -0.187000 -0.974002
vn 0.127868 0.187000 -0.974002
vn 0.127868 -0.187000 -0.974002
vn -0.127868 -0.187000 -0.974002
vn -0.469037 0.262007 -0.843419
vn -0.127868 0.187000 -0.974002
vn -0.469037 -0.262007 -0.843419
vn -0.127868 0.187000 -0.974002
vn -0.127868 -0.187000 -0.974002
vn -0.469037 -0.262007 -0.843419
vn -0.911265 0.411821 -0.000000
vn -0.469037 0.262007 -0.843419
vn -0.911265 -0.411821 -0.000000
vn -0.469037 0.262007 -0.843419
vn -0.469037 -0.262007 -0.843419
vn -0.911265 -0.411821 -0.000000
vn -0.469037 -0.262007 0.843419
vn -0.911265 -0.411821 0.000000
vn -0.352611 -0.688208 0.634063
vn -0.911265 -0.411821 0.000000
vn -0.535040 -0.844827 0.000000
vn -0.352611 -0.688208 0.634063
vn -0.127868 -0.187000 0.974002
vn -0.469037 -0.262007 0.843419
vn -0.108381 -0.553799 0.825567
vn -0.469037 -0.262007 0.843419
vn -0.352611 -0.688208 0.634063
vn -0.108381 -0.553799 0.825567
vn 0.127868 -0.187000 0.974002
vn -0.127868 -0.187000 0.974002
vn 0.108381 -0.553799 0.825567
vn -0.127868 -0.187000 0.974002
vn -0.108381 -0.553799 0.825567
vn 0.108381 -0.553799 0.825567
vn 0.469037 -0.262007 0.843419
vn 0.127868 -0.187000 0.974002
vn 0.352611 -0.688208 0.634063
vn 0.127868 -0.187000 0.974002
vn 0.108381 -0.553799 0.825567
vn 0.352611 -0.688208 0.634063
vn 0.911265 -0.411821 0.000000
vn 0.469037 -0.262007 0.843419
vn 0.535040 -0.844827 0.000000
vn 0.469037 -0.262007 0.843419
vn 0.352611 -0.688208 0.634063
vn 0.535040 -0.844827 0.000000
vn 0.469037 -0.262007 -0.843419
vn 0.911265 -0.411821 0.000000
vn 0.352611 -0.688208 -0.634063
vn 0.911265 -0.411821 0.000000
vn 0.535040 -0.844827 0.000000
vn 0.352611 -0.688208 -0.634063
vn 0.127868 -0.187000 -0.974002
vn 0.469037 -0.262007 -0.843419
vn 0.108381 -0.553799 -0.825567
vn 0.469037 -0.262007 -0.843419
vn 0.352611 -0.688208 -0.634063
vn 0.108381 -0.553799 -0.825567
vn -0.127868 -0.187000 -0.974002
vn 0.127868 -0.187000 -0.974002
vn -0.108381 -0.553799 -0.825567
vn 0.127868 -0.187000 -0.974002
vn 0.108381 -0.553799 -0.825567
vn -0.108381 -0.553799 -0.825567
vn -0.469037 -0.262007 -0.843419
vn -0.127868 -0.187000 -0.974002
vn -0.352611 -0.688208 -0.634063
vn -0.127868 -0.187000 -0.974002
vn -0.108381 -0.553799 -0.825567
vn -0.352611 -0.688208 -0.634063
vn -0.911265 -0.411821 -0.000000
vn -0.469037 -0.262007 -0.843419
vn -0.535040 -0.844827 -0.000000
vn -0.469037 -0.262007 -0.843419
vn -0.352611 -0.688208 -0.634063
vn -0.535040 -0.844827 -0.000000
vn -0.352611 -0.688208 0.634063
vn -0.535040 -0.844827 0.000000
vn -0.182388 -0.926915 0.327969
vn -0.535040 -0.844827 0.000000
vn -0.236330 -0.971673 0.000000
vn -0.182388 -0.926915 0.327969
vn -0.108381 -0.553799 0.825567
vn -0.352611 -0.688208 0.634063
vn -0.065088 -0.866000 0.495790
vn -0.352611 -0.688208 0.634063
vn -0.182388 -0.926915 0.327969
vn -0.065088 -0.866000 0.495790
vn 0.108381 -0.553799 0.825567
vn -0.108381 -0.553799 0.825567
vn 0.065088 -0.866000 0.495790
vn -0.108381 -0.553799 0.825567
vn -0.065088 -0.866000 0.495790
vn 0.065088 -0.866000 0.495790
vn 0.352611 -0.688208 0.634063
vn 0.108381 -0.553799 0.825567
vn 0.182388 -0.926915 0.327969
vn 0.108381 -0.553799 0.825567
vn 0.065088 -0.866000 0.495790
vn 0.182388 -0.926915 0.327969
vn 0.535040 -0.844827 0.000000
vn 0.352611 -0.688208 0.634063
vn 0.236330 -0.971673 0.000000
vn 0.352611 -0.688208 0.634063
vn 0.182388 -0.926915 0.327969
vn 0.236330 -0.971673 0.000000
vn 0.352611 -0.688208 -0.634063
vn 0.535040 -0.844827 0.000000
vn 0.182388 -0.926915 -0.327969
vn 0.535040 -0.844827 0.000000
vn 0.236330 -0.971673 0.000000
vn 0.182388 -0.926915 -0.327969
vn 0.108381 -0.553799 -0.825567
vn 0.352611 -0.688208 -0.634063
vn 0.065088 -0.866000 -0.495790
vn 0.352611 -0.688208 -0.634063
vn 0.182388 -0.926915 -0.327969
vn 0.065088 -0.866000 -0.495790
vn -0.108381 -0.553799 -0.825567
vn 0.108381 -0.553799 -0.825567
vn -0.065088 -0.866000 -0.495790
vn 0.108381 -0.553799 -0.825567
vn 0.065088 -0.866000 -0.495790
vn -0.065088 -0.866000 -0.495790
vn -0.352611 -0.688208 -0.634063
vn -0.108381 -0.553799 -0.825567
vn -0.182388 -0.926915 -0.327969
vn -0.108381 -0.553799 -0.825567
vn -0.065088 -0.866000 -0.495790
vn -0.182388 -0.926915 -0.327969
vn -0.535040 -0.844827 -0.000000
vn -0.352611 -0.688208 -0.634063
vn -0.236330 -0.971673 -0.000000
vn -0.352611 -0.688208 -0.634063
vn -0.182388 -0.926915 -0.327969
vn -0.236330 -0.971673 -0.000000
vn -0.182388 -0.926915 0.327969
vn -0.236330 -0.971673 0.000000
vn -0.000000 -1.000000 0.000000
vn -0.065088 -0.866000 0.495790
vn -0.182388 -0.926915 0.327969
vn -0.000000 -1.000000 0.000000
vn 0.065088 -0.866000 0.495790
vn -0.065088 -0.866000 0.495790
vn 0.000000 -1.000000 0.000000
vn 0.182388 -0.926915 0.327969
vn 0.065088 -0.866000 0.495790
vn 0.000000 -1.000000 0.000000
vn 0.236330 -0.971673 0.000000
vn 0.182388 -0.926915 0.327969
vn 0.000000 -1.000000 0.000000
vn 0.182388 -0.926915 -0.327969
vn 0.236330 -0.971673 0.000000
vn 0.000000 -1.000000 -0.000000
vn 0.065088 -0.866000 -0.495790
vn 0.182388 -0.926915 -0.327969
vn 0.000000 -1.000000 -0.000000
vn -0.065088 -0.866000 -0.495790
vn 0.065088 -0.866000 -0.495790
vn -0.000000 -1.000000 -0.000000
vn -0.182388 -0.926915 -0.327969
vn -0.065088 -0.866000 -0.495790
vn -0.000000 -1.000000 -0.000000
vn -0.236330 -0.971673 -0.000000
vn -0.182388 -0.926915 -0.327969
vn -0.000000 -1.000000 -0.000000
vn 0.000000 1.000000 0.000000
vn -0.673878 0.738842 0.000000
vn -0.524532 0.813312 0.251775
vn 0.000000 1.000000 0.000000
vn -0.524532 0.813312 0.251775
vn -0.000000 0.916058 0.401046
vn 0.000000 1.000000 0.000000
vn -0.000000 0.916058 0.401046
vn 0.524532 0.813312 0.251775
vn 0.000000 1.000000 0.000000
vn 0.524532 0.813312 0.251775
vn 0.673878 0.738842 0.000000
vn 0.000000 1.000000 0.000000
vn 0.673878 0.738842 0.000000
vn 0.524532 0.813312 -0.251775
vn 0.000000 1.000000 0.000000
vn 0.524532 0.813312 -0.251775
vn 0.000000 0.916058 -0.401046
vn 0.000000 1.000000 0.000000
vn 0.000000 0.916058 -0.401046
vn -0.524532 0.813312 -0.251775
vn 0.000000 1.000000 0.000000
vn -0.524532 0.813312 -0.251775
vn -0.673878 0.738842 -0.000000
vn -0.524532 0.813312 0.251775
vn -0.673878 0.738842 0.000000
vn -0.794303 0.472989 0.381266
vn -0.673878 0.738842 0.000000
vn -0.921631 0.388067 0.000000
vn -0.794303 0.472989 0.381266
vn -0.000000 0.916058 0.401046
vn -0.524532 0.813312 0.251775
vn -0.000000 0.659450 0.751749
vn -0.524532 0.813312 0.251775
vn -0.794303 0.472989 0.381266
vn -0.000000 0.659450 0.751749
vn 0.524532 0.813312 0.251775
vn -0.000000 0.916058 0.401046
vn 0.794303 0.472989 0.381266
vn -0.000000 0.916058 0.401046
vn -0.000000 0.659450 0.751749
vn 0.794303 0.472989 0.381266
vn 0.673878 0.738842 0.000000
vn 0.524532 0.813312 0.251775
vn 0.921631 0.388067 0.000000
vn 0.524532 0.813312 0.251775
vn 0.794303 0.472989 0.381266
vn 0.921631 0.388067 0.000000
vn 0.524532 0.813312 -0.251775
vn 0.673878 0.738842 0.000000
vn 0.794303 0.472989 -0.381266
vn 0.673878 0.738842 0.000000
vn 0.921631 0.388067 0.000000
vn 0.794303 0.472989 -0.381266
vn 0.000000 0.916058 -0.401046
vn 0.524532 0.813312 -0.251775
vn 0.000000 0.659450 -0.751749
vn 0.524532 0.813312 -0.251775
vn 0.794303 0.472989 -0.381266
vn 0.000000 0.659450 -0.751749
vn -0.524532 0.813312 -0.251775
vn 0.000000 0.916058 -0.401046
vn -0.794303 0.472989 -0.381266
vn 0.000000 0.916058 -0.401046
vn 0.000000 0.659450 -0.751749
vn -0.794303 0.472989 -0.381266
vn -0.673878 0.738842 -0.000000
vn -0.524532 0.813312 -0.251775
vn -0.921631 0.388067 -0.000000
vn -0.524532 0.813312 -0.251775
vn -0.794303 0.472989 -0.381266
vn -0.921631 0.388067 -0.000000
vn -0.794303 0.472989 0.381266
vn -0.921631 0.388067 0.000000
vn -0.891067 0.151865 0.427712
vn -0.921631 0.388067 0.000000
vn -0.992817 0.119647 0.000000
vn -0.891067 0.151865 0.427712
vn -0.000000 0.659450 0.751749
vn -0.794303 0.472989 0.381266
vn -0.000000 0.243510 0.969898
vn -0.794303 0.472989 0.381266
vn -0.891067 0.151865 0.427712
vn -0.000000 0.243510 0.969898
vn 0.794303 0.472989 0.381266
vn -0.000000 0.659450 0.751749
vn 0.891067 0.151865 0.427712
vn -0.000000 0.659450 0.751749
vn -0.000000 0.243510 0.969898
vn 0.891067 0.151865 0.427712
vn 0.921631 0.388067 0.000000
vn 0.794303 0.472989 0.381266
vn 0.992817 0.119647 0.000000
vn 0.794303 0.472989 0.381266
vn 0.891067 0.151865 0.427712
vn 0.992817 0.119647 0.000000
vn 0.794303 0.472989 -0.381266
vn 0.921631 0.388067 0.000000
vn 0.891067 0.151865 -0.427712
vn 0.921631 0.388067 0.000000
vn 0.992817 0.119647 0.000000
vn 0.891067 0.151865 -0.427712
vn 0.000000 0.659450 -0.751749
vn 0.794303 0.472989 -0.381266
vn 0.000000 0.243510 -0.969898
vn 0.794303 0.472989 -0.381266
vn 0.891067 0.151865 -0.427712
vn 0.000000 0.243510 -0.969898
vn -0.794303 0.472989 -0.381266
vn 0.000000 0.659450 -0.751749
vn -0.891067 0.151865 -0.427712
vn 0.000000 0.659450 -0.751749
vn 0.000000 0.243510 -0.969898
vn -0.891067 0.151865 -0.427712
vn -0.921631 0.388067 -0.000000
vn -0.794303 0.472989 -0.381266
vn -0.992817 0.119647 -0.000000
vn -0.794303 0.472989 -0.381266
vn -0.891067 0.151865 -0.427712
vn -0.992817 0.119647 -0.000000
vn -0.891067 0.151865 0.427712
vn -0.992817 0.119647 0.000000
vn -0.891067 -0.151865 0.427712
vn -0.992817 0.119647 0.000000
vn -0.992817 -0.119647 0.000000
vn -0.891067 -0.151865 0.427712
vn -0.000000 0.243510 0.969898
vn -0.891067 0.151865 0.427712
vn -0.000000 -0.243510 0.969898
vn -0.891067 0.151865 0.427712
vn -0.891067 -0.151865 0.427712
vn -0.000000 -0.243510 0.969898
vn 0.891067 0.151865 0.427712
vn -0.000000 0.243510 0.969898
vn 0.891067 -0.151865 0.427712
vn -0.000000 0.243510 0.969898
vn -0.000000 -0.243510 0.969898
vn 0.891067 -0.151865 0.427712
vn 0.992817 0.119647 0.000000
vn 0.891067 0.151865 0.427712
vn 0.992817 -0.119647 0.000000
vn 0.891067 0.151865 0.427712
vn 0.891067 -0.151865 0.427712
vn 0.992817 -0.119647 0.000000
vn 0.891067 0.151865 -0.427712
vn 0.992817 0.119647 0.000000
vn 0.891067 -0.151865 -0.427712
vn 0.992817 0.119647 0.000000
vn 0.992817 -0.119647 0.000000
vn 0.891067 -0.151865 -0.427712
vn 0.000000 0.243510 -0.969898
vn 0.891067 0.151865 -0.427712
vn 0.000000 -0.243510 -0.969898
vn 0.891067 0.151865 -0.427712
vn 0.891067 -0.151865 -0.427712
vn 0.000000 -0.243510 -0.969898
vn -0.891067 0.151865 -0.427712
vn 0.000000 0.243510 -0.969898
vn -0.891067 -0.151865 -0.427712
vn 0.000000 0.243510 -0.969898
vn 0.000000 -0.243510 -0.969898
vn -0.891067 -0.151865 -0.427712
vn -0.992817 0.119647 -0.000000
vn -0.891067 0.151865 -0.427712
vn -0.992817 -0.119647 -0.000000
vn -0.891067 0.151865 -0.427712
vn -0.891067 -0.151865 -0.427712
vn -0.992817 -0.119647 -0.000000
vn -0.891067 -0.151865 0.427712
vn -0.992817 -0.119647 0.000000
vn -0.794303 -0.472989 0.381266
vn -0.992817 -0.119647 0.000000
vn -0.921631 -0.388067 0.000000
vn -0.794303 -0.472989 0.381266
vn -0.000000 -0.243510 0.969898
vn -0.891067 -0.151865 0.427712
vn -0.000000 -0.659450 0.751749
vn -0.891067 -0.151865 0.427712
vn -0.794303 -0.472989 0.381266
vn -0.000000 -0.659450 0.751749
vn 0.891067 -0.151865 0.427712
vn -0.000000 -0.243510 0.969898
vn 0.794303 -0.472989 0.381266
vn -0.000000 -0.243510 0.969898
vn -0.000000 -0.659450 0.751749
vn 0.794303 -0.472989 0.381266
vn 0.992817 -0.119647 0.000000
vn 0.891067 -0.151865 0.427712
vn 0.921631 -0.388067 0.000000
vn 0.891067 -0.151865 0.427712
vn 0.794303 -0.472989 0.381266
vn 0.921631 -0.388067 0.000000
vn 0.891067 -0.151865 -0.427712
vn 0.992817 -0.119647 0.000000
vn 0.794303 -0.472989 -0.381266
vn 0.992817 -0.119647 0.000000
vn 0.921631 -0.388067 0.000000
vn 0.794303 -0.472989 -0.381266
vn 0.000000 -0.243510 -0.969898
vn 0.891067 -0.151865 -0.427712
vn 0.000000 -0.659450 -0.751749
vn 0.891067 -0.151865 -0.427712
vn 0.794303 -0.472989 -0.381266
vn 0.000000 -0.659450 -0.751749
vn -0.891067 -0.151865 -0.427712
vn 0.000000 -0.243510 -0.969898
vn -0.794303 -0.472989 -0.381266
vn 0.000000 -0.243510 -0.969898
vn 0.000000 -0.659450 -0.751749
vn -0.794303 -0.472989 -0.381266
vn -0.992817 -0.119647 -0.000000
vn -0.891067 -0.151865 -0.427712
vn -0.921631 -0.388067 -0.000000
vn -0.891067 -0.151865 -0.427712
vn -0.794303 -0.472989 -0.381266
vn -0.921631 -0.388067 -0.000000
vn -0.794303 -0.472989 0.381266
vn -0.921631 -0.388067 0.000000
vn -0.524532 -0.813312 0.251775
vn -0.921631 -0.388067 0.000000
vn -0.673878 -0.738842 0.000000
vn -0.524532 -0.813312 0.251775
vn -0.000000 -0.659450 0.751749
vn -0.794303 -0.472989 0.381266
vn -0.000000 -0.916058 0.401046
vn -0.794303 -0.472989 0.381266
vn -0.524532 -0.813312 0.251775
vn -0.000000 -0.916058 0.401046
vn 0.794303 -0.472989 0.381266
vn -0.000000 -0.659450 0.751749
vn 0.524532 -0.813312 0.251775
vn -0.000000 -0.659450 0.751749
vn -0.000000 -0.916058 0.401046
vn 0.524532 -0.813312 0.251775
vn 0.921631 -0.388067 0.000000
vn 0.794303 -0.472989 0.381266
vn 0.673878 -0.738842 0.000000
vn 0.794303 -0.472989 0.381266
vn 0.524532 -0.813312 0.251775
vn 0.673878 -0.738842 0.000000
vn 0.794303 -0.472989 -0.381266
vn 0.921631 -0.388067 0.000000
vn 0.524532 -0.813312 -0.251775
vn 0.921631 -0.388067 0.000000
vn 0.673878 -0.738842 0.000000
vn 0.524532 -0.813312 -0.251775
vn 0.000000 -0.659450 -0.751749
vn 0.794303 -0.472989 -0.381266
vn 0.000000 -0.916058 -0.401046
vn 0.794303 -0.472989 -0.381266
vn 0.524532 -0.813312 -0.251775
vn 0.000000 -0.916058 -0.401046
vn -0.794303 -0.472989 -0.381266
vn 0.000000 -0.659450 -0.751749
vn -0.524532 -0.813312 -0.251775
vn 0.000000 -0.659450 -0.751749
vn 0.000000 -0.916058 -0.401046
vn -0.524532 -0.813312 -0.251775
vn -0.921631 -0.388067 -0.000000
vn -0.794303 -0.472989 -0.381266
vn -0.673878 -0.738842 -0.000000
vn -0.794303 -0.472989 -0.381266
vn -0.524532 -0.813312 -0.251775
vn -0.673878 -0.738842 -0.000000
vn -0.524532 -0.813312 0.251775
vn -0.673878 -0.738842 0.000000
vn -0.000000 -1.000000 0.000000
vn -0.000000 -0.916058 0.401046
vn -0.524532 -0.813312 0.251775
vn -0.000000 -1.000000 0.000000
vn 0.524532 -0.813312 0.251775
vn -0.000000 -0.916058 0.401046
vn 0.000000 -1.000000 0.000000
vn 0.673878 -0.738842 0.000000
vn 0.524532 -0.813312 0.251775
vn 0.000000 -1.000000 0.000000
vn 0.524532 -0.813312 -0.251775
vn 0.673878 -0.738842 0.000000
vn 0.000000 -1.000000 -0.000000
vn 0.000000 -0.916058 -0.401046
vn 0.524532 -0.813312 -0.251775
vn 0.000000 -1.000000 -0.000000
vn -0.524532 -0.813312 -0.251775
vn 0.000000 -0.916058 -0.401046
vn -0.000000 -1.000000 -0.000000
vn -0.673878 -0.738842 -0.000000
vn -0.524532 -0.813312 -0.251775
vn -0.000000 -1.000000 -0.000000
vn -0.173388 -0.433611 0.884261
vn 0.102679 0.735357 0.669856
vn -0.677529 0.332788 0.655901
vn 0.102679 0.735357 0.669856
vn 0.200994 0.942179 0.268142
vn -0.677529 0.332788 0.655901
vn 0.102679 0.735357 0.669856
vn 0.961621 0.273602 -0.020664
vn 0.200994 0.942179 0.268142
vn 0.961621 0.273602 -0.020664
vn 0.582586 0.444324 -0.680566
vn 0.200994 0.942179 0.268142
vn 0.961621 0.273602 -0.020664
vn 0.618107 -0.594865 -0.513887
vn 0.582586 0.444324 -0.680566
vn 0.618107 -0.594865 -0.513887
vn -0.060101 -0.472759 -0.879140
vn 0.582586 0.444324 -0.680566
vn 0.618107 -0.594865 -0.513887
vn -0.515855 -0.828410 -0.218245
vn -0.060101 -0.472759 -0.879140
vn -0.515855 -0.828410 -0.218245
vn -0.838895 -0.541692 -0.053157
vn -0.060101 -0.472759 -0.879140
vn -0.515855 -0.828410 -0.218245
vn -0.173388 -0.433611 0.884261
vn -0.838895 -0.541692 -0.053157
vn -0.173388 -0.433611 0.884261
vn -0.677529 0.332788 0.655901
vn -0.838895 -0.541692 -0.053157
vn -0.677529 0.332788 0.655901
vn 0.200994 0.942179 0.268142
vn -0.466620 0.551111 0.691768
vn 0.200994 0.942179 0.268142
vn 0.415081 0.908322 0.051554
vn -0.466620 0.551111 0.691768
vn 0.200994 0.942179 0.268142
vn 0.582586 0.444324 -0.680566
vn 0.415081 0.908322 0.051554
vn 0.582586 0.444324 -0.680566
vn 0.529212 0.182028 -0.828734
vn 0.415081 0.908322 0.051554
vn 0.582586 0.444324 -0.680566
vn -0.060101 -0.472759 -0.879140
vn 0.529212 0.182028 -0.828734
vn -0.060101 -0.472759 -0.879140
vn -0.277093 -0.626833 -0.728217
vn 0.529212 0.182028 -0.828734
vn -0.060101 -0.472759 -0.879140
vn -0.838895 -0.541692 -0.053157
vn -0.277093 -0.626833 -0.728217
vn -0.838895 -0.541692 -0.053157
vn -0.890485 -0.401381 0.214312
vn -0.277093 -0.626833 -0.728217
vn -0.838895 -0.541692 -0.053157
vn -0.677529 0.332788 0.655901
vn -0.890485 -0.401381 0.214312
vn -0.677529 0.332788 0.655901
vn -0.466620 0.551111 0.691768
vn -0.890485 -0.401381 0.214312
vn -0.173388 -0.433611 0.884261
vn 0.961621 0.273602 -0.020664
vn 0.102679 0.735357 0.669856
vn -0.466620 0.551111 0.691768
vn 0.415081 0.908322 0.051554
vn 0.529212 0.182028 -0.828734
vn -0.173388 -0.433611 0.884261
vn 0.618107 -0.594865 -0.513887
vn 0.961621 0.273602 -0.020664
vn -0.466620 0.551111 0.691768
vn 0.529212 0.182028 -0.828734
vn -0.277093 -0.626833 -0.728217
vn -0.173388 -0.433611 0.884261
vn -0.515855 -0.828410 -0.218245
vn 0.618107 -0.594865 -0.513887
vn -0.466620 0.551111 0.691768
vn -0.277093 -0.626833 -0.728217
vn -0.890485 -0.401381 0.214312
vn 0.000000 1.000000 0.000000
vn -0.673878 0.738842 0.000000
vn -0.524532 0.813312 0.251775
vn 0.000000 1.000000 0.000000
vn -0.524532 0.813312 0.251775
vn -0.000000 0.916058 0.401046
vn 0.000000 1.000000 0.000000
vn -0.000000 0.916058 0.401046
vn 0.524532 0.813312 0.251775
vn 0.000000 1.000000 0.000000
vn 0.524532 0.813312 0.251775
vn 0.673878 0.738842 0.000000
vn 0.000000 1.000000 0.000000
vn 0.673878 0.738842 0.000000
vn 0.524532 0.813312 -0.251775
vn 0.000000 1.000000 0.000000
vn 0.524532 0.813312 -0.251775
vn 0.000000 0.916058 -0.401046
vn 0.000000 1.000000 0.000000
vn 0.000000 0.916058 -0.401046
vn -0.524532 0.813312 -0.251775
vn 0.000000 1.000000 0.000000
vn -0.524532 0.813312 -0.251775
vn -0.673878 0.738842 -0.000000
vn -0.524532 0.813312 0.251775
vn -0.673878 0.738842 0.000000
vn -0.794303 0.472989 0.381266
vn -0.673878 0.738842 0.000000
vn -0.921631 0.388067 0.000000
vn -0.794303 0.472989 0.381266
vn -0.000000 0.916058 0.401046
vn -0.524532 0.813312 0.251775
vn -0.000000 0.659450 0.751749
vn -0.524532 0.813312 0.251775
vn -0.794303 0.472989 0.381266
vn -0.000000 0.659450 0.751749
vn 0.524532 0.813312 0.251775
vn -0.000000 0.916058 0.401046
vn 0.794303 0.472989 0.381266
vn -0.000000 0.916058 0.401046
vn -0.000000 0.659450 0.751749
vn 0.794303 0.472989 0.381266
vn 0.673878 0.738842 0.000000
vn 0.524532 0.813312 0.251775
vn 0.921631 0.388067 0.000000
vn 0.524532 0.813312 0.251775
vn 0.794303 0.472989 0.381266
vn 0.921631 0.388067 0.000000
vn 0.524532 0.813312 -0.251775
vn 0.673878 0.738842 0.000000
vn 0.794303 0.472989 -0.381266
vn 0.673878 0.738842 0.000000
vn 0.921631 0.388067 0.000000
vn 0.794303 0.472989 -0.381266
vn 0.000000 0.916058 -0.401046
vn 0.524532 0.813312 -0.251775
vn 0.000000 0.659450 -0.751749
vn 0.524532 0.813312 -0.251775
vn 0.794303 0.472989 -0.381266
vn 0.000000 0.659450 -0.751749
vn -0.524532 0.813312 -0.251775
vn 0.000000 0.916058 -0.401046
vn -0.794303 0.472989 -0.381266
vn 0.000000 0.916058 -0.401046
vn 0.000000 0.659450 -0.751749
vn -0.794303 0.472989 -0.381266
vn -0.673878 0.738842 -0.000000
vn -0.524532 0.813312 -0.251775
vn -0.921631 0.388067 -0.000000
vn -0.524532 0.813312 -0.251775
vn -0.794303 0.472989 -0.381266
vn -0.921631 0.388067 -0.000000
vn -0.794303 0.472989 0.381266
vn -0.921631 0.388067 0.000000
vn -0.891067 0.151865 0.427712
vn -0.921631 0.388067 0.000000
vn -0.992817 0.119647 0.000000
vn -0.891067 0.151865 0.427712
vn -0.000000 0.659450 0.751749
vn -0.794303 0.472989 0.381266
vn -0.000000 0.243510 0.969898
vn -0.794303 0.472989 0.381266
vn -0.891067 0.151865 0.427712
vn -0.000000 0.243510 0.969898
vn 0.794303 0.472989 0.381266
vn -0.000000 0.659450 0.751749
vn 0.891067 0.151865 0.427712
vn -0.000000 0.659450 0.751749
vn -0.000000 0.243510 0.969898
vn 0.891067 0.151865 0.427712
vn 0.921631 0.388067 0.000000
vn 0.794303 0.472989 0.381266
vn 0.992817 0.119647 0.000000
vn 0.794303 0.472989 0.381266
vn 0.891067 0.151865 0.427712
vn 0.992817 0.119647 0.000000
vn 0.794303 0.472989 -0.381266
vn 0.921631 0.388067 0.000000
vn 0.891067 0.151865 -0.427712
vn 0.921631 0.388067 0.000000
vn 0.992817 0.119647 0.000000
vn 0.891067 0.151865 -0.427712
vn 0.000000 0.659450 -0.751749
vn 0.794303 0.472989 -0.381266
vn 0.000000 0.243510 -0.969898
vn 0.794303 0.472989 -0.381266
vn 0.891067 0.151865 -0.427712
vn 0.000000 0.243510 -0.969898
vn -0.794303 0.472989 -0.381266
vn 0.000000 0.659450 -0.751749
vn -0.891067 0.151865 -0.427712
vn 0.000000 0.659450 -0.751749
vn 0.000000 0.243510 -0.969898
vn -0.891067 0.151865 -0.427712
vn -0.921631 0.388067 -0.000000
vn -0.794303 0.472989 -0.381266
vn -0.992817 0.119647 -0.000000
vn -0.794303 0.472989 -0.381266
vn -0.891067 0.151865 -0.427712
vn -0.992817 0.119647 -0.000000
vn -0.891067 0.151865 0.427712
vn -0.992817 0.119647 0.000000
vn -0.891067 -0.151865 0.427712
vn -0.992817 0.119647 0.000000
vn -0.992817 -0.119647 0.000000
vn -0.891067 -0.151865 0.427712
vn -0.000000 0.243510 0.969898
vn -0.891067 0.151865 0.427712
vn -0.000000 -0.243510 0.969898
vn -0.891067 0.151865 0.427712
vn -0.891067 -0.151865 0.427712
vn -0.000000 -0.243510 0.969898
vn 0.891067 0.151865 0.427712
vn -0.000000 0.243510 0.969898
vn 0.891067 -0.151865 0.427712
vn -0.000000 0.243510 0.969898
vn -0.000000 -0.243510 0.969898
vn 0.891067 -0.151865 0.427712
vn 0.992817 0.119647 0.000000
vn 0.891067 0.151865 0.427712
vn 0.992817 -0.119647 0.000000
vn 0.891067 0.151865 0.427712
vn 0.891067 -0.151865 0.427712
vn 0.992817 -0.119647 0.000000
vn 0.891067 0.151865 -0.427712
vn 0.992817 0.119647 0.000000
vn 0.891067 -0.151865 -0.427712
vn 0.992817 0.119647 0.000000
vn 0.992817 -0.119647 0.000000
vn 0.891067 -0.151865 -0.427712
vn 0.000000 0.243510 -0.969898
vn 0.891067 0.151865 -0.427712
vn 0.000000 -0.243510 -0.969898
vn 0.891067 0.151865 -0.427712
vn 0.891067 -0.151865 -0.427712
vn 0.000000 -0.243510 -0.969898
vn -0.891067 0.151865 -0.427712
vn 0.000000 0.243510 -0.969898
vn -0.891067 -0.151865 -0.427712
vn 0.000000 0.243510 -0.969898
vn 0.000000 -0.243510 -0.969898
vn -0.891067 -0.151865 -0.427712
vn -0.992817 0.119647 -0.000000
vn -0.891067 0.151865 -0.427712
vn -0.992817 -0.119647 -0.000000
vn -0.891067 0.151865 -0.427712
vn -0.891067 -0.151865 -0.427712
vn -0.992817 -0.119647 -0.000000
vn -0.891067 -0.151865 0.427712
vn -0.992817 -0.119647 0.000000
vn -0.794303 -0.472989 0.381266
vn -0.992817 -0.119647 0.000000
vn -0.921631 -0.388067 0.000000
vn -0.794303 -0.472989 0.381266
vn -0.000000 -0.243510 0.969898
vn -0.891067 -0.151865 0.427712
vn -0.000000 -0.659450 0.751749
vn -0.891067 -0.151865 0.427712
vn -0.794303 -0.472989 0.381266
vn -0.000000 -0.659450 0.751749
vn 0.891067 -0.151865 0.427712
vn -0.000000 -0.243510 0.969898
vn 0.794303 -0.472989 0.381266
vn -0.000000 -0.243510 0.969898
vn -0.000000 -0.659450 0.751749
vn 0.794303 -0.472989 0.381266
vn 0.992817 -0.119647 0.000000
vn 0.891067 -0.151865 0.427712
vn 0.921631 -0.388067 0.000000
vn 0.891067 -0.151865 0.427712
vn 0.794303 -0.472989 0.381266
vn 0.921631 -0.388067 0.000000
vn 0.891067 -0.151865 -0.427712
vn 0.992817 -0.119647 0.000000
vn 0.794303 -0.472989 -0.381266
vn 0.992817 -0.119647 0.000000
vn 0.921631 -0.388067 0.000000
vn 0.794303 -0.472989 -0.381266
vn 0.000000 -0.243510 -0.969898
vn 0.891067 -0.151865 -0.427712
vn 0.000000 -0.659450 -0.751749
vn 0.891067 -0.151865 -0.427712
vn 0.794303 -0.472989 -0.381266
vn 0.000000 -0.659450 -0.751749
vn -0.891067 -0.151865 -0.427712
vn 0.000000 -0.243510 -0.969898
vn -0.794303 -0.472989 -0.381266
vn 0.000000 -0.243510 -0.969898
vn 0.000000 -0.659450 -0.751749
vn -0.794303 -0.472989 -0.381266
vn -0.992817 -0.119647 -0.000000
vn -0.891067 -0.151865 -0.427712
vn -0.921631 -0.388067 -0.000000
vn -0.891067 -0.151865 -0.427712
vn -0.794303 -0.472989 -0.381266
vn -0.921631 -0.388067 -0.000000
vn -0.794303 -0.472989 0.381266
vn -0.921631 -0.388067 0.000000
vn -0.524532 -0.813312 0.251775
vn -0.921631 -0.388067 0.000000
vn -0.673878 -0.738842 0.000000
vn -0.524532 -0.813312 0.251775
vn -0.000000 -0.659450 0.751749
vn -0.794303 -0.472989 0.381266
vn -0.000000 -0.916058 0.401046
vn -0.794303 -0.472989 0.381266
vn -0.524532 -0.813312 0.251775
vn -0.000000 -0.916058 0.401046
vn 0.794303 -0.472989 0.381266
vn -0.000000 -0.659450 0.751749
vn 0.524532 -0.813312 0.251775
vn -0.000000 -0.659450 0.751749
vn -0.000000 -0.916058 0.401046
vn 0.524532 -0.813312 0.251775
vn 0.921631 -0.388067 0.000000
vn 0.794303 -0.472989 0.381266
vn 0.673878 -0.738842 0.000000
vn 0.794303 -0.472989 0.381266
vn 0.524532 -0.813312 0.251775
vn 0.673878 -0.738842 0.000000
vn 0.794303 -0.472989 -0.381266
vn 0.921631 -0.388067 0.000000
vn 0.524532 -0.813312 -0.251775
vn 0.921631 -0.388067 0.000000
vn 0.673878 -0.738842 0.000000
vn 0.524532 -0.813312 -0.251775
vn 0.000000 -0.659450 -0.751749
vn 0.794303 -0.472989 -0.381266
vn 0.000000 -0.916058 -0.401046
vn 0.794303 -0.472989 -0.381266
vn 0.524532 -0.813312 -0.251775
vn 0.000000 -0.916058 -0.401046
vn -0.794303 -0.472989 -0.381266
vn 0.000000 -0.659450 -0.751749
vn -0.524532 -0.813312 -0.251775
vn 0.000000 -0.659450 -0.751749
vn 0.000000 -0.916058 -0.401046
vn -0.524532 -0.813312 -0.251775
vn -0.921631 -0.388067 -0.000000
vn -0.794303 -0.472989 -0.381266
vn -0.673878 -0.738842 -0.000000
vn -0.794303 -0.472989 -0.381266
vn -0.524532 -0.813312 -0.251775
vn -0.673878 -0.738842 -0.000000
vn -0.524532 -0.813312 0.251775
vn -0.673878 -0.738842 0.000000
vn -0.000000 -1.000000 0.000000
vn -0.000000 -0.916058 0.401046
vn -0.524532 -0.813312 0.251775
vn -0.000000 -1.000000 0.000000
vn 0.524532 -0.813312 0.251775
vn -0.000000 -0.916058 0.401046
vn 0.000000 -1.000000 0.000000
vn 0.673878 -0.738842 0.000000
vn 0.524532 -0.813312 0.251775
vn 0.000000 -1.000000 0.000000
vn 0.524532 -0.813312 -0.251775
vn 0.673878 -0.738842 0.000000
vn 0.000000 -1.000000 -0.000000
vn 0.000000 -0.916058 -0.401046
vn 0.524532 -0.813312 -0.251775
vn 0.000000 -1.000000 -0.000000
vn -0.524532 -0.813312 -0.251775
vn 0.000000 -0.916058 -0.401046
vn -0.000000 -1.000000 -0.000000
vn -0.673878 -0.738842 -0.000000
vn -0.524532 -0.813312 -0.251775
vn -0.000000 -1.000000 -0.000000
vn -0.851323 -0.433611 -0.295348
vn -0.677632 0.735358 0.007990
vn -0.554703 0.332788 -0.762599
vn -0.677632 0.735358 0.007990
vn -0.293616 0.942179 0.161519
vn -0.554703 0.332788 -0.762599
vn -0.677632 0.735358 0.007990
vn -0.114022 0.273602 0.955061
vn -0.293616 0.942179 0.161519
vn -0.114022 0.273602 0.955061
vn 0.592404 0.444324 0.672038
vn -0.293616 0.942179 0.161519
vn -0.114022 0.273602 0.955061
vn 0.422394 -0.594865 0.683899
vn 0.592404 0.444324 0.672038
vn 0.422394 -0.594865 0.683899
vn 0.878905 -0.472759 0.063438
vn 0.592404 0.444324 0.672038
vn 0.422394 -0.594865 0.683899
vn 0.288243 -0.828410 -0.480264
vn 0.878905 -0.472759 0.063438
vn 0.288243 -0.828410 -0.480264
vn 0.169954 -0.541692 -0.823217
vn 0.878905 -0.472759 0.063438
vn 0.288243 -0.828410 -0.480264
vn -0.851323 -0.433611 -0.295348
vn 0.169954 -0.541692 -0.823217
vn -0.851323 -0.433611 -0.295348
vn -0.554703 0.332788 -0.762599
vn 0.169954 -0.541692 -0.823217
vn -0.554703 0.332788 -0.762599
vn -0.293616 0.942179 0.161519
vn -0.619713 0.551111 -0.558778
vn -0.293616 0.942179 0.161519
vn -0.109097 0.908322 0.403792
vn -0.619713 0.551111 -0.558778
vn -0.293616 0.942179 0.161519
vn 0.592404 0.444324 0.672038
vn -0.109097 0.908322 0.403792
vn 0.592404 0.444324 0.672038
vn 0.746580 0.182028 0.639910
vn -0.109097 0.908322 0.403792
vn 0.592404 0.444324 0.672038
vn 0.878905 -0.472759 0.063438
vn 0.746580 0.182028 0.639910
vn 0.878905 -0.472759 0.063438
vn 0.759812 -0.626833 -0.172530
vn 0.746580 0.182028 0.639910
vn 0.878905 -0.472759 0.063438
vn 0.169954 -0.541692 -0.823217
vn 0.759812 -0.626833 -0.172530
vn 0.169954 -0.541692 -0.823217
vn -0.087671 -0.401382 -0.911705
vn 0.759812 -0.626833 -0.172530
vn 0.169954 -0.541692 -0.823217
vn -0.554703 0.332788 -0.762599
vn -0.087671 -0.401382 -0.911705
vn -0.554703 0.332788 -0.762599
vn -0.619713 0.551111 -0.558778
vn -0.087671 -0.401382 -0.911705
vn -0.851323 -0.433611 -0.295348
vn -0.114022 0.273602 0.955061
vn -0.677632 0.735358 0.007990
vn -0.619713 0.551111 -0.558778
vn -0.109097 0.908322 0.403792
vn 0.746580 0.182028 0.639910
vn -0.851323 -0.433611 -0.295348
vn 0.422394 -0.594865 0.683899
vn -0.114022 0.273602 0.955061
vn -0.619713 0.551111 -0.558778
vn 0.746580 0.182028 0.639910
vn 0.759812 -0.626833 -0.172530
vn -0.851323 -0.433611 -0.295348
vn 0.288243 -0.828410 -0.480264
vn 0.422394 -0.594865 0.683899
vn -0.619713 0.551111 -0.558778
vn 0.759812 -0.626833 -0.172530
vn -0.087671 -0.401382 -0.911705
vn -0.781111 -0.560617 0.274909
vn -0.438359 0.515754 0.736097
vn -0.938544 0.343099 0.037670
vn -0.438359 0.515754 0.736097
vn -0.068170 0.775634 0.627491
vn -0.938544 0.343099 0.037670
vn -0.438359 0.515754 0.736097
vn 0.646166 0.014819 0.763053
vn -0.068170 0.775634 0.627491
vn 0.646166 0.014819 0.763053
vn 0.896412 0.419779 0.142234
vn -0.068170 0.775634 0.627491
vn 0.646166 0.014819 0.763053
vn 0.793224 -0.603616 -0.080267
vn 0.896412 0.419779 0.142234
vn 0.793224 -0.603616 -0.080267
vn 0.622183 -0.232687 -0.747492
vn 0.896412 0.419779 0.142234
vn 0.793224 -0.603616 -0.080267
vn -0.173538 -0.597918 -0.782546
vn 0.622183 -0.232687 -0.747492
vn -0.173538 -0.597918 -0.782546
vn -0.511882 -0.280078 -0.812117
vn 0.622183 -0.232687 -0.747492
vn -0.173538 -0.597918 -0.782546
vn -0.781111 -0.560617 0.274909
vn -0.511882 -0.280078 -0.812117
vn -0.781111 -0.560617 0.274909
vn -0.938544 0.343099 0.037670
vn -0.511882 -0.280078 -0.812117
vn -0.938544 0.343099 0.037670
vn -0.068170 0.775634 0.627491
vn -0.820854 0.490580 0.292454
vn -0.068170 0.775634 0.627491
vn 0.246728 0.735179 0.631378
vn -0.820854 0.490580 0.292454
vn -0.068170 0.775634 0.627491
vn 0.896412 0.419779 0.142234
vn 0.246728 0.735179 0.631378
vn 0.896412 0.419779 0.142234
vn 0.973505 0.212284 -0.084987
vn 0.246728 0.735179 0.631378
vn 0.896412 0.419779 0.142234
vn 0.622183 -0.232687 -0.747492
vn 0.973505 0.212284 -0.084987
vn 0.622183 -0.232687 -0.747492
vn 0.355042 -0.358528 -0.863367
vn 0.973505 0.212284 -0.084987
vn 0.622183 -0.232687 -0.747492
vn -0.511882 -0.280078 -0.812117
vn 0.355042 -0.358528 -0.863367
vn -0.511882 -0.280078 -0.812117
vn -0.754421 -0.188835 -0.628642
vn 0.355042 -0.358528 -0.863367
vn -0.511882 -0.280078 -0.812117
vn -0.938544 0.343099 0.037670
vn -0.754421 -0.188835 -0.628642
vn -0.938544 0.343099 0.037670
vn -0.820854 0.490580 0.292454
vn -0.754421 -0.188835 -0.628642
vn -0.781111 -0.560617 0.274909
vn 0.646166 0.014819 0.763053
vn -0.438359 0.515754 0.736097
vn -0.820854 0.490580 0.292454
vn 0.246728 0.735179 0.631378
vn 0.973505 0.212284 -0.084987
vn -0.781111 -0.560617 0.274909
vn 0.793224 -0.603616 -0.080267
vn 0.646166 0.014819 0.763053
vn -0.820854 0.490580 0.292454
vn 0.973505 0.212284 -0.084987
vn 0.355042 -0.358528 -0.863367
vn -0.781111 -0.560617 0.274909
vn -0.173538 -0.597918 -0.782546
vn 0.793224 -0.603616 -0.080267
vn -0.820854 0.490580 0.292454
vn 0.355042 -0.358528 -0.863367
vn -0.754421 -0.188835 -0.628642
vn 0.917199 0.199445 -0.344916
vn 0.414365 0.621681 0.664691
vn 0.984477 0.173239 -0.028173
vn 0.414365 0.621681 0.664691
vn 0.279728 0.304321 0.910572
vn 0.984477 0.173239 -0.028173
vn 0.414365 0.621681 0.664691
vn -0.635479 0.708988 0.305783
vn 0.279728 0.304321 0.910572
vn -0.635479 0.708988 0.305783
vn -0.801179 -0.007076 0.598383
vn 0.279728 0.304321 0.910572
vn -0.635479 0.708988 0.305783
vn -0.802596 0.072493 -0.592101
vn -0.801179 -0.007076 0.598383
vn -0.802596 0.072493 -0.592101
vn -0.813043 -0.313786 -0.490408
vn -0.801179 -0.007076 0.598383
vn -0.802596 0.072493 -0.592101
vn 0.175115 -0.554435 -0.813595
vn -0.813043 -0.313786 -0.490408
vn 0.175115 -0.554435 -0.813595
vn 0.297670 -0.195326 -0.934473
vn -0.813043 -0.313786 -0.490408
vn 0.175115 -0.554435 -0.813595
vn 0.917199 0.199445 -0.344916
vn 0.297670 -0.195326 -0.934473
vn 0.917199 0.199445 -0.344916
vn 0.984477 0.173239 -0.028173
vn 0.297670 -0.195326 -0.934473
vn 0.984477 0.173239 -0.028173
vn 0.279728 0.304321 0.910572
vn 0.933933 -0.126105 -0.334465
vn 0.279728 0.304321 0.910572
vn 0.631489 0.268653 0.727356
vn 0.933933 -0.126105 -0.334465
vn 0.279728 0.304321 0.910572
vn -0.801179 -0.007076 0.598383
vn 0.631489 0.268653 0.727356
vn -0.801179 -0.007076 0.598383
vn -0.606861 0.309761 0.731962
vn 0.631489 0.268653 0.727356
vn -0.801179 -0.007076 0.598383
vn -0.813043 -0.313786 -0.490408
vn -0.606861 0.309761 0.731962
vn -0.813043 -0.313786 -0.490408
vn -0.956832 -0.043931 -0.287303
vn -0.606861 0.309761 0.731962
vn -0.813043 -0.313786 -0.490408
vn 0.297670 -0.195326 -0.934473
vn -0.956832 -0.043931 -0.287303
vn 0.297670 -0.195326 -0.934473
vn -0.036951 -0.330457 -0.943097
vn -0.956832 -0.043931 -0.287303
vn 0.297670 -0.195326 -0.934473
vn 0.984477 0.173239 -0.028173
vn -0.036951 -0.330457 -0.943097
vn 0.984477 0.173239 -0.028173
vn 0.933933 -0.126105 -0.334465
vn -0.036951 -0.330457 -0.943097
vn 0.933933 -0.126105 -0.334465
vn 0.631489 0.268653 0.727356
vn 0.947938 -0.202846 0.245495
vn 0.631489 0.268653 0.727356
vn 0.274854 0.659035 0.700092
vn 0.947938 -0.202846 0.245495
vn 0.631489 0.268653 0.727356
vn -0.606861 0.309761 0.731962
vn 0.274854 0.659035 0.700092
vn -0.606861 0.309761 0.731962
vn -0.740889 0.119297 0.660948
vn 0.274854 0.659035 0.700092
vn -0.606861 0.309761 0.731962
vn -0.956832 -0.043931 -0.287303
vn -0.740889 0.119297 0.660948
vn -0.956832 -0.043931 -0.287303
vn -0.690470 -0.709851 -0.139149
vn -0.740889 0.119297 0.660948
vn -0.956832 -0.043931 -0.287303
vn -0.036951 -0.330457 -0.943097
vn -0.690470 -0.709851 -0.139149
vn -0.036951 -0.330457 -0.943097
vn 0.323666 -0.743986 -0.584572
vn -0.690470 -0.709851 -0.139149
vn -0.036951 -0.330457 -0.943097
vn 0.933933 -0.126105 -0.334465
vn 0.323666 -0.743986 -0.584572
vn 0.933933 -0.126105 -0.334465
vn 0.947938 -0.202846 0.245495
vn 0.323666 -0.743986 -0.584572
vn 0.917199 0.199445 -0.344916
vn -0.635479 0.708988 0.305783
vn 0.414365 0.621681 0.664691
vn 0.947938 -0.202846 0.245495
vn 0.274854 0.659035 0.700092
vn -0.740889 0.119297 0.660948
vn 0.917199 0.199445 -0.344916
vn -0.802596 0.072493 -0.592101
vn -0.635479 0.708988 0.305783
vn 0.947938 -0.202846 0.245495
vn -0.740889 0.119297 0.660948
vn -0.690470 -0.709851 -0.139149
vn 0.917199 0.199445 -0.344916
vn 0.175115 -0.554435 -0.813595
vn -0.802596 0.072493 -0.592101
vn 0.947938 -0.202846 0.245495
vn -0.690470 -0.709851 -0.139149
vn 0.323666 -0.743986 -0.584572
vn -0.936180 -0.152696 0.316624
vn -0.534655 0.822591 -0.193617
vn -0.965002 0.152695 -0.213202
vn -0.534655 0.822591 -0.193617
vn -0.096713 0.923129 -0.372129
vn -0.965002 0.152695 -0.213202
vn -0.534655 0.822591 -0.193617
vn 0.634212 0.760363 -0.140085
vn -0.096713 0.923129 -0.372129
vn 0.634212 0.760363 -0.140085
vn 0.899023 0.308530 -0.310753
vn -0.096713 0.923129 -0.372129
vn 0.634212 0.760363 -0.140085
vn 0.927427 -0.308531 0.211397
vn 0.899023 0.308530 -0.310753
vn 0.927427 -0.308531 0.211397
vn 0.645663 -0.760364 0.070462
vn 0.899023 0.308530 -0.310753
vn 0.927427 -0.308531 0.211397
vn -0.055775 -0.923129 0.380424
vn 0.645663 -0.760364 0.070462
vn -0.055775 -0.923129 0.380424
vn -0.510495 -0.822593 0.250472
vn 0.645663 -0.760364 0.070462
vn -0.055775 -0.923129 0.380424
vn -0.936180 -0.152696 0.316624
vn -0.510495 -0.822593 0.250472
vn -0.936180 -0.152696 0.316624
vn -0.965002 0.152695 -0.213202
vn -0.510495 -0.822593 0.250472
vn -0.936180 -0.152696 0.316624
vn 0.634212 0.760363 -0.140085
vn -0.534655 0.822591 -0.193617
vn -0.965002 0.152695 -0.213202
vn -0.096713 0.923129 -0.372129
vn 0.899023 0.308530 -0.310753
vn -0.936180 -0.152696 0.316624
vn 0.927427 -0.308531 0.211397
vn 0.634212 0.760363 -0.140085
vn -0.965002 0.152695 -0.213202
vn 0.899023 0.308530 -0.310753
vn 0.645663 -0.760364 0.070462
vn -0.936180 -0.152696 0.316624
vn -0.055775 -0.923129 0.380424
vn 0.927427 -0.308531 0.211397
vn -0.965002 0.152695 -0.213202
vn 0.645663 -0.760364 0.070462
vn -0.510495 -0.822593 0.250472
vn 0.793782 0.266664 -0.546626
vn 0.530724 0.656509 0.536030
vn 0.995109 0.087124 0.046545
vn 0.530724 0.656509 0.536030
vn 0.227536 0.206105 0.951708
vn 0.995109 0.087124 0.046545
vn 0.530724 0.656509 0.536030
vn -0.570748 0.683611 0.454887
vn 0.227536 0.206105 0.951708
vn -0.570748 0.683611 0.454887
vn -0.838537 0.041262 0.543280
vn 0.227536 0.206105 0.951708
vn -0.570748 0.683611 0.454887
vn -0.922958 0.011086 -0.384740
vn -0.838537 0.041262 0.543280
vn -0.922958 0.011086 -0.384740
vn -0.772053 -0.144580 -0.618894
vn -0.838537 0.041262 0.543280
vn -0.922958 0.011086 -0.384740
vn -0.008121 -0.533282 -0.845899
vn -0.772053 -0.144580 -0.618894
vn -0.008121 -0.533282 -0.845899
vn 0.403081 -0.113303 -0.908123
vn -0.772053 -0.144580 -0.618894
vn -0.008121 -0.533282 -0.845899
vn 0.793782 0.266664 -0.546626
vn 0.403081 -0.113303 -0.908123
vn 0.793782 0.266664 -0.546626
vn 0.995109 0.087124 0.046545
vn 0.403081 -0.113303 -0.908123
vn 0.995109 0.087124 0.046545
vn 0.227536 0.206105 0.951708
vn 0.928092 -0.202085 0.312740
vn 0.227536 0.206105 0.951708
vn 0.072578 0.212327 0.974500
vn 0.928092 -0.202085 0.312740
vn 0.227536 0.206105 0.951708
vn -0.838537 0.041262 0.543280
vn 0.072578 0.212327 0.974500
vn -0.838537 0.041262 0.543280
vn -0.922049 0.307900 0.234569
vn 0.072578 0.212327 0.974500
vn -0.838537 0.041262 0.543280
vn -0.772053 -0.144580 -0.618894
vn -0.922049 0.307900 0.234569
vn -0.772053 -0.144580 -0.618894
vn -0.622056 -0.082957 -0.778565
vn -0.922049 0.307900 0.234569
vn -0.772053 -0.144580 -0.618894
vn 0.403081 -0.113303 -0.908123
vn -0.622056 -0.082957 -0.778565
vn 0.403081 -0.113303 -0.908123
vn 0.531501 -0.406277 -0.743267
vn -0.622056 -0.082957 -0.778565
vn 0.403081 -0.113303 -0.908123
vn 0.995109 0.087124 0.046545
vn 0.531501 -0.406277 -0.743267
vn 0.995109 0.087124 0.046545
vn 0.928092 -0.202085 0.312740
vn 0.531501 -0.406277 -0.743267
vn 0.928092 -0.202085 0.312740
vn 0.072578 0.212327 0.974500
vn 0.759760 -0.070107 0.646412
vn 0.072578 0.212327 0.974500
vn -0.099202 0.688276 0.718634
vn 0.759760 -0.070107 0.646412
vn 0.072578 0.212327 0.974500
vn -0.922049 0.307900 0.234569
vn -0.099202 0.688276 0.718634
vn -0.922049 0.307900 0.234569
vn -0.964562 -0.003657 0.263832
vn -0.099202 0.688276 0.718634
vn -0.922049 0.307900 0.234569
vn -0.622056 -0.082957 -0.778565
vn -0.964562 -0.003657 0.263832
vn -0.622056 -0.082957 -0.778565
vn -0.507089 -0.756660 -0.412707
vn -0.964562 -0.003657 0.263832
vn -0.622056 -0.082957 -0.778565
vn 0.531501 -0.406277 -0.743267
vn -0.507089 -0.756660 -0.412707
vn 0.531501 -0.406277 -0.743267
vn 0.613284 -0.687213 -0.389386
vn -0.507089 -0.756660 -0.412707
vn 0.531501 -0.406277 -0.743267
vn 0.928092 -0.202085 0.312740
vn 0.613284 -0.687213 -0.389386
vn 0.928092 -0.202085 0.312740
vn 0.759760 -0.070107 0.646412
vn 0.613284 -0.687213 -0.389386
vn 0.793782 0.266664 -0.546626
vn -0.570748 0.683611 0.454887
vn 0.530724 0.656509 0.536030
vn 0.759760 -0.070107 0.646412
vn -0.099202 0.688276 0.718634
vn -0.964562 -0.003657 0.263832
vn 0.793782 0.266664 -0.546626
vn -0.922958 0.011086 -0.384740
vn -0.570748 0.683611 0.454887
vn 0.759760 -0.070107 0.646412
vn -0.964562 -0.003657 0.263832
vn -0.507089 -0.756660 -0.412707
vn 0.793782 0.266664 -0.546626
vn -0.008121 -0.533282 -0.845899
vn -0.922958 0.011086 -0.384740
vn 0.759760 -0.070107 0.646412
vn -0.507089 -0.756660 -0.412707
vn 0.613284 -0.687213 -0.389386
vn -0.965002 -0.152695 0.213202
vn -0.510498 0.822591 -0.250471
vn -0.936180 0.152695 -0.316623
vn -0.510498 0.822591 -0.250471
vn -0.055775 0.923129 -0.380424
vn -0.936180 0.152695 -0.316623
vn -0.510498 0.822591 -0.250471
vn 0.645665 0.760363 -0.070461
vn -0.055775 0.923129 -0.380424
vn 0.645665 0.760363 -0.070461
vn 0.927427 0.308530 -0.211397
vn -0.055775 0.923129 -0.380424
vn 0.645665 0.760363 -0.070461
vn 0.899022 -0.308531 0.310753
vn 0.927427 0.308530 -0.211397
vn 0.899022 -0.308531 0.310753
vn 0.634210 -0.760365 0.140085
vn 0.927427 0.308530 -0.211397
vn 0.899022 -0.308531 0.310753
vn -0.096713 -0.923129 0.372129
vn 0.634210 -0.760365 0.140085
vn -0.096713 -0.923129 0.372129
vn -0.534652 -0.822593 0.193618
vn 0.634210 -0.760365 0.140085
vn -0.096713 -0.923129 0.372129
vn -0.965002 -0.152695 0.213202
vn -0.534652 -0.822593 0.193618
vn -0.965002 -0.152695 0.213202
vn -0.936180 0.152695 -0.316623
vn -0.534652 -0.822593 0.193618
vn -0.965002 -0.152695 0.213202
vn 0.645665 0.760363 -0.070461
vn -0.510498 0.822591 -0.250471
vn -0.936180 0.152695 -0.316623
vn -0.055775 0.923129 -0.380424
vn 0.927427 0.308530 -0.211397
vn -0.965002 -0.152695 0.213202
vn 0.899022 -0.308531 0.310753
vn 0.645665 0.760363 -0.070461
vn -0.936180 0.152695 -0.316623
vn 0.927427 0.308530 -0.211397
vn 0.634210 -0.760365 0.140085
vn -0.965002 -0.152695 0.213202
vn -0.096713 -0.923129 0.372129
vn 0.899022 -0.308531 0.310753
vn -0.936180 0.152695 -0.316623
vn 0.634210 -0.760365 0.140085
vn -0.534652 -0.822593 0.193618
vn -0.110725 -0.173725 -0.978550
vn 0.326432 0.812418 -0.483134
vn 0.088000 -0.008203 -0.996087
vn 0.326432 0.812418 -0.483134
vn -0.003211 0.953619 -0.301000
vn 0.088000 -0.008203 -0.996087
vn 0.326432 0.812418 -0.483134
vn 0.084116 0.756056 0.649079
vn -0.003211 0.953619 -0.301000
vn 0.084116 0.756056 0.649079
vn -0.090559 0.566730 0.818911
vn -0.003211 0.953619 -0.301000
vn 0.084116 0.756056 0.649079
vn -0.351470 -0.329584 0.876267
vn -0.090559 0.566730 0.818911
vn -0.351470 -0.329584 0.876267
vn -0.054616 -0.587700 0.807234
vn -0.090559 0.566730 0.818911
vn -0.351470 -0.329584 0.876267
vn -0.373026 -0.920658 -0.115067
vn -0.054616 -0.587700 0.807234
vn -0.373026 -0.920658 -0.115067
vn 0.057672 -0.944910 -0.322210
vn -0.054616 -0.587700 0.807234
vn -0.373026 -0.920658 -0.115067
vn -0.110725 -0.173725 -0.978550
vn 0.057672 -0.944910 -0.322210
vn -0.110725 -0.173725 -0.978550
vn 0.088000 -0.008203 -0.996087
vn 0.057672 -0.944910 -0.322210
vn 0.088000 -0.008203 -0.996087
vn -0.003211 0.953619 -0.301000
vn -0.054902 0.269603 -0.961405
vn -0.003211 0.953619 -0.301000
vn -0.322533 0.944778 -0.058019
vn -0.054902 0.269603 -0.961405
vn -0.003211 0.953619 -0.301000
vn -0.090559 0.566730 0.818911
vn -0.322533 0.944778 -0.058019
vn -0.090559 0.566730 0.818911
vn 0.085155 0.397138 0.913800
vn -0.322533 0.944778 -0.058019
vn -0.090559 0.566730 0.818911
vn -0.054616 -0.587700 0.807234
vn 0.085155 0.397138 0.913800
vn -0.054616 -0.587700 0.807234
vn 0.438950 -0.667795 0.601143
vn 0.085155 0.397138 0.913800
vn -0.054616 -0.587700 0.807234
vn 0.057672 -0.944910 -0.322210
vn 0.438950 -0.667795 0.601143
vn 0.057672 -0.944910 -0.322210
vn 0.278774 -0.797407 -0.535189
vn 0.438950 -0.667795 0.601143
vn 0.057672 -0.944910 -0.322210
vn 0.088000 -0.008203 -0.996087
vn 0.278774 -0.797407 -0.535189
vn 0.088000 -0.008203 -0.996087
vn -0.054902 0.269603 -0.961405
vn 0.278774 -0.797407 -0.535189
vn -0.110725 -0.173725 -0.978550
vn 0.084116 0.756056 0.649079
vn 0.326432 0.812418 -0.483134
vn -0.054902 0.269603 -0.961405
vn -0.322533 0.944778 -0.058019
vn 0.085155 0.397138 0.913800
vn -0.110725 -0.173725 -0.978550
vn -0.351470 -0.329584 0.876267
vn 0.084116 0.756056 0.649079
vn -0.054902 0.269603 -0.961405
vn 0.085155 0.397138 0.913800
vn 0.438950 -0.667795 0.601143
vn -0.110725 -0.173725 -0.978550
vn -0.373026 -0.920658 -0.115067
vn -0.351470 -0.329584 0.876267
vn -0.054902 0.269603 -0.961405
vn 0.438950 -0.667795 0.601143
vn 0.278774 -0.797407 -0.535189
vn 0.966814 -0.136578 -0.215908
vn 0.199472 0.649608 0.733635
vn 0.970901 0.235990 -0.040737
vn 0.199472 0.649608 0.733635
vn -0.033159 0.281036 0.959124
vn 0.970901 0.235990 -0.040737
vn 0.199472 0.649608 0.733635
vn -0.934273 0.351839 0.057832
vn -0.033159 0.281036 0.959124
vn -0.934273 0.351839 0.057832
vn -0.967236 -0.246578 0.060453
vn -0.033159 0.281036 0.959124
vn -0.934273 0.351839 0.057832
vn -0.208789 -0.554865 -0.805315
vn -0.967236 -0.246578 0.060453
vn -0.208789 -0.554865 -0.805315
vn 0.021621 -0.289089 -0.957058
vn -0.967236 -0.246578 0.060453
vn -0.208789 -0.554865 -0.805315
vn 0.966814 -0.136578 -0.215908
vn 0.021621 -0.289089 -0.957058
vn 0.966814 -0.136578 -0.215908
vn 0.970901 0.235990 -0.040737
vn 0.021621 -0.289089 -0.957058
vn 0.970901 0.235990 -0.040737
vn -0.033159 0.281036 0.959124
vn 0.931722 -0.194068 -0.306971
vn -0.033159 0.281036 0.959124
vn 0.363146 0.318102 0.875749
vn 0.931722 -0.194068 -0.306971
vn -0.033159 0.281036 0.959124
vn -0.967236 -0.246578 0.060453
vn 0.363146 0.318102 0.875749
vn -0.967236 -0.246578 0.060453
vn -0.939077 0.209644 0.272366
vn 0.363146 0.318102 0.875749
vn -0.967236 -0.246578 0.060453
vn 0.021621 -0.289089 -0.957058
vn -0.939077 0.209644 0.272366
vn 0.021621 -0.289089 -0.957058
vn -0.362536 -0.297886 -0.883081
vn -0.939077 0.209644 0.272366
vn 0.021621 -0.289089 -0.957058
vn 0.970901 0.235990 -0.040737
vn -0.362536 -0.297886 -0.883081
vn 0.970901 0.235990 -0.040737
vn 0.931722 -0.194068 -0.306971
vn -0.362536 -0.297886 -0.883081
vn 0.931722 -0.194068 -0.306971
vn 0.363146 0.318102 0.875749
vn 0.994262 0.067935 0.082631
vn 0.363146 0.318102 0.875749
vn -0.095245 0.695254 0.712425
vn 0.994262 0.067935 0.082631
vn 0.363146 0.318102 0.875749
vn -0.939077 0.209644 0.272366
vn -0.095245 0.695254 0.712425
vn -0.939077 0.209644 0.272366
vn -0.961272 -0.260291 0.090584
vn -0.095245 0.695254 0.712425
vn -0.939077 0.209644 0.272366
vn -0.362536 -0.297886 -0.883081
vn -0.961272 -0.260291 0.090584
vn -0.362536 -0.297886 -0.883081
vn 0.099876 -0.772136 -0.627559
vn -0.961272 -0.260291 0.090584
vn -0.362536 -0.297886 -0.883081
vn 0.931722 -0.194068 -0.306971
vn 0.099876 -0.772136 -0.627559
vn 0.931722 -0.194068 -0.306971
vn 0.994262 0.067935 0.082631
vn 0.099876 -0.772136 -0.627559
vn 0.966814 -0.136578 -0.215908
vn -0.934273 0.351839 0.057832
vn 0.199472 0.649608 0.733635
vn 0.994262 0.067935 0.082631
vn -0.095245 0.695254 0.712425
vn -0.961272 -0.260291 0.090584
vn 0.966814 -0.136578 -0.215908
vn -0.208789 -0.554865 -0.805315
vn -0.934273 0.351839 0.057832
vn 0.994262 0.067935 0.082631
vn -0.961272 -0.260291 0.090584
vn 0.099876 -0.772136 -0.627559
vn -0.937174 -0.279869 0.208274
vn -0.330864 0.906301 -0.262960
vn -0.954236 0.279870 -0.105384
vn -0.330864 0.906301 -0.262960
vn 0.297427 0.887545 -0.351855
vn -0.954236 0.279870 -0.105384
vn -0.330864 0.906301 -0.262960
vn 0.943101 0.317332 -0.099298
vn 0.297427 0.887545 -0.351855
vn 0.943101 0.317332 -0.099298
vn 0.948308 -0.317332 -0.003592
vn 0.297427 0.887545 -0.351855
vn 0.943101 0.317332 -0.099298
vn 0.333840 -0.887545 0.317515
vn 0.948308 -0.317332 -0.003592
vn 0.333840 -0.887545 0.317515
vn -0.300386 -0.906301 0.297299
vn 0.948308 -0.317332 -0.003592
vn 0.333840 -0.887545 0.317515
vn -0.937174 -0.279869 0.208274
vn -0.300386 -0.906301 0.297299
vn -0.937174 -0.279869 0.208274
vn -0.954236 0.279870 -0.105384
vn -0.300386 -0.906301 0.297299
vn -0.937174 -0.279869 0.208274
vn 0.943101 0.317332 -0.099298
vn -0.330864 0.906301 -0.262960
vn -0.954236 0.279870 -0.105384
vn 0.297427 0.887545 -0.351855
vn 0.948308 -0.317332 -0.003592
vn -0.937174 -0.279869 0.208274
vn 0.333840 -0.887545 0.317515
vn 0.943101 0.317332 -0.099298
vn -0.954236 0.279870 -0.105384
vn 0.948308 -0.317332 -0.003592
vn -0.300386 -0.906301 0.297299
vn 0.896092 -0.049749 -0.441071
vn 0.337510 0.671036 0.660150
vn 0.991334 0.124983 0.040442
vn 0.337510 0.671036 0.660150
vn -0.102868 0.158248 0.982026
vn 0.991334 0.124983 0.040442
vn 0.337510 0.671036 0.660150
vn -0.917192 0.280766 0.282717
vn -0.102868 0.158248 0.982026
vn -0.917192 0.280766 0.282717
vn -0.992854 -0.115493 -0.030039
vn -0.102868 0.158248 0.982026
vn -0.917192 0.280766 0.282717
vn -0.364351 -0.572417 -0.734566
vn -0.992854 -0.115493 -0.030039
vn -0.364351 -0.572417 -0.734566
vn 0.115947 -0.141051 -0.983189
vn -0.992854 -0.115493 -0.030039
vn -0.364351 -0.572417 -0.734566
vn 0.896092 -0.049749 -0.441071
vn 0.115947 -0.141051 -0.983189
vn 0.896092 -0.049749 -0.441071
vn 0.991334 0.124983 0.040442
vn 0.115947 -0.141051 -0.983189
vn 0.991334 0.124983 0.040442
vn -0.102868 0.158248 0.982026
vn 0.916617 -0.243241 0.317250
vn -0.102868 0.158248 0.982026
vn -0.231943 0.323732 0.917279
vn 0.916617 -0.243241 0.317250
vn -0.102868 0.158248 0.982026
vn -0.992854 -0.115493 -0.030039
vn -0.231943 0.323732 0.917279
vn -0.992854 -0.115493 -0.030039
vn -0.918615 0.214232 -0.332042
vn -0.231943 0.323732 0.917279
vn -0.992854 -0.115493 -0.030039
vn 0.115947 -0.141051 -0.983189
vn -0.918615 0.214232 -0.332042
vn 0.115947 -0.141051 -0.983189
vn 0.232385 -0.357738 -0.904445
vn -0.918615 0.214232 -0.332042
vn 0.115947 -0.141051 -0.983189
vn 0.991334 0.124983 0.040442
vn 0.232385 -0.357738 -0.904445
vn 0.991334 0.124983 0.040442
vn 0.916617 -0.243241 0.317250
vn 0.232385 -0.357738 -0.904445
vn 0.916617 -0.243241 0.317250
vn -0.231943 0.323732 0.917279
vn 0.836171 0.228272 0.498709
vn -0.231943 0.323732 0.917279
vn -0.465210 0.661564 0.588143
vn 0.836171 0.228272 0.498709
vn -0.231943 0.323732 0.917279
vn -0.918615 0.214232 -0.332042
vn -0.465210 0.661564 0.588143
vn -0.918615 0.214232 -0.332042
vn -0.859976 -0.392866 -0.325726
vn -0.465210 0.661564 0.588143
vn -0.918615 0.214232 -0.332042
vn 0.232385 -0.357738 -0.904445
vn -0.859976 -0.392866 -0.325726
vn 0.232385 -0.357738 -0.904445
vn 0.431432 -0.737331 -0.519817
vn -0.859976 -0.392866 -0.325726
vn 0.232385 -0.357738 -0.904445
vn 0.916617 -0.243241 0.317250
vn 0.431432 -0.737331 -0.519817
vn 0.916617 -0.243241 0.317250
vn 0.836171 0.228272 0.498709
vn 0.431432 -0.737331 -0.519817
vn 0.896092 -0.049749 -0.441071
vn -0.917192 0.280766 0.282717
vn 0.337510 0.671036 0.660150
vn 0.836171 0.228272 0.498709
vn -0.465210 0.661564 0.588143
vn -0.859976 -0.392866 -0.325726
vn 0.896092 -0.049749 -0.441071
vn -0.364351 -0.572417 -0.734566
vn -0.917192 0.280766 0.282717
vn 0.836171 0.228272 0.498709
vn -0.859976 -0.392866 -0.325726
vn 0.431432 -0.737331 -0.519817
vn -0.954236 -0.279870 0.105384
vn -0.300387 0.906301 -0.297299
vn -0.937174 0.279868 -0.208273
vn -0.300387 0.906301 -0.297299
vn 0.333839 0.887545 -0.317515
vn -0.937174 0.279868 -0.208273
vn -0.300387 0.906301 -0.297299
vn 0.948307 0.317333 0.003592
vn 0.333839 0.887545 -0.317515
vn 0.948307 0.317333 0.003592
vn 0.943101 -0.317333 0.099298
vn 0.333839 0.887545 -0.317515
vn 0.948307 0.317333 0.003592
vn 0.297428 -0.887544 0.351855
vn 0.943101 -0.317333 0.099298
vn 0.297428 -0.887544 0.351855
vn -0.330864 -0.906301 0.262960
vn 0.943101 -0.317333 0.099298
vn 0.297428 -0.887544 0.351855
vn -0.954236 -0.279870 0.105384
vn -0.330864 -0.906301 0.262960
vn -0.954236 -0.279870 0.105384
vn -0.937174 0.279868 -0.208273
vn -0.330864 -0.906301 0.262960
vn -0.954236 -0.279870 0.105384
vn 0.948307 0.317333 0.003592
vn -0.300387 0.906301 -0.297299
vn -0.937174 0.279868 -0.208273
vn 0.333839 0.887545 -0.317515
vn 0.943101 -0.317333 0.099298
vn -0.954236 -0.279870 0.105384
vn 0.297428 -0.887544 0.351855
vn 0.948307 0.317333 0.003592
vn -0.937174 0.279868 -0.208273
vn 0.943101 -0.317333 0.099298
vn -0.330864 -0.906301 0.262960
vn -0.037975 -0.290969 -0.955978
vn 0.351351 0.896139 -0.271085
vn 0.121298 -0.004219 -0.992607
vn 0.351351 0.896139 -0.271085
vn -0.044676 0.998854 0.017141
vn 0.121298 -0.004219 -0.992607
vn 0.351351 0.896139 -0.271085
vn -0.046212 0.316061 0.947613
vn -0.044676 0.998854 0.017141
vn -0.046212 0.316061 0.947613
vn -0.121633 -0.004190 0.992566
vn -0.044676 0.998854 0.017141
vn -0.046212 0.316061 0.947613
vn -0.388241 -0.883044 0.263634
vn -0.121633 -0.004190 0.992566
vn -0.388241 -0.883044 0.263634
vn 0.043917 -0.998937 -0.014025
vn -0.121633 -0.004190 0.992566
vn -0.388241 -0.883044 0.263634
vn -0.037975 -0.290969 -0.955978
vn 0.043917 -0.998937 -0.014025
vn -0.037975 -0.290969 -0.955978
vn 0.121298 -0.004219 -0.992607
vn 0.043917 -0.998937 -0.014025
vn 0.121298 -0.004219 -0.992607
vn -0.044676 0.998854 0.017141
vn -0.186987 0.309277 -0.932407
vn -0.044676 0.998854 0.017141
vn -0.278449 0.903490 0.325839
vn -0.186987 0.309277 -0.932407
vn -0.044676 0.998854 0.017141
vn -0.121633 -0.004190 0.992566
vn -0.278449 0.903490 0.325839
vn -0.121633 -0.004190 0.992566
vn 0.267520 -0.281960 0.921375
vn -0.278449 0.903490 0.325839
vn -0.121633 -0.004190 0.992566
vn 0.043917 -0.998937 -0.014025
vn 0.267520 -0.281960 0.921375
vn 0.043917 -0.998937 -0.014025
vn 0.318823 -0.890420 -0.324812
vn 0.267520 -0.281960 0.921375
vn 0.043917 -0.998937 -0.014025
vn 0.121298 -0.004219 -0.992607
vn 0.318823 -0.890420 -0.324812
vn 0.121298 -0.004219 -0.992607
vn -0.186987 0.309277 -0.932407
vn 0.318823 -0.890420 -0.324812
vn -0.037975 -0.290969 -0.955978
vn -0.046212 0.316061 0.947613
vn 0.351351 0.896139 -0.271085
vn -0.186987 0.309277 -0.932407
vn -0.278449 0.903490 0.325839
vn 0.267520 -0.281960 0.921375
vn -0.037975 -0.290969 -0.955978
vn -0.388241 -0.883044 0.263634
vn -0.046212 0.316061 0.947613
vn -0.186987 0.309277 -0.932407
vn 0.267520 -0.281960 0.921375
vn 0.318823 -0.890420 -0.324812
usemtl Dragon_color_atlas
f 1/1/1 2/2/2 3/3/3
f 4/4/4 5/5/5 6/6/6
f 7/7/7 8/8/8 9/9/9
f 10/10/10 11/11/11 12/12/12
f 13/13/13 14/14/14 15/15/15
f 16/16/16 17/17/17 18/18/18
f 19/19/19 20/20/20 21/21/21
f 22/22/22 23/23/23 24/24/24
f 25/25/25 26/26/26 27/27/27
f 28/28/28 29/29/29 30/30/30
f 31/31/31 32/32/32 33/33/33
f 34/34/34 35/35/35 36/36/36
f 37/37/37 38/38/38 39/39/39
f 40/40/40 41/41/41 42/42/42
f 43/43/43 44/44/44 45/45/45
f 46/46/46 47/47/47 48/48/48
f 49/49/49 50/50/50 51/51/51
f 52/52/52 53/53/53 54/54/54
f 55/55/55 56/56/56 57/57/57
f 58/58/58 59/59/59 60/60/60
f 61/61/61 62/62/62 63/63/63
f 64/64/64 65/65/65 66/66/66
f 67/67/67 68/68/68 69/69/69
f 70/70/70 71/71/71 72/72/72
f 73/73/73 74/74/74 75/75/75
f 76/76/76 77/77/77 78/78/78
f 79/79/79 80/80/80 81/81/81
f 82/82/82 83/83/83 84/84/84
f 85/85/85 86/86/86 87/87/87
f 88/88/88 89/89/89 90/90/90
f 91/91/91 92/92/92 93/93/93
f 94/94/94 95/95/95 96/96/96
f 97/97/97 98/98/98 99/99/99
f 100/100/100 101/101/101 102/102/102
f 103/103/103 104/104/104 105/105/105
f 106/106/106 107/107/107 108/108/108
f 109/109/109 110/110/110 111/111/111
f 112/112/112 113/113/113 114/114/114
f 115/115/115 116/116/116 117/117/117
f 118/118/118 119/119/119 120/120/120
f 121/121/121 122/122/122 123/123/123
f 124/124/124 125/125/125 126/126/126
f 127/127/127 128/128/128 129/129/129
f 130/130/130 131/131/131 132/132/132
f 133/133/133 134/134/134 135/135/135
f 136/136/136 137/137/137 138/138/138
f 139/139/139 140/140/140 141/141/141
f 142/142/142 143/143/143 144/144/144
f 145/145/145 146/146/146 147/147/147
f 148/148/148 149/149/149 150/150/150
f 151/151/151 152/152/152 153/153/153
f 154/154/154 155/155/155 156/156/156
f 157/157/157 158/158/158 159/159/159
f 160/160/160 161/161/161 162/162/162
f 163/163/163 164/164/164 165/165/165
f 166/166/166 167/167/167 168/168/168
f 169/169/169 170/170/170 171/171/171
f 172/172/172 173/173/173 174/174/174
f 175/175/175 176/176/176 177/177/177
f 178/178/178 179/179/179 180/180/180
f 181/181/181 182/182/182 183/183/183
f 184/184/184 185/185/185 186/186/186
f 187/187/187 188/188/188 189/189/189
f 190/190/190 191/191/191 192/192/192
f 193/193/193 194/194/194 195/195/195
f 196/196/196 197/197/197 198/198/198
f 199/199/199 200/200/200 201/201/201
f 202/202/202 203/203/203 204/204/204
f 205/205/205 206/206/206 207/207/207
f 208/208/208 209/209/209 210/210/210
f 211/211/211 212/212/212 213/213/213
f 214/214/214 215/215/215 216/216/216
f 217/217/217 218/218/218 219/219/219
f 220/220/220 221/221/221 222/222/222
f 223/223/223 224/224/224 225/225/225
f 226/226/226 227/227/227 228/228/228
f 229/229/229 230/230/230 231/231/231
f 232/232/232 233/233/233 234/234/234
f 235/235/235 236/236/236 237/237/237
f 238/238/238 239/239/239 240/240/240
f 241/241/241 242/242/242 243/243/243
f 244/244/244 245/245/245 246/246/246
f 247/247/247 248/248/248 249/249/249
f 250/250/250 251/251/251 252/252/252
f 253/253/253 254/254/254 255/255/255
f 256/256/256 257/257/257 258/258/258
f 259/259/259 260/260/260 261/261/261
f 262/262/262 263/263/263 264/264/264
f 265/265/265 266/266/266 267/267/267
f 268/268/268 269/269/269 270/270/270
f 271/271/271 272/272/272 273/273/273
f 274/274/274 275/275/275 276/276/276
f 277/277/277 278/278/278 279/279/279
f 280/280/280 281/281/281 282/282/282
f 283/283/283 284/284/284 285/285/285
f 286/286/286 287/287/287 288/288/288
f 289/289/289 290/290/290 291/291/291
f 292/292/292 293/293/293 294/294/294
f 295/295/295 296/296/296 297/297/297
f 298/298/298 299/299/299 300/300/300
f 301/301/301 302/302/302 303/303/303
f 304/304/304 305/305/305 306/306/306
f 307/307/307 308/308/308 309/309/309
f 310/310/310 311/311/311 312/312/312
f 313/313/313 314/314/314 315/315/315
f 316/316/316 317/317/317 318/318/318
f 319/319/319 320/320/320 321/321/321
f 322/322/322 323/323/323 324/324/324
f 325/325/325 326/326/326 327/327/327
f 328/328/328 329/329/329 330/330/330
f 331/331/331 332/332/332 333/333/333
f 334/334/334 335/335/335 336/336/336
f 337/337/337 338/338/338 339/339/339
f 340/340/340 341/341/341 342/342/342
f 343/343/343 344/344/344 345/345/345
f 346/346/346 347/347/347 348/348/348
f 349/349/349 350/350/350 351/351/351
f 352/352/352 353/353/353 354/354/354
f 355/355/355 356/356/356 357/357/357
f 358/358/358 359/359/359 360/360/360
f 361/361/361 362/362/362 363/363/363
f 364/364/364 365/365/365 366/366/366
f 367/367/367 368/368/368 369/369/369
f 370/370/370 371/371/371 372/372/372
f 373/373/373 374/374/374 375/375/375
f 376/376/376 377/377/377 378/378/378
f 379/379/379 380/380/380 381/381/381
f 382/382/382 383/383/383 384/384/384
f 385/385/385 386/386/386 387/387/387
f 388/388/388 389/389/389 390/390/390
f 391/391/391 392/392/392 393/393/393
f 394/394/394 395/395/395 396/396/396
f 397/397/397 398/398/398 399/399/399
f 400/400/400 401/401/401 402/402/402
f 403/403/403 404/404/404 405/405/405
f 406/406/406 407/407/407 408/408/408
f 409/409/409 410/410/410 411/411/411
f 412/412/412 413/413/413 414/414/414
f 415/415/415 416/416/416 417/417/417
f 418/418/418 419/419/419 420/420/420
f 421/421/421 422/422/422 423/423/423
f 424/424/424 425/425/425 426/426/426
f 427/427/427 428/428/428 429/429/429
f 430/430/430 431/431/431 432/432/432
f 433/433/433 434/434/434 435/435/435
f 436/436/436 437/437/437 438/438/438
f 439/439/439 440/440/440 441/441/441
f 442/442/442 443/443/443 444/444/444
f 445/445/445 446/446/446 447/447/447
f 448/448/448 449/449/449 450/450/450
f 451/451/451 452/452/452 453/453/453
f 454/454/454 455/455/455 456/456/456
f 457/457/457 458/458/458 459/459/459
f 460/460/460 461/461/461 462/462/462
f 463/463/463 464/464/464 465/465/465
f 466/466/466 467/467/467 468/468/468
f 469/469/469 470/470/470 471/471/471
f 472/472/472 473/473/473 474/474/474
f 475/475/475 476/476/476 477/477/477
f 478/478/478 479/479/479 480/480/480
f 481/481/481 482/482/482 483/483/483
f 484/484/484 485/485/485 486/486/486
f 487/487/487 488/488/488 489/489/489
f 490/490/490 491/491/491 492/492/492
f 493/493/493 494/494/494 495/495/495
f 496/496/496 497/497/497 498/498/498
f 499/499/499 500/500/500 501/501/501
f 502/502/502 503/503/503 504/504/504
f 505/505/505 506/506/506 507/507/507
f 508/508/508 509/509/509 510/510/510
f 511/511/511 512/512/512 513/513/513
f 514/514/514 515/515/515 516/516/516
f 517/517/517 518/518/518 519/519/519
f 520/520/520 521/521/521 522/522/522
f 523/523/523 524/524/524 525/525/525
f 526/526/526 527/527/527 528/528/528
f 529/529/529 530/530/530 531/531/531
f 532/532/532 533/533/533 534/534/534
f 535/535/535 536/536/536 537/537/537
f 538/538/538 539/539/539 540/540/540
f 541/541/541 542/542/542 543/543/543
f 544/544/544 545/545/545 546/546/546
f 547/547/547 548/548/548 549/549/549
f 550/550/550 551/551/551 552/552/552
f 553/553/553 554/554/554 555/555/555
f 556/556/556 557/557/557 558/558/558
f 559/559/559 560/560/560 561/561/561
f 562/562/562 563/563/563 564/564/564
f 565/565/565 566/566/566 567/567/567
f 568/568/568 569/569/569 570/570/570
f 571/571/571 572/572/572 573/573/573
f 574/574/574 575/575/575 576/576/576
f 577/577/577 578/578/578 579/579/579
f 580/580/580 581/581/581 582/582/582
f 583/583/583 584/584/584 585/585/585
f 586/586/586 587/587/587 588/588/588
f 589/589/589 590/590/590 591/591/591
f 592/592/592 593/593/593 594/594/594
f 595/595/595 596/596/596 597/597/597
f 598/598/598 599/599/599 600/600/600
f 601/601/601 602/602/602 603/603/603
f 604/604/604 605/605/605 606/606/606
f 607/607/607 608/608/608 609/609/609
f 610/610/610 611/611/611 612/612/612
f 613/613/613 614/614/614 615/615/615
f 616/616/616 617/617/617 618/618/618
f 619/619/619 620/620/620 621/621/621
f 622/622/622 623/623/623 624/624/624
f 625/625/625 626/626/626 627/627/627
f 628/628/628 629/629/629 630/630/630
f 631/631/631 632/632/632 633/633/633
f 634/634/634 635/635/635 636/636/636
f 637/637/637 638/638/638 639/639/639
f 640/640/640 641/641/641 642/642/642
f 643/643/643 644/644/644 645/645/645
f 646/646/646 647/647/647 648/648/648
f 649/649/649 650/650/650 651/651/651
f 652/652/652 653/653/653 654/654/654
f 655/655/655 656/656/656 657/657/657
f 658/658/658 659/659/659 660/660/660
f 661/661/661 662/662/662 663/663/663
f 664/664/664 665/665/665 666/666/666
f 667/667/667 668/668/668 669/669/669
f 670/670/670 671/671/671 672/672/672
f 673/673/673 674/674/674 675/675/675
f 676/676/676 677/677/677 678/678/678
f 679/679/679 680/680/680 681/681/681
f 682/682/682 683/683/683 684/684/684
f 685/685/685 686/686/686 687/687/687
f 688/688/688 689/689/689 690/690/690
f 691/691/691 692/692/692 693/693/693
f 694/694/694 695/695/695 696/696/696
f 697/697/697 698/698/698 699/699/699
f 700/700/700 701/701/701 702/702/702
f 703/703/703 704/704/704 705/705/705
f 706/706/706 707/707/707 708/708/708
f 709/709/709 710/710/710 711/711/711
f 712/712/712 713/713/713 714/714/714
f 715/715/715 716/716/716 717/717/717
f 718/718/718 719/719/719 720/720/720
f 721/721/721 722/722/722 723/723/723
f 724/724/724 725/725/725 726/726/726
f 727/727/727 728/728/728 729/729/729
f 730/730/730 731/731/731 732/732/732
f 733/733/733 734/734/734 735/735/735
f 736/736/736 737/737/737 738/738/738
f 739/739/739 740/740/740 741/741/741
f 742/742/742 743/743/743 744/744/744
f 745/745/745 746/746/746 747/747/747
f 748/748/748 749/749/749 750/750/750
f 751/751/751 752/752/752 753/753/753
f 754/754/754 755/755/755 756/756/756
f 757/757/757 758/758/758 759/759/759
f 760/760/760 761/761/761 762/762/762
f 763/763/763 764/764/764 765/765/765
f 766/766/766 767/767/767 768/768/768
f 769/769/769 770/770/770 771/771/771
f 772/772/772 773/773/773 774/774/774
f 775/775/775 776/776/776 777/777/777
f 778/778/778 779/779/779 780/780/780
f 781/781/781 782/782/782 783/783/783
f 784/784/784 785/785/785 786/786/786
f 787/787/787 788/788/788 789/789/789
f 790/790/790 791/791/791 792/792/792
f 793/793/793 794/794/794 795/795/795
f 796/796/796 797/797/797 798/798/798
f 799/799/799 800/800/800 801/801/801
f 802/802/802 803/803/803 804/804/804
f 805/805/805 806/806/806 807/807/807
f 808/808/808 809/809/809 810/810/810
f 811/811/811 812/812/812 813/813/813
f 814/814/814 815/815/815 816/816/816
f 817/817/817 818/818/818 819/819/819
f 820/820/820 821/821/821 822/822/822
f 823/823/823 824/824/824 825/825/825
f 826/826/826 827/827/827 828/828/828
f 829/829/829 830/830/830 831/831/831
f 832/832/832 833/833/833 834/834/834
f 835/835/835 836/836/836 837/837/837
f 838/838/838 839/839/839 840/840/840
f 841/841/841 842/842/842 843/843/843
f 844/844/844 845/845/845 846/846/846
f 847/847/847 848/848/848 849/849/849
f 850/850/850 851/851/851 852/852/852
f 853/853/853 854/854/854 855/855/855
f 856/856/856 857/857/857 858/858/858
f 859/859/859 860/860/860 861/861/861
f 862/862/862 863/863/863 864/864/864
f 865/865/865 866/866/866 867/867/867
f 868/868/868 869/869/869 870/870/870
f 871/871/871 872/872/872 873/873/873
f 874/874/874 875/875/875 876/876/876
f 877/877/877 878/878/878 879/879/879
f 880/880/880 881/881/881 882/882/882
f 883/883/883 884/884/884 885/885/885
f 886/886/886 887/887/887 888/888/888
f 889/889/889 890/890/890 891/891/891
f 892/892/892 893/893/893 894/894/894
f 895/895/895 896/896/896 897/897/897
f 898/898/898 899/899/899 900/900/900
f 901/901/901 902/902/902 903/903/903
f 904/904/904 905/905/905 906/906/906
f 907/907/907 908/908/908 909/909/909
f 910/910/910 911/911/911 912/912/912
f 913/913/913 914/914/914 915/915/915
f 916/916/916 917/917/917 918/918/918
f 919/919/919 920/920/920 921/921/921
f 922/922/922 923/923/923 924/924/924
f 925/925/925 926/926/926 927/927/927
f 928/928/928 929/929/929 930/930/930
f 931/931/931 932/932/932 933/933/933
f 934/934/934 935/935/935 936/936/936
f 937/937/937 938/938/938 939/939/939
f 940/940/940 941/941/941 942/942/942
f 943/943/943 944/944/944 945/945/945
f 946/946/946 947/947/947 948/948/948
f 949/949/949 950/950/950 951/951/951
f 952/952/952 953/953/953 954/954/954
f 955/955/955 956/956/956 957/957/957
f 958/958/958 959/959/959 960/960/960
f 961/961/961 962/962/962 963/963/963
f 964/964/964 965/965/965 966/966/966
f 967/967/967 968/968/968 969/969/969
f 970/970/970 971/971/971 972/972/972
f 973/973/973 974/974/974 975/975/975
f 976/976/976 977/977/977 978/978/978
f 979/979/979 980/980/980 981/981/981
f 982/982/982 983/983/983 984/984/984
f 985/985/985 986/986/986 987/987/987
f 988/988/988 989/989/989 990/990/990
f 991/991/991 992/992/992 993/993/993
f 994/994/994 995/995/995 996/996/996
f 997/997/997 998/998/998 999/999/999
f 1000/1000/1000 1001/1001/1001 1002/1002/1002
f 1003/1003/1003 1004/1004/1004 1005/1005/1005
f 1006/1006/1006 1007/1007/1007 1008/1008/1008
f 1009/1009/1009 1010/1010/1010 1011/1011/1011
f 1012/1012/1012 1013/1013/1013 1014/1014/1014
f 1015/1015/1015 1016/1016/1016 1017/1017/1017
f 1018/1018/1018 1019/1019/1019 1020/1020/1020
f 1021/1021/1021 1022/1022/1022 1023/1023/1023
f 1024/1024/1024 1025/1025/1025 1026/1026/1026
f 1027/1027/1027 1028/1028/1028 1029/1029/1029
f 1030/1030/1030 1031/1031/1031 1032/1032/1032
f 1033/1033/1033 1034/1034/1034 1035/1035/1035
f 1036/1036/1036 1037/1037/1037 1038/1038/1038
f 1039/1039/1039 1040/1040/1040 1041/1041/1041
f 1042/1042/1042 1043/1043/1043 1044/1044/1044
f 1045/1045/1045 1046/1046/1046 1047/1047/1047
f 1048/1048/1048 1049/1049/1049 1050/1050/1050
f 1051/1051/1051 1052/1052/1052 1053/1053/1053
f 1054/1054/1054 1055/1055/1055 1056/1056/1056
f 1057/1057/1057 1058/1058/1058 1059/1059/1059
f 1060/1060/1060 1061/1061/1061 1062/1062/1062
f 1063/1063/1063 1064/1064/1064 1065/1065/1065
f 1066/1066/1066 1067/1067/1067 1068/1068/1068
f 1069/1069/1069 1070/1070/1070 1071/1071/1071
f 1072/1072/1072 1073/1073/1073 1074/1074/1074
f 1075/1075/1075 1076/1076/1076 1077/1077/1077
f 1078/1078/1078 1079/1079/1079 1080/1080/1080
f 1081/1081/1081 1082/1082/1082 1083/1083/1083
f 1084/1084/1084 1085/1085/1085 1086/1086/1086
f 1087/1087/1087 1088/1088/1088 1089/1089/1089
f 1090/1090/1090 1091/1091/1091 1092/1092/1092
f 1093/1093/1093 1094/1094/1094 1095/1095/1095
f 1096/1096/1096 1097/1097/1097 1098/1098/1098
f 1099/1099/1099 1100/1100/1100 1101/1101/1101
f 1102/1102/1102 1103/1103/1103 1104/1104/1104
f 1105/1105/1105 1106/1106/1106 1107/1107/1107
f 1108/1108/1108 1109/1109/1109 1110/1110/1110
f 1111/1111/1111 1112/1112/1112 1113/1113/1113
f 1114/1114/1114 1115/1115/1115 1116/1116/1116
f 1117/1117/1117 1118/1118/1118 1119/1119/1119
f 1120/1120/1120 1121/1121/1121 1122/1122/1122
f 1123/1123/1123 1124/1124/1124 1125/1125/1125
f 1126/1126/1126 1127/1127/1127 1128/1128/1128
f 1129/1129/1129 1130/1130/1130 1131/1131/1131
f 1132/1132/1132 1133/1133/1133 1134/1134/1134
f 1135/1135/1135 1136/1136/1136 1137/1137/1137
f 1138/1138/1138 1139/1139/1139 1140/1140/1140
f 1141/1141/1141 1142/1142/1142 1143/1143/1143
f 1144/1144/1144 1145/1145/1145 1146/1146/1146
f 1147/1147/1147 1148/1148/1148 1149/1149/1149
f 1150/1150/1150 1151/1151/1151 1152/1152/1152
f 1153/1153/1153 1154/1154/1154 1155/1155/1155
f 1156/1156/1156 1157/1157/1157 1158/1158/1158
f 1159/1159/1159 1160/1160/1160 1161/1161/1161
f 1162/1162/1162 1163/1163/1163 1164/1164/1164
f 1165/1165/1165 1166/1166/1166 1167/1167/1167
f 1168/1168/1168 1169/1169/1169 1170/1170/1170
f 1171/1171/1171 1172/1172/1172 1173/1173/1173
f 1174/1174/1174 1175/1175/1175 1176/1176/1176
f 1177/1177/1177 1178/1178/1178 1179/1179/1179
f 1180/1180/1180 1181/1181/1181 1182/1182/1182
f 1183/1183/1183 1184/1184/1184 1185/1185/1185
f 1186/1186/1186 1187/1187/1187 1188/1188/1188
f 1189/1189/1189 1190/1190/1190 1191/1191/1191
f 1192/1192/1192 1193/1193/1193 1194/1194/1194
f 1195/1195/1195 1196/1196/1196 1197/1197/1197
f 1198/1198/1198 1199/1199/1199 1200/1200/1200
f 1201/1201/1201 1202/1202/1202 1203/1203/1203
f 1204/1204/1204 1205/1205/1205 1206/1206/1206
f 1207/1207/1207 1208/1208/1208 1209/1209/1209
f 1210/1210/1210 1211/1211/1211 1212/1212/1212
f 1213/1213/1213 1214/1214/1214 1215/1215/1215
f 1216/1216/1216 1217/1217/1217 1218/1218/1218
f 1219/1219/1219 1220/1220/1220 1221/1221/1221
f 1222/1222/1222 1223/1223/1223 1224/1224/1224
f 1225/1225/1225 1226/1226/1226 1227/1227/1227
f 1228/1228/1228 1229/1229/1229 1230/1230/1230
f 1231/1231/1231 1232/1232/1232 1233/1233/1233
f 1234/1234/1234 1235/1235/1235 1236/1236/1236
f 1237/1237/1237 1238/1238/1238 1239/1239/1239
f 1240/1240/1240 1241/1241/1241 1242/1242/1242
f 1243/1243/1243 1244/1244/1244 1245/1245/1245
f 1246/1246/1246 1247/1247/1247 1248/1248/1248
f 1249/1249/1249 1250/1250/1250 1251/1251/1251
f 1252/1252/1252 1253/1253/1253 1254/1254/1254
f 1255/1255/1255 1256/1256/1256 1257/1257/1257
f 1258/1258/1258 1259/1259/1259 1260/1260/1260
f 1261/1261/1261 1262/1262/1262 1263/1263/1263
f 1264/1264/1264 1265/1265/1265 1266/1266/1266
f 1267/1267/1267 1268/1268/1268 1269/1269/1269
f 1270/1270/1270 1271/1271/1271 1272/1272/1272
f 1273/1273/1273 1274/1274/1274 1275/1275/1275
f 1276/1276/1276 1277/1277/1277 1278/1278/1278
f 1279/1279/1279 1280/1280/1280 1281/1281/1281
f 1282/1282/1282 1283/1283/1283 1284/1284/1284
f 1285/1285/1285 1286/1286/1286 1287/1287/1287
f 1288/1288/1288 1289/1289/1289 1290/1290/1290
f 1291/1291/1291 1292/1292/1292 1293/1293/1293
f 1294/1294/1294 1295/1295/1295 1296/1296/1296
f 1297/1297/1297 1298/1298/1298 1299/1299/1299
f 1300/1300/1300 1301/1301/1301 1302/1302/1302
f 1303/1303/1303 1304/1304/1304 1305/1305/1305
f 1306/1306/1306 1307/1307/1307 1308/1308/1308
f 1309/1309/1309 1310/1310/1310 1311/1311/1311
f 1312/1312/1312 1313/1313/1313 1314/1314/1314
f 1315/1315/1315 1316/1316/1316 1317/1317/1317
f 1318/1318/1318 1319/1319/1319 1320/1320/1320
f 1321/1321/1321 1322/1322/1322 1323/1323/1323
f 1324/1324/1324 1325/1325/1325 1326/1326/1326
f 1327/1327/1327 1328/1328/1328 1329/1329/1329
f 1330/1330/1330 1331/1331/1331 1332/1332/1332
f 1333/1333/1333 1334/1334/1334 1335/1335/1335
f 1336/1336/1336 1337/1337/1337 1338/1338/1338
f 1339/1339/1339 1340/1340/1340 1341/1341/1341
f 1342/1342/1342 1343/1343/1343 1344/1344/1344
f 1345/1345/1345 1346/1346/1346 1347/1347/1347
f 1348/1348/1348 1349/1349/1349 1350/1350/1350
f 1351/1351/1351 1352/1352/1352 1353/1353/1353
f 1354/1354/1354 1355/1355/1355 1356/1356/1356
f 1357/1357/1357 1358/1358/1358 1359/1359/1359
f 1360/1360/1360 1361/1361/1361 1362/1362/1362
f 1363/1363/1363 1364/1364/1364 1365/1365/1365
f 1366/1366/1366 1367/1367/1367 1368/1368/1368
f 1369/1369/1369 1370/1370/1370 1371/1371/1371
f 1372/1372/1372 1373/1373/1373 1374/1374/1374
f 1375/1375/1375 1376/1376/1376 1377/1377/1377
f 1378/1378/1378 1379/1379/1379 1380/1380/1380
f 1381/1381/1381 1382/1382/1382 1383/1383/1383
f 1384/1384/1384 1385/1385/1385 1386/1386/1386
f 1387/1387/1387 1388/1388/1388 1389/1389/1389
f 1390/1390/1390 1391/1391/1391 1392/1392/1392
f 1393/1393/1393 1394/1394/1394 1395/1395/1395
f 1396/1396/1396 1397/1397/1397 1398/1398/1398
f 1399/1399/1399 1400/1400/1400 1401/1401/1401
f 1402/1402/1402 1403/1403/1403 1404/1404/1404
f 1405/1405/1405 1406/1406/1406 1407/1407/1407
f 1408/1408/1408 1409/1409/1409 1410/1410/1410
f 1411/1411/1411 1412/1412/1412 1413/1413/1413
f 1414/1414/1414 1415/1415/1415 1416/1416/1416
f 1417/1417/1417 1418/1418/1418 1419/1419/1419
f 1420/1420/1420 1421/1421/1421 1422/1422/1422
f 1423/1423/1423 1424/1424/1424 1425/1425/1425
f 1426/1426/1426 1427/1427/1427 1428/1428/1428
f 1429/1429/1429 1430/1430/1430 1431/1431/1431
f 1432/1432/1432 1433/1433/1433 1434/1434/1434
f 1435/1435/1435 1436/1436/1436 1437/1437/1437
f 1438/1438/1438 1439/1439/1439 1440/1440/1440
f 1441/1441/1441 1442/1442/1442 1443/1443/1443
f 1444/1444/1444 1445/1445/1445 1446/1446/1446
f 1447/1447/1447 1448/1448/1448 1449/1449/1449
f 1450/1450/1450 1451/1451/1451 1452/1452/1452
f 1453/1453/1453 1454/1454/1454 1455/1455/1455
f 1456/1456/1456 1457/1457/1457 1458/1458/1458
f 1459/1459/1459 1460/1460/1460 1461/1461/1461
f 1462/1462/1462 1463/1463/1463 1464/1464/1464
f 1465/1465/1465 1466/1466/1466 1467/1467/1467
f 1468/1468/1468 1469/1469/1469 1470/1470/1470
f 1471/1471/1471 1472/1472/1472 1473/1473/1473
f 1474/1474/1474 1475/1475/1475 1476/1476/1476
f 1477/1477/1477 1478/1478/1478 1479/1479/1479
f 1480/1480/1480 1481/1481/1481 1482/1482/1482
f 1483/1483/1483 1484/1484/1484 1485/1485/1485
f 1486/1486/1486 1487/1487/1487 1488/1488/1488
f 1489/1489/1489 1490/1490/1490 1491/1491/1491
f 1492/1492/1492 1493/1493/1493 1494/1494/1494
f 1495/1495/1495 1496/1496/1496 1497/1497/1497
f 1498/1498/1498 1499/1499/1499 1500/1500/1500
f 1501/1501/1501 1502/1502/1502 1503/1503/1503
f 1504/1504/1504 1505/1505/1505 1506/1506/1506
f 1507/1507/1507 1508/1508/1508 1509/1509/1509
f 1510/1510/1510 1511/1511/1511 1512/1512/1512
f 1513/1513/1513 1514/1514/1514 1515/1515/1515
f 1516/1516/1516 1517/1517/1517 1518/1518/1518
f 1519/1519/1519 1520/1520/1520 1521/1521/1521
f 1522/1522/1522 1523/1523/1523 1524/1524/1524
f 1525/1525/1525 1526/1526/1526 1527/1527/1527
f 1528/1528/1528 1529/1529/1529 1530/1530/1530
f 1531/1531/1531 1532/1532/1532 1533/1533/1533
f 1534/1534/1534 1535/1535/1535 1536/1536/1536
f 1537/1537/1537 1538/1538/1538 1539/1539/1539
f 1540/1540/1540 1541/1541/1541 1542/1542/1542
f 1543/1543/1543 1544/1544/1544 1545/1545/1545
f 1546/1546/1546 1547/1547/1547 1548/1548/1548
f 1549/1549/1549 1550/1550/1550 1551/1551/1551
f 1552/1552/1552 1553/1553/1553 1554/1554/1554
f 1555/1555/1555 1556/1556/1556 1557/1557/1557
f 1558/1558/1558 1559/1559/1559 1560/1560/1560
f 1561/1561/1561 1562/1562/1562 1563/1563/1563
f 1564/1564/1564 1565/1565/1565 1566/1566/1566
f 1567/1567/1567 1568/1568/1568 1569/1569/1569
f 1570/1570/1570 1571/1571/1571 1572/1572/1572
f 1573/1573/1573 1574/1574/1574 1575/1575/1575
f 1576/1576/1576 1577/1577/1577 1578/1578/1578
f 1579/1579/1579 1580/1580/1580 1581/1581/1581
f 1582/1582/1582 1583/1583/1583 1584/1584/1584
f 1585/1585/1585 1586/1586/1586 1587/1587/1587
f 1588/1588/1588 1589/1589/1589 1590/1590/1590
f 1591/1591/1591 1592/1592/1592 1593/1593/1593
f 1594/1594/1594 1595/1595/1595 1596/1596/1596
f 1597/1597/1597 1598/1598/1598 1599/1599/1599
f 1600/1600/1600 1601/1601/1601 1602/1602/1602
f 1603/1603/1603 1604/1604/1604 1605/1605/1605
f 1606/1606/1606 1607/1607/1607 1608/1608/1608
f 1609/1609/1609 1610/1610/1610 1611/1611/1611
f 1612/1612/1612 1613/1613/1613 1614/1614/1614
f 1615/1615/1615 1616/1616/1616 1617/1617/1617
f 1618/1618/1618 1619/1619/1619 1620/1620/1620
f 1621/1621/1621 1622/1622/1622 1623/1623/1623
f 1624/1624/1624 1625/1625/1625 1626/1626/1626
f 1627/1627/1627 1628/1628/1628 1629/1629/1629
f 1630/1630/1630 1631/1631/1631 1632/1632/1632
f 1633/1633/1633 1634/1634/1634 1635/1635/1635
f 1636/1636/1636 1637/1637/1637 1638/1638/1638
f 1639/1639/1639 1640/1640/1640 1641/1641/1641
f 1642/1642/1642 1643/1643/1643 1644/1644/1644
f 1645/1645/1645 1646/1646/1646 1647/1647/1647
f 1648/1648/1648 1649/1649/1649 1650/1650/1650
f 1651/1651/1651 1652/1652/1652 1653/1653/1653
f 1654/1654/1654 1655/1655/1655 1656/1656/1656
f 1657/1657/1657 1658/1658/1658 1659/1659/1659
f 1660/1660/1660 1661/1661/1661 1662/1662/1662
f 1663/1663/1663 1664/1664/1664 1665/1665/1665
f 1666/1666/1666 1667/1667/1667 1668/1668/1668
f 1669/1669/1669 1670/1670/1670 1671/1671/1671
f 1672/1672/1672 1673/1673/1673 1674/1674/1674
f 1675/1675/1675 1676/1676/1676 1677/1677/1677
f 1678/1678/1678 1679/1679/1679 1680/1680/1680
f 1681/1681/1681 1682/1682/1682 1683/1683/1683
f 1684/1684/1684 1685/1685/1685 1686/1686/1686
f 1687/1687/1687 1688/1688/1688 1689/1689/1689
f 1690/1690/1690 1691/1691/1691 1692/1692/1692
f 1693/1693/1693 1694/1694/1694 1695/1695/1695
f 1696/1696/1696 1697/1697/1697 1698/1698/1698
f 1699/1699/1699 1700/1700/1700 1701/1701/1701
f 1702/1702/1702 1703/1703/1703 1704/1704/1704
f 1705/1705/1705 1706/1706/1706 1707/1707/1707
f 1708/1708/1708 1709/1709/1709 1710/1710/1710
f 1711/1711/1711 1712/1712/1712 1713/1713/1713
f 1714/1714/1714 1715/1715/1715 1716/1716/1716
f 1717/1717/1717 1718/1718/1718 1719/1719/1719
f 1720/1720/1720 1721/1721/1721 1722/1722/1722
f 1723/1723/1723 1724/1724/1724 1725/1725/1725
f 1726/1726/1726 1727/1727/1727 1728/1728/1728
f 1729/1729/1729 1730/1730/1730 1731/1731/1731
f 1732/1732/1732 1733/1733/1733 1734/1734/1734
f 1735/1735/1735 1736/1736/1736 1737/1737/1737
f 1738/1738/1738 1739/1739/1739 1740/1740/1740
f 1741/1741/1741 1742/1742/1742 1743/1743/1743
f 1744/1744/1744 1745/1745/1745 1746/1746/1746
f 1747/1747/1747 1748/1748/1748 1749/1749/1749
f 1750/1750/1750 1751/1751/1751 1752/1752/1752
f 1753/1753/1753 1754/1754/1754 1755/1755/1755
f 1756/1756/1756 1757/1757/1757 1758/1758/1758
f 1759/1759/1759 1760/1760/1760 1761/1761/1761
f 1762/1762/1762 1763/1763/1763 1764/1764/1764
f 1765/1765/1765 1766/1766/1766 1767/1767/1767
f 1768/1768/1768 1769/1769/1769 1770/1770/1770
f 1771/1771/1771 1772/1772/1772 1773/1773/1773
f 1774/1774/1774 1775/1775/1775 1776/1776/1776
f 1777/1777/1777 1778/1778/1778 1779/1779/1779
f 1780/1780/1780 1781/1781/1781 1782/1782/1782
f 1783/1783/1783 1784/1784/1784 1785/1785/1785
f 1786/1786/1786 1787/1787/1787 1788/1788/1788
f 1789/1789/1789 1790/1790/1790 1791/1791/1791
f 1792/1792/1792 1793/1793/1793 1794/1794/1794
f 1795/1795/1795 1796/1796/1796 1797/1797/1797
f 1798/1798/1798 1799/1799/1799 1800/1800/1800
f 1801/1801/1801 1802/1802/1802 1803/1803/1803
f 1804/1804/1804 1805/1805/1805 1806/1806/1806
f 1807/1807/1807 1808/1808/1808 1809/1809/1809
f 1810/1810/1810 1811/1811/1811 1812/1812/1812
f 1813/1813/1813 1814/1814/1814 1815/1815/1815
f 1816/1816/1816 1817/1817/1817 1818/1818/1818
f 1819/1819/1819 1820/1820/1820 1821/1821/1821
f 1822/1822/1822 1823/1823/1823 1824/1824/1824
f 1825/1825/1825 1826/1826/1826 1827/1827/1827
f 1828/1828/1828 1829/1829/1829 1830/1830/1830
f 1831/1831/1831 1832/1832/1832 1833/1833/1833
f 1834/1834/1834 1835/1835/1835 1836/1836/1836
f 1837/1837/1837 1838/1838/1838 1839/1839/1839
f 1840/1840/1840 1841/1841/1841 1842/1842/1842
f 1843/1843/1843 1844/1844/1844 1845/1845/1845
f 1846/1846/1846 1847/1847/1847 1848/1848/1848
f 1849/1849/1849 1850/1850/1850 1851/1851/1851
f 1852/1852/1852 1853/1853/1853 1854/1854/1854
f 1855/1855/1855 1856/1856/1856 1857/1857/1857
f 1858/1858/1858 1859/1859/1859 1860/1860/1860
f 1861/1861/1861 1862/1862/1862 1863/1863/1863
f 1864/1864/1864 1865/1865/1865 1866/1866/1866
f 1867/1867/1867 1868/1868/1868 1869/1869/1869
f 1870/1870/1870 1871/1871/1871 1872/1872/1872
f 1873/1873/1873 1874/1874/1874 1875/1875/1875
f 1876/1876/1876 1877/1877/1877 1878/1878/1878
f 1879/1879/1879 1880/1880/1880 1881/1881/1881
f 1882/1882/1882 1883/1883/1883 1884/1884/1884
f 1885/1885/1885 1886/1886/1886 1887/1887/1887
f 1888/1888/1888 1889/1889/1889 1890/1890/1890
f 1891/1891/1891 1892/1892/1892 1893/1893/1893
f 1894/1894/1894 1895/1895/1895 1896/1896/1896
f 1897/1897/1897 1898/1898/1898 1899/1899/1899
f 1900/1900/1900 1901/1901/1901 1902/1902/1902
f 1903/1903/1903 1904/1904/1904 1905/1905/1905
f 1906/1906/1906 1907/1907/1907 1908/1908/1908
f 1909/1909/1909 1910/1910/1910 1911/1911/1911
f 1912/1912/1912 1913/1913/1913 1914/1914/1914
f 1915/1915/1915 1916/1916/1916 1917/1917/1917
f 1918/1918/1918 1919/1919/1919 1920/1920/1920
f 1921/1921/1921 1922/1922/1922 1923/1923/1923
f 1924/1924/1924 1925/1925/1925 1926/1926/1926
f 1927/1927/1927 1928/1928/1928 1929/1929/1929
f 1930/1930/1930 1931/1931/1931 1932/1932/1932
f 1933/1933/1933 1934/1934/1934 1935/1935/1935
f 1936/1936/1936 1937/1937/1937 1938/1938/1938
f 1939/1939/1939 1940/1940/1940 1941/1941/1941
f 1942/1942/1942 1943/1943/1943 1944/1944/1944
f 1945/1945/1945 1946/1946/1946 1947/1947/1947
f 1948/1948/1948 1949/1949/1949 1950/1950/1950
f 1951/1951/1951 1952/1952/1952 1953/1953/1953
f 1954/1954/1954 1955/1955/1955 1956/1956/1956
f 1957/1957/1957 1958/1958/1958 1959/1959/1959
f 1960/1960/1960 1961/1961/1961 1962/1962/1962
f 1963/1963/1963 1964/1964/1964 1965/1965/1965
f 1966/1966/1966 1967/1967/1967 1968/1968/1968
f 1969/1969/1969 1970/1970/1970 1971/1971/1971
f 1972/1972/1972 1973/1973/1973 1974/1974/1974
f 1975/1975/1975 1976/1976/1976 1977/1977/1977
f 1978/1978/1978 1979/1979/1979 1980/1980/1980
f 1981/1981/1981 1982/1982/1982 1983/1983/1983
f 1984/1984/1984 1985/1985/1985 1986/1986/1986
f 1987/1987/1987 1988/1988/1988 1989/1989/1989
f 1990/1990/1990 1991/1991/1991 1992/1992/1992
f 1993/1993/1993 1994/1994/1994 1995/1995/1995
f 1996/1996/1996 1997/1997/1997 1998/1998/1998
f 1999/1999/1999 2000/2000/2000 2001/2001/2001
f 2002/2002/2002 2003/2003/2003 2004/2004/2004
f 2005/2005/2005 2006/2006/2006 2007/2007/2007
f 2008/2008/2008 2009/2009/2009 2010/2010/2010
f 2011/2011/2011 2012/2012/2012 2013/2013/2013
f 2014/2014/2014 2015/2015/2015 2016/2016/2016
f 2017/2017/2017 2018/2018/2018 2019/2019/2019
f 2020/2020/2020 2021/2021/2021 2022/2022/2022
f 2023/2023/2023 2024/2024/2024 2025/2025/2025
f 2026/2026/2026 2027/2027/2027 2028/2028/2028
