# Obsidian West — joint-local part geometry, +Y up, +Z forward
mtllib materials.mtl
o R_Wing_Forearm
v 0.067108 0.000000 -0.292398
v -0.098057 0.150704 -0.240152
v 0.720101 0.620000 -0.106531
v -0.098057 0.150704 -0.240152
v 0.572866 0.763495 -0.085678
v 0.720101 0.620000 -0.106531
v -0.098057 0.150704 -0.240152
v -0.205782 0.213127 -0.047229
v 0.572866 0.763495 -0.085678
v -0.205782 0.213127 -0.047229
v 0.447383 0.822932 0.067375
v 0.572866 0.763495 -0.085678
v -0.205782 0.213127 -0.047229
v -0.192962 0.150704 0.173361
v 0.447383 0.822932 0.067375
v -0.192962 0.150704 0.173361
v 0.417159 0.763495 0.262970
v 0.447383 0.822932 0.067375
v -0.192962 0.150704 0.173361
v -0.067108 0.000000 0.292398
v 0.417159 0.763495 0.262970
v -0.067108 0.000000 0.292398
v 0.499899 0.620000 0.386531
v 0.417159 0.763495 0.262970
v -0.067108 0.000000 0.292398
v 0.098057 -0.150704 0.240152
v 0.499899 0.620000 0.386531
v 0.098057 -0.150704 0.240152
v 0.647134 0.476505 0.365678
v 0.499899 0.620000 0.386531
v 0.098057 -0.150704 0.240152
v 0.205782 -0.213128 0.047229
v 0.647134 0.476505 0.365678
v 0.205782 -0.213128 0.047229
v 0.772617 0.417068 0.212625
v 0.647134 0.476505 0.365678
v 0.205782 -0.213128 0.047229
v 0.192962 -0.150704 -0.173361
v 0.772617 0.417068 0.212625
v 0.192962 -0.150704 -0.173361
v 0.802841 0.476505 0.017030
v 0.772617 0.417068 0.212625
v 0.192962 -0.150704 -0.173361
v 0.067108 0.000000 -0.292398
v 0.802841 0.476505 0.017030
v 0.067108 0.000000 -0.292398
v 0.720101 0.620000 -0.106531
v 0.802841 0.476505 0.017030
v 0.720101 0.620000 -0.106531
v 0.572866 0.763495 -0.085678
v 1.199692 0.990000 0.237279
v 0.572866 0.763495 -0.085678
v 1.059613 1.152144 0.233654
v 1.199692 0.990000 0.237279
v 0.572866 0.763495 -0.085678
v 0.447383 0.822932 0.067375
v 1.059613 1.152144 0.233654
v 0.447383 0.822932 0.067375
v 0.902188 1.219306 0.362619
v 1.059613 1.152144 0.233654
v 0.447383 0.822932 0.067375
v 0.417159 0.763495 0.262970
v 0.902188 1.219306 0.362619
v 0.417159 0.763495 0.262970
v 0.819633 1.152144 0.548629
v 0.902188 1.219306 0.362619
v 0.417159 0.763495 0.262970
v 0.499899 0.620000 0.386531
v 0.819633 1.152144 0.548629
v 0.499899 0.620000 0.386531
v 0.860308 0.990000 0.682721
v 0.819633 1.152144 0.548629
v 0.499899 0.620000 0.386531
v 0.647134 0.476505 0.365678
v 0.860308 0.990000 0.682721
v 0.647134 0.476505 0.365678
v 1.000386 0.827857 0.686346
v 0.860308 0.990000 0.682721
v 0.647134 0.476505 0.365678
v 0.772617 0.417068 0.212625
v 1.000386 0.827857 0.686346
v 0.772617 0.417068 0.212625
v 1.157812 0.760695 0.557381
v 1.000386 0.827857 0.686346
v 0.772617 0.417068 0.212625
v 0.802841 0.476505 0.017030
v 1.157812 0.760695 0.557381
v 0.802841 0.476505 0.017030
v 1.240367 0.827857 0.371371
v 1.157812 0.760695 0.557381
v 0.802841 0.476505 0.017030
v 0.720101 0.620000 -0.106531
v 1.240367 0.827857 0.371371
v 0.720101 0.620000 -0.106531
v 1.199692 0.990000 0.237279
v 1.240367 0.827857 0.371371
v 0.067108 0.000000 -0.292398
v -0.205782 0.213127 -0.047229
v -0.098057 0.150704 -0.240152
v 1.199692 0.990000 0.237279
v 1.059613 1.152144 0.233654
v 0.902188 1.219306 0.362619
v 0.067108 0.000000 -0.292398
v -0.192962 0.150704 0.173361
v -0.205782 0.213127 -0.047229
v 1.199692 0.990000 0.237279
v 0.902188 1.219306 0.362619
v 0.819633 1.152144 0.548629
v 0.067108 0.000000 -0.292398
v -0.067108 0.000000 0.292398
v -0.192962 0.150704 0.173361
v 1.199692 0.990000 0.237279
v 0.819633 1.152144 0.548629
v 0.860308 0.990000 0.682721
v 0.067108 0.000000 -0.292398
v 0.098057 -0.150704 0.240152
v -0.067108 0.000000 0.292398
v 1.199692 0.990000 0.237279
v 0.860308 0.990000 0.682721
v 1.000386 0.827857 0.686346
v 0.067108 0.000000 -0.292398
v 0.205782 -0.213128 0.047229
v 0.098057 -0.150704 0.240152
v 1.199692 0.990000 0.237279
v 1.000386 0.827857 0.686346
v 1.157812 0.760695 0.557381
v 0.067108 0.000000 -0.292398
v 0.192962 -0.150704 -0.173361
v 0.205782 -0.213128 0.047229
v 1.199692 0.990000 0.237279
v 1.157812 0.760695 0.557381
v 1.240367 0.827857 0.371371
v 0.180000 0.520000 0.070000
v 0.036818 0.490291 0.070000
v 0.078755 0.490291 0.183517
v 0.180000 0.520000 0.070000
v 0.078755 0.490291 0.183517
v 0.180000 0.490291 0.230537
v 0.180000 0.520000 0.070000
v 0.180000 0.490291 0.230537
v 0.281245 0.490291 0.183517
v 0.180000 0.520000 0.070000
v 0.281245 0.490291 0.183517
v 0.323182 0.490291 0.070000
v 0.180000 0.520000 0.070000
v 0.323182 0.490291 0.070000
v 0.281245 0.490291 -0.043517
v 0.180000 0.520000 0.070000
v 0.281245 0.490291 -0.043517
v 0.180000 0.490291 -0.090537
v 0.180000 0.520000 0.070000
v 0.180000 0.490291 -0.090537
v 0.078755 0.490291 -0.043517
v 0.180000 0.520000 0.070000
v 0.078755 0.490291 -0.043517
v 0.036818 0.490291 0.070000
v 0.078755 0.490291 0.183517
v 0.036818 0.490291 0.070000
v -0.002437 0.407047 0.274550
v 0.036818 0.490291 0.070000
v -0.078004 0.407047 0.070000
v -0.002437 0.407047 0.274550
v 0.180000 0.490291 0.230537
v 0.078755 0.490291 0.183517
v 0.180000 0.407047 0.359278
v 0.078755 0.490291 0.183517
v -0.002437 0.407047 0.274550
v 0.180000 0.407047 0.359278
v 0.281245 0.490291 0.183517
v 0.180000 0.490291 0.230537
v 0.362437 0.407047 0.274550
v 0.180000 0.490291 0.230537
v 0.180000 0.407047 0.359278
v 0.362437 0.407047 0.274550
v 0.323182 0.490291 0.070000
v 0.281245 0.490291 0.183517
v 0.438004 0.407047 0.070000
v 0.281245 0.490291 0.183517
v 0.362437 0.407047 0.274550
v 0.438004 0.407047 0.070000
v 0.281245 0.490291 -0.043517
v 0.323182 0.490291 0.070000
v 0.362437 0.407047 -0.134550
v 0.323182 0.490291 0.070000
v 0.438004 0.407047 0.070000
v 0.362437 0.407047 -0.134550
v 0.180000 0.490291 -0.090537
v 0.281245 0.490291 -0.043517
v 0.180000 0.407047 -0.219278
v 0.281245 0.490291 -0.043517
v 0.362437 0.407047 -0.134550
v 0.180000 0.407047 -0.219278
v 0.078755 0.490291 -0.043517
v 0.180000 0.490291 -0.090537
v -0.002437 0.407047 -0.134550
v 0.180000 0.490291 -0.090537
v 0.180000 0.407047 -0.219278
v -0.002437 0.407047 -0.134550
v 0.036818 0.490291 0.070000
v 0.078755 0.490291 -0.043517
v -0.078004 0.407047 0.070000
v 0.078755 0.490291 -0.043517
v -0.002437 0.407047 -0.134550
v -0.078004 0.407047 0.070000
v -0.002437 0.407047 0.274550
v -0.078004 0.407047 0.070000
v -0.047495 0.286756 0.325070
v -0.078004 0.407047 0.070000
v -0.141726 0.286756 0.070000
v -0.047495 0.286756 0.325070
v 0.180000 0.407047 0.359278
v -0.002437 0.407047 0.274550
v 0.180000 0.286756 0.430723
v -0.002437 0.407047 0.274550
v -0.047495 0.286756 0.325070
v 0.180000 0.286756 0.430723
v 0.362437 0.407047 0.274550
v 0.180000 0.407047 0.359278
v 0.407495 0.286756 0.325070
v 0.180000 0.407047 0.359278
v 0.180000 0.286756 0.430723
v 0.407495 0.286756 0.325070
v 0.438004 0.407047 0.070000
v 0.362437 0.407047 0.274550
v 0.501726 0.286756 0.070000
v 0.362437 0.407047 0.274550
v 0.407495 0.286756 0.325070
v 0.501726 0.286756 0.070000
v 0.362437 0.407047 -0.134550
v 0.438004 0.407047 0.070000
v 0.407495 0.286756 -0.185070
v 0.438004 0.407047 0.070000
v 0.501726 0.286756 0.070000
v 0.407495 0.286756 -0.185070
v 0.180000 0.407047 -0.219278
v 0.362437 0.407047 -0.134550
v 0.180000 0.286756 -0.290723
v 0.362437 0.407047 -0.134550
v 0.407495 0.286756 -0.185070
v 0.180000 0.286756 -0.290723
v -0.002437 0.407047 -0.134550
v 0.180000 0.407047 -0.219278
v -0.047495 0.286756 -0.185070
v 0.180000 0.407047 -0.219278
v 0.180000 0.286756 -0.290723
v -0.047495 0.286756 -0.185070
v -0.078004 0.407047 0.070000
v -0.002437 0.407047 -0.134550
v -0.141726 0.286756 0.070000
v -0.002437 0.407047 -0.134550
v -0.047495 0.286756 -0.185070
v -0.141726 0.286756 0.070000
v -0.047495 0.286756 0.325070
v -0.141726 0.286756 0.070000
v -0.047495 0.153244 0.325070
v -0.141726 0.286756 0.070000
v -0.141726 0.153244 0.070000
v -0.047495 0.153244 0.325070
v 0.180000 0.286756 0.430723
v -0.047495 0.286756 0.325070
v 0.180000 0.153244 0.430723
v -0.047495 0.286756 0.325070
v -0.047495 0.153244 0.325070
v 0.180000 0.153244 0.430723
v 0.407495 0.286756 0.325070
v 0.180000 0.286756 0.430723
v 0.407495 0.153244 0.325070
v 0.180000 0.286756 0.430723
v 0.180000 0.153244 0.430723
v 0.407495 0.153244 0.325070
v 0.501726 0.286756 0.070000
v 0.407495 0.286756 0.325070
v 0.501726 0.153244 0.070000
v 0.407495 0.286756 0.325070
v 0.407495 0.153244 0.325070
v 0.501726 0.153244 0.070000
v 0.407495 0.286756 -0.185070
v 0.501726 0.286756 0.070000
v 0.407495 0.153244 -0.185070
v 0.501726 0.286756 0.070000
v 0.501726 0.153244 0.070000
v 0.407495 0.153244 -0.185070
v 0.180000 0.286756 -0.290723
v 0.407495 0.286756 -0.185070
v 0.180000 0.153244 -0.290723
v 0.407495 0.286756 -0.185070
v 0.407495 0.153244 -0.185070
v 0.180000 0.153244 -0.290723
v -0.047495 0.286756 -0.185070
v 0.180000 0.286756 -0.290723
v -0.047495 0.153244 -0.185070
v 0.180000 0.286756 -0.290723
v 0.180000 0.153244 -0.290723
v -0.047495 0.153244 -0.185070
v -0.141726 0.286756 0.070000
v -0.047495 0.286756 -0.185070
v -0.141726 0.153244 0.070000
v -0.047495 0.286756 -0.185070
v -0.047495 0.153244 -0.185070
v -0.141726 0.153244 0.070000
v -0.047495 0.153244 0.325070
v -0.141726 0.153244 0.070000
v -0.002437 0.032953 0.274550
v -0.141726 0.153244 0.070000
v -0.078004 0.032953 0.070000
v -0.002437 0.032953 0.274550
v 0.180000 0.153244 0.430723
v -0.047495 0.153244 0.325070
v 0.180000 0.032953 0.359278
v -0.047495 0.153244 0.325070
v -0.002437 0.032953 0.274550
v 0.180000 0.032953 0.359278
v 0.407495 0.153244 0.325070
v 0.180000 0.153244 0.430723
v 0.362437 0.032953 0.274550
v 0.180000 0.153244 0.430723
v 0.180000 0.032953 0.359278
v 0.362437 0.032953 0.274550
v 0.501726 0.153244 0.070000
v 0.407495 0.153244 0.325070
v 0.438004 0.032953 0.070000
v 0.407495 0.153244 0.325070
v 0.362437 0.032953 0.274550
v 0.438004 0.032953 0.070000
v 0.407495 0.153244 -0.185070
v 0.501726 0.153244 0.070000
v 0.362437 0.032953 -0.134550
v 0.501726 0.153244 0.070000
v 0.438004 0.032953 0.070000
v 0.362437 0.032953 -0.134550
v 0.180000 0.153244 -0.290723
v 0.407495 0.153244 -0.185070
v 0.180000 0.032953 -0.219278
v 0.407495 0.153244 -0.185070
v 0.362437 0.032953 -0.134550
v 0.180000 0.032953 -0.219278
v -0.047495 0.153244 -0.185070
v 0.180000 0.153244 -0.290723
v -0.002437 0.032953 -0.134550
v 0.180000 0.153244 -0.290723
v 0.180000 0.032953 -0.219278
v -0.002437 0.032953 -0.134550
v -0.141726 0.153244 0.070000
v -0.047495 0.153244 -0.185070
v -0.078004 0.032953 0.070000
v -0.047495 0.153244 -0.185070
v -0.002437 0.032953 -0.134550
v -0.078004 0.032953 0.070000
v -0.002437 0.032953 0.274550
v -0.078004 0.032953 0.070000
v 0.078755 -0.050290 0.183517
v -0.078004 0.032953 0.070000
v 0.036818 -0.050290 0.070000
v 0.078755 -0.050290 0.183517
v 0.180000 0.032953 0.359278
v -0.002437 0.032953 0.274550
v 0.180000 -0.050290 0.230537
v -0.002437 0.032953 0.274550
v 0.078755 -0.050290 0.183517
v 0.180000 -0.050290 0.230537
v 0.362437 0.032953 0.274550
v 0.180000 0.032953 0.359278
v 0.281245 -0.050290 0.183517
v 0.180000 0.032953 0.359278
v 0.180000 -0.050290 0.230537
v 0.281245 -0.050290 0.183517
v 0.438004 0.032953 0.070000
v 0.362437 0.032953 0.274550
v 0.323182 -0.050290 0.070000
v 0.362437 0.032953 0.274550
v 0.281245 -0.050290 0.183517
v 0.323182 -0.050290 0.070000
v 0.362437 0.032953 -0.134550
v 0.438004 0.032953 0.070000
v 0.281245 -0.050290 -0.043517
v 0.438004 0.032953 0.070000
v 0.323182 -0.050290 0.070000
v 0.281245 -0.050290 -0.043517
v 0.180000 0.032953 -0.219278
v 0.362437 0.032953 -0.134550
v 0.180000 -0.050290 -0.090537
v 0.362437 0.032953 -0.134550
v 0.281245 -0.050290 -0.043517
v 0.180000 -0.050290 -0.090537
v -0.002437 0.032953 -0.134550
v 0.180000 0.032953 -0.219278
v 0.078755 -0.050290 -0.043517
v 0.180000 0.032953 -0.219278
v 0.180000 -0.050290 -0.090537
v 0.078755 -0.050290 -0.043517
v -0.078004 0.032953 0.070000
v -0.002437 0.032953 -0.134550
v 0.036818 -0.050290 0.070000
v -0.002437 0.032953 -0.134550
v 0.078755 -0.050290 -0.043517
v 0.036818 -0.050290 0.070000
v 0.078755 -0.050290 0.183517
v 0.036818 -0.050290 0.070000
v 0.180000 -0.080000 0.070000
v 0.180000 -0.050290 0.230537
v 0.078755 -0.050290 0.183517
v 0.180000 -0.080000 0.070000
v 0.281245 -0.050290 0.183517
v 0.180000 -0.050290 0.230537
v 0.180000 -0.080000 0.070000
v 0.323182 -0.050290 0.070000
v 0.281245 -0.050290 0.183517
v 0.180000 -0.080000 0.070000
v 0.281245 -0.050290 -0.043517
v 0.323182 -0.050290 0.070000
v 0.180000 -0.080000 0.070000
v 0.180000 -0.050290 -0.090537
v 0.281245 -0.050290 -0.043517
v 0.180000 -0.080000 0.070000
v 0.078755 -0.050290 -0.043517
v 0.180000 -0.050290 -0.090537
v 0.180000 -0.080000 0.070000
v 0.036818 -0.050290 0.070000
v 0.078755 -0.050290 -0.043517
v 0.180000 -0.080000 0.070000
v 0.450000 0.760000 0.190000
v 0.306818 0.730291 0.190000
v 0.348755 0.730291 0.303517
v 0.450000 0.760000 0.190000
v 0.348755 0.730291 0.303517
v 0.450000 0.730291 0.350537
v 0.450000 0.760000 0.190000
v 0.450000 0.730291 0.350537
v 0.551245 0.730291 0.303517
v 0.450000 0.760000 0.190000
v 0.551245 0.730291 0.303517
v 0.593182 0.730291 0.190000
v 0.450000 0.760000 0.190000
v 0.593182 0.730291 0.190000
v 0.551245 0.730291 0.076483
v 0.450000 0.760000 0.190000
v 0.551245 0.730291 0.076483
v 0.450000 0.730291 0.029463
v 0.450000 0.760000 0.190000
v 0.450000 0.730291 0.029463
v 0.348755 0.730291 0.076483
v 0.450000 0.760000 0.190000
v 0.348755 0.730291 0.076483
v 0.306818 0.730291 0.190000
v 0.348755 0.730291 0.303517
v 0.306818 0.730291 0.190000
v 0.267563 0.647047 0.394550
v 0.306818 0.730291 0.190000
v 0.191996 0.647047 0.190000
v 0.267563 0.647047 0.394550
v 0.450000 0.730291 0.350537
v 0.348755 0.730291 0.303517
v 0.450000 0.647047 0.479278
v 0.348755 0.730291 0.303517
v 0.267563 0.647047 0.394550
v 0.450000 0.647047 0.479278
v 0.551245 0.730291 0.303517
v 0.450000 0.730291 0.350537
v 0.632437 0.647047 0.394550
v 0.450000 0.730291 0.350537
v 0.450000 0.647047 0.479278
v 0.632437 0.647047 0.394550
v 0.593182 0.730291 0.190000
v 0.551245 0.730291 0.303517
v 0.708004 0.647047 0.190000
v 0.551245 0.730291 0.303517
v 0.632437 0.647047 0.394550
v 0.708004 0.647047 0.190000
v 0.551245 0.730291 0.076483
v 0.593182 0.730291 0.190000
v 0.632437 0.647047 -0.014550
v 0.593182 0.730291 0.190000
v 0.708004 0.647047 0.190000
v 0.632437 0.647047 -0.014550
v 0.450000 0.730291 0.029463
v 0.551245 0.730291 0.076483
v 0.450000 0.647047 -0.099278
v 0.551245 0.730291 0.076483
v 0.632437 0.647047 -0.014550
v 0.450000 0.647047 -0.099278
v 0.348755 0.730291 0.076483
v 0.450000 0.730291 0.029463
v 0.267563 0.647047 -0.014550
v 0.450000 0.730291 0.029463
v 0.450000 0.647047 -0.099278
v 0.267563 0.647047 -0.014550
v 0.306818 0.730291 0.190000
v 0.348755 0.730291 0.076483
v 0.191996 0.647047 0.190000
v 0.348755 0.730291 0.076483
v 0.267563 0.647047 -0.014550
v 0.191996 0.647047 0.190000
v 0.267563 0.647047 0.394550
v 0.191996 0.647047 0.190000
v 0.222505 0.526756 0.445070
v 0.191996 0.647047 0.190000
v 0.128274 0.526756 0.190000
v 0.222505 0.526756 0.445070
v 0.450000 0.647047 0.479278
v 0.267563 0.647047 0.394550
v 0.450000 0.526756 0.550723
v 0.267563 0.647047 0.394550
v 0.222505 0.526756 0.445070
v 0.450000 0.526756 0.550723
v 0.632437 0.647047 0.394550
v 0.450000 0.647047 0.479278
v 0.677495 0.526756 0.445070
v 0.450000 0.647047 0.479278
v 0.450000 0.526756 0.550723
v 0.677495 0.526756 0.445070
v 0.708004 0.647047 0.190000
v 0.632437 0.647047 0.394550
v 0.771726 0.526756 0.190000
v 0.632437 0.647047 0.394550
v 0.677495 0.526756 0.445070
v 0.771726 0.526756 0.190000
v 0.632437 0.647047 -0.014550
v 0.708004 0.647047 0.190000
v 0.677495 0.526756 -0.065070
v 0.708004 0.647047 0.190000
v 0.771726 0.526756 0.190000
v 0.677495 0.526756 -0.065070
v 0.450000 0.647047 -0.099278
v 0.632437 0.647047 -0.014550
v 0.450000 0.526756 -0.170723
v 0.632437 0.647047 -0.014550
v 0.677495 0.526756 -0.065070
v 0.450000 0.526756 -0.170723
v 0.267563 0.647047 -0.014550
v 0.450000 0.647047 -0.099278
v 0.222505 0.526756 -0.065070
v 0.450000 0.647047 -0.099278
v 0.450000 0.526756 -0.170723
v 0.222505 0.526756 -0.065070
v 0.191996 0.647047 0.190000
v 0.267563 0.647047 -0.014550
v 0.128274 0.526756 0.190000
v 0.267563 0.647047 -0.014550
v 0.222505 0.526756 -0.065070
v 0.128274 0.526756 0.190000
v 0.222505 0.526756 0.445070
v 0.128274 0.526756 0.190000
v 0.222505 0.393244 0.445070
v 0.128274 0.526756 0.190000
v 0.128274 0.393244 0.190000
v 0.222505 0.393244 0.445070
v 0.450000 0.526756 0.550723
v 0.222505 0.526756 0.445070
v 0.450000 0.393244 0.550723
v 0.222505 0.526756 0.445070
v 0.222505 0.393244 0.445070
v 0.450000 0.393244 0.550723
v 0.677495 0.526756 0.445070
v 0.450000 0.526756 0.550723
v 0.677495 0.393244 0.445070
v 0.450000 0.526756 0.550723
v 0.450000 0.393244 0.550723
v 0.677495 0.393244 0.445070
v 0.771726 0.526756 0.190000
v 0.677495 0.526756 0.445070
v 0.771726 0.393244 0.190000
v 0.677495 0.526756 0.445070
v 0.677495 0.393244 0.445070
v 0.771726 0.393244 0.190000
v 0.677495 0.526756 -0.065070
v 0.771726 0.526756 0.190000
v 0.677495 0.393244 -0.065070
v 0.771726 0.526756 0.190000
v 0.771726 0.393244 0.190000
v 0.677495 0.393244 -0.065070
v 0.450000 0.526756 -0.170723
v 0.677495 0.526756 -0.065070
v 0.450000 0.393244 -0.170723
v 0.677495 0.526756 -0.065070
v 0.677495 0.393244 -0.065070
v 0.450000 0.393244 -0.170723
v 0.222505 0.526756 -0.065070
v 0.450000 0.526756 -0.170723
v 0.222505 0.393244 -0.065070
v 0.450000 0.526756 -0.170723
v 0.450000 0.393244 -0.170723
v 0.222505 0.393244 -0.065070
v 0.128274 0.526756 0.190000
v 0.222505 0.526756 -0.065070
v 0.128274 0.393244 0.190000
v 0.222505 0.526756 -0.065070
v 0.222505 0.393244 -0.065070
v 0.128274 0.393244 0.190000
v 0.222505 0.393244 0.445070
v 0.128274 0.393244 0.190000
v 0.267563 0.272953 0.394550
v 0.128274 0.393244 0.190000
v 0.191996 0.272953 0.190000
v 0.267563 0.272953 0.394550
v 0.450000 0.393244 0.550723
v 0.222505 0.393244 0.445070
v 0.450000 0.272953 0.479278
v 0.222505 0.393244 0.445070
v 0.267563 0.272953 0.394550
v 0.450000 0.272953 0.479278
v 0.677495 0.393244 0.445070
v 0.450000 0.393244 0.550723
v 0.632437 0.272953 0.394550
v 0.450000 0.393244 0.550723
v 0.450000 0.272953 0.479278
v 0.632437 0.272953 0.394550
v 0.771726 0.393244 0.190000
v 0.677495 0.393244 0.445070
v 0.708004 0.272953 0.190000
v 0.677495 0.393244 0.445070
v 0.632437 0.272953 0.394550
v 0.708004 0.272953 0.190000
v 0.677495 0.393244 -0.065070
v 0.771726 0.393244 0.190000
v 0.632437 0.272953 -0.014550
v 0.771726 0.393244 0.190000
v 0.708004 0.272953 0.190000
v 0.632437 0.272953 -0.014550
v 0.450000 0.393244 -0.170723
v 0.677495 0.393244 -0.065070
v 0.450000 0.272953 -0.099278
v 0.677495 0.393244 -0.065070
v 0.632437 0.272953 -0.014550
v 0.450000 0.272953 -0.099278
v 0.222505 0.393244 -0.065070
v 0.450000 0.393244 -0.170723
v 0.267563 0.272953 -0.014550
v 0.450000 0.393244 -0.170723
v 0.450000 0.272953 -0.099278
v 0.267563 0.272953 -0.014550
v 0.128274 0.393244 0.190000
v 0.222505 0.393244 -0.065070
v 0.191996 0.272953 0.190000
v 0.222505 0.393244 -0.065070
v 0.267563 0.272953 -0.014550
v 0.191996 0.272953 0.190000
v 0.267563 0.272953 0.394550
v 0.191996 0.272953 0.190000
v 0.348755 0.189709 0.303517
v 0.191996 0.272953 0.190000
v 0.306818 0.189709 0.190000
v 0.348755 0.189709 0.303517
v 0.450000 0.272953 0.479278
v 0.267563 0.272953 0.394550
v 0.450000 0.189709 0.350537
v 0.267563 0.272953 0.394550
v 0.348755 0.189709 0.303517
v 0.450000 0.189709 0.350537
v 0.632437 0.272953 0.394550
v 0.450000 0.272953 0.479278
v 0.551245 0.189709 0.303517
v 0.450000 0.272953 0.479278
v 0.450000 0.189709 0.350537
v 0.551245 0.189709 0.303517
v 0.708004 0.272953 0.190000
v 0.632437 0.272953 0.394550
v 0.593182 0.189709 0.190000
v 0.632437 0.272953 0.394550
v 0.551245 0.189709 0.303517
v 0.593182 0.189709 0.190000
v 0.632437 0.272953 -0.014550
v 0.708004 0.272953 0.190000
v 0.551245 0.189709 0.076483
v 0.708004 0.272953 0.190000
v 0.593182 0.189709 0.190000
v 0.551245 0.189709 0.076483
v 0.450000 0.272953 -0.099278
v 0.632437 0.272953 -0.014550
v 0.450000 0.189709 0.029463
v 0.632437 0.272953 -0.014550
v 0.551245 0.189709 0.076483
v 0.450000 0.189709 0.029463
v 0.267563 0.272953 -0.014550
v 0.450000 0.272953 -0.099278
v 0.348755 0.189709 0.076483
v 0.450000 0.272953 -0.099278
v 0.450000 0.189709 0.029463
v 0.348755 0.189709 0.076483
v 0.191996 0.272953 0.190000
v 0.267563 0.272953 -0.014550
v 0.306818 0.189709 0.190000
v 0.267563 0.272953 -0.014550
v 0.348755 0.189709 0.076483
v 0.306818 0.189709 0.190000
v 0.348755 0.189709 0.303517
v 0.306818 0.189709 0.190000
v 0.450000 0.160000 0.190000
v 0.450000 0.189709 0.350537
v 0.348755 0.189709 0.303517
v 0.450000 0.160000 0.190000
v 0.551245 0.189709 0.303517
v 0.450000 0.189709 0.350537
v 0.450000 0.160000 0.190000
v 0.593182 0.189709 0.190000
v 0.551245 0.189709 0.303517
v 0.450000 0.160000 0.190000
v 0.551245 0.189709 0.076483
v 0.593182 0.189709 0.190000
v 0.450000 0.160000 0.190000
v 0.450000 0.189709 0.029463
v 0.551245 0.189709 0.076483
v 0.450000 0.160000 0.190000
v 0.348755 0.189709 0.076483
v 0.450000 0.189709 0.029463
v 0.450000 0.160000 0.190000
v 0.306818 0.189709 0.190000
v 0.348755 0.189709 0.076483
v 0.450000 0.160000 0.190000
v 0.720000 1.000000 0.310000
v 0.576818 0.970291 0.310000
v 0.618755 0.970291 0.423517
v 0.720000 1.000000 0.310000
v 0.618755 0.970291 0.423517
v 0.720000 0.970291 0.470537
v 0.720000 1.000000 0.310000
v 0.720000 0.970291 0.470537
v 0.821245 0.970291 0.423517
v 0.720000 1.000000 0.310000
v 0.821245 0.970291 0.423517
v 0.863182 0.970291 0.310000
v 0.720000 1.000000 0.310000
v 0.863182 0.970291 0.310000
v 0.821245 0.970291 0.196483
v 0.720000 1.000000 0.310000
v 0.821245 0.970291 0.196483
v 0.720000 0.970291 0.149463
v 0.720000 1.000000 0.310000
v 0.720000 0.970291 0.149463
v 0.618755 0.970291 0.196483
v 0.720000 1.000000 0.310000
v 0.618755 0.970291 0.196483
v 0.576818 0.970291 0.310000
v 0.618755 0.970291 0.423517
v 0.576818 0.970291 0.310000
v 0.537563 0.887047 0.514550
v 0.576818 0.970291 0.310000
v 0.461996 0.887047 0.310000
v 0.537563 0.887047 0.514550
v 0.720000 0.970291 0.470537
v 0.618755 0.970291 0.423517
v 0.720000 0.887047 0.599278
v 0.618755 0.970291 0.423517
v 0.537563 0.887047 0.514550
v 0.720000 0.887047 0.599278
v 0.821245 0.970291 0.423517
v 0.720000 0.970291 0.470537
v 0.902437 0.887047 0.514550
v 0.720000 0.970291 0.470537
v 0.720000 0.887047 0.599278
v 0.902437 0.887047 0.514550
v 0.863182 0.970291 0.310000
v 0.821245 0.970291 0.423517
v 0.978004 0.887047 0.310000
v 0.821245 0.970291 0.423517
v 0.902437 0.887047 0.514550
v 0.978004 0.887047 0.310000
v 0.821245 0.970291 0.196483
v 0.863182 0.970291 0.310000
v 0.902437 0.887047 0.105450
v 0.863182 0.970291 0.310000
v 0.978004 0.887047 0.310000
v 0.902437 0.887047 0.105450
v 0.720000 0.970291 0.149463
v 0.821245 0.970291 0.196483
v 0.720000 0.887047 0.020722
v 0.821245 0.970291 0.196483
v 0.902437 0.887047 0.105450
v 0.720000 0.887047 0.020722
v 0.618755 0.970291 0.196483
v 0.720000 0.970291 0.149463
v 0.537563 0.887047 0.105450
v 0.720000 0.970291 0.149463
v 0.720000 0.887047 0.020722
v 0.537563 0.887047 0.105450
v 0.576818 0.970291 0.310000
v 0.618755 0.970291 0.196483
v 0.461996 0.887047 0.310000
v 0.618755 0.970291 0.196483
v 0.537563 0.887047 0.105450
v 0.461996 0.887047 0.310000
v 0.537563 0.887047 0.514550
v 0.461996 0.887047 0.310000
v 0.492505 0.766756 0.565070
v 0.461996 0.887047 0.310000
v 0.398274 0.766756 0.310000
v 0.492505 0.766756 0.565070
v 0.720000 0.887047 0.599278
v 0.537563 0.887047 0.514550
v 0.720000 0.766756 0.670723
v 0.537563 0.887047 0.514550
v 0.492505 0.766756 0.565070
v 0.720000 0.766756 0.670723
v 0.902437 0.887047 0.514550
v 0.720000 0.887047 0.599278
v 0.947495 0.766756 0.565070
v 0.720000 0.887047 0.599278
v 0.720000 0.766756 0.670723
v 0.947495 0.766756 0.565070
v 0.978004 0.887047 0.310000
v 0.902437 0.887047 0.514550
v 1.041726 0.766756 0.310000
v 0.902437 0.887047 0.514550
v 0.947495 0.766756 0.565070
v 1.041726 0.766756 0.310000
v 0.902437 0.887047 0.105450
v 0.978004 0.887047 0.310000
v 0.947495 0.766756 0.054930
v 0.978004 0.887047 0.310000
v 1.041726 0.766756 0.310000
v 0.947495 0.766756 0.054930
v 0.720000 0.887047 0.020722
v 0.902437 0.887047 0.105450
v 0.720000 0.766756 -0.050723
v 0.902437 0.887047 0.105450
v 0.947495 0.766756 0.054930
v 0.720000 0.766756 -0.050723
v 0.537563 0.887047 0.105450
v 0.720000 0.887047 0.020722
v 0.492505 0.766756 0.054930
v 0.720000 0.887047 0.020722
v 0.720000 0.766756 -0.050723
v 0.492505 0.766756 0.054930
v 0.461996 0.887047 0.310000
v 0.537563 0.887047 0.105450
v 0.398274 0.766756 0.310000
v 0.537563 0.887047 0.105450
v 0.492505 0.766756 0.054930
v 0.398274 0.766756 0.310000
v 0.492505 0.766756 0.565070
v 0.398274 0.766756 0.310000
v 0.492505 0.633244 0.565070
v 0.398274 0.766756 0.310000
v 0.398274 0.633244 0.310000
v 0.492505 0.633244 0.565070
v 0.720000 0.766756 0.670723
v 0.492505 0.766756 0.565070
v 0.720000 0.633244 0.670723
v 0.492505 0.766756 0.565070
v 0.492505 0.633244 0.565070
v 0.720000 0.633244 0.670723
v 0.947495 0.766756 0.565070
v 0.720000 0.766756 0.670723
v 0.947495 0.633244 0.565070
v 0.720000 0.766756 0.670723
v 0.720000 0.633244 0.670723
v 0.947495 0.633244 0.565070
v 1.041726 0.766756 0.310000
v 0.947495 0.766756 0.565070
v 1.041726 0.633244 0.310000
v 0.947495 0.766756 0.565070
v 0.947495 0.633244 0.565070
v 1.041726 0.633244 0.310000
v 0.947495 0.766756 0.054930
v 1.041726 0.766756 0.310000
v 0.947495 0.633244 0.054930
v 1.041726 0.766756 0.310000
v 1.041726 0.633244 0.310000
v 0.947495 0.633244 0.054930
v 0.720000 0.766756 -0.050723
v 0.947495 0.766756 0.054930
v 0.720000 0.633244 -0.050723
v 0.947495 0.766756 0.054930
v 0.947495 0.633244 0.054930
v 0.720000 0.633244 -0.050723
v 0.492505 0.766756 0.054930
v 0.720000 0.766756 -0.050723
v 0.492505 0.633244 0.054930
v 0.720000 0.766756 -0.050723
v 0.720000 0.633244 -0.050723
v 0.492505 0.633244 0.054930
v 0.398274 0.766756 0.310000
v 0.492505 0.766756 0.054930
v 0.398274 0.633244 0.310000
v 0.492505 0.766756 0.054930
v 0.492505 0.633244 0.054930
v 0.398274 0.633244 0.310000
v 0.492505 0.633244 0.565070
v 0.398274 0.633244 0.310000
v 0.537563 0.512953 0.514550
v 0.398274 0.633244 0.310000
v 0.461996 0.512953 0.310000
v 0.537563 0.512953 0.514550
v 0.720000 0.633244 0.670723
v 0.492505 0.633244 0.565070
v 0.720000 0.512953 0.599278
v 0.492505 0.633244 0.565070
v 0.537563 0.512953 0.514550
v 0.720000 0.512953 0.599278
v 0.947495 0.633244 0.565070
v 0.720000 0.633244 0.670723
v 0.902437 0.512953 0.514550
v 0.720000 0.633244 0.670723
v 0.720000 0.512953 0.599278
v 0.902437 0.512953 0.514550
v 1.041726 0.633244 0.310000
v 0.947495 0.633244 0.565070
v 0.978004 0.512953 0.310000
v 0.947495 0.633244 0.565070
v 0.902437 0.512953 0.514550
v 0.978004 0.512953 0.310000
v 0.947495 0.633244 0.054930
v 1.041726 0.633244 0.310000
v 0.902437 0.512953 0.105450
v 1.041726 0.633244 0.310000
v 0.978004 0.512953 0.310000
v 0.902437 0.512953 0.105450
v 0.720000 0.633244 -0.050723
v 0.947495 0.633244 0.054930
v 0.720000 0.512953 0.020722
v 0.947495 0.633244 0.054930
v 0.902437 0.512953 0.105450
v 0.720000 0.512953 0.020722
v 0.492505 0.633244 0.054930
v 0.720000 0.633244 -0.050723
v 0.537563 0.512953 0.105450
v 0.720000 0.633244 -0.050723
v 0.720000 0.512953 0.020722
v 0.537563 0.512953 0.105450
v 0.398274 0.633244 0.310000
v 0.492505 0.633244 0.054930
v 0.461996 0.512953 0.310000
v 0.492505 0.633244 0.054930
v 0.537563 0.512953 0.105450
v 0.461996 0.512953 0.310000
v 0.537563 0.512953 0.514550
v 0.461996 0.512953 0.310000
v 0.618755 0.429710 0.423517
v 0.461996 0.512953 0.310000
v 0.576818 0.429710 0.310000
v 0.618755 0.429710 0.423517
v 0.720000 0.512953 0.599278
v 0.537563 0.512953 0.514550
v 0.720000 0.429710 0.470537
v 0.537563 0.512953 0.514550
v 0.618755 0.429710 0.423517
v 0.720000 0.429710 0.470537
v 0.902437 0.512953 0.514550
v 0.720000 0.512953 0.599278
v 0.821245 0.429710 0.423517
v 0.720000 0.512953 0.599278
v 0.720000 0.429710 0.470537
v 0.821245 0.429710 0.423517
v 0.978004 0.512953 0.310000
v 0.902437 0.512953 0.514550
v 0.863182 0.429710 0.310000
v 0.902437 0.512953 0.514550
v 0.821245 0.429710 0.423517
v 0.863182 0.429710 0.310000
v 0.902437 0.512953 0.105450
v 0.978004 0.512953 0.310000
v 0.821245 0.429710 0.196483
v 0.978004 0.512953 0.310000
v 0.863182 0.429710 0.310000
v 0.821245 0.429710 0.196483
v 0.720000 0.512953 0.020722
v 0.902437 0.512953 0.105450
v 0.720000 0.429710 0.149463
v 0.902437 0.512953 0.105450
v 0.821245 0.429710 0.196483
v 0.720000 0.429710 0.149463
v 0.537563 0.512953 0.105450
v 0.720000 0.512953 0.020722
v 0.618755 0.429710 0.196483
v 0.720000 0.512953 0.020722
v 0.720000 0.429710 0.149463
v 0.618755 0.429710 0.196483
v 0.461996 0.512953 0.310000
v 0.537563 0.512953 0.105450
v 0.576818 0.429710 0.310000
v 0.537563 0.512953 0.105450
v 0.618755 0.429710 0.196483
v 0.576818 0.429710 0.310000
v 0.618755 0.429710 0.423517
v 0.576818 0.429710 0.310000
v 0.720000 0.400000 0.310000
v 0.720000 0.429710 0.470537
v 0.618755 0.429710 0.423517
v 0.720000 0.400000 0.310000
v 0.821245 0.429710 0.423517
v 0.720000 0.429710 0.470537
v 0.720000 0.400000 0.310000
v 0.863182 0.429710 0.310000
v 0.821245 0.429710 0.423517
v 0.720000 0.400000 0.310000
v 0.821245 0.429710 0.196483
v 0.863182 0.429710 0.310000
v 0.720000 0.400000 0.310000
v 0.720000 0.429710 0.149463
v 0.821245 0.429710 0.196483
v 0.720000 0.400000 0.310000
v 0.618755 0.429710 0.196483
v 0.720000 0.429710 0.149463
v 0.720000 0.400000 0.310000
v 0.576818 0.429710 0.310000
v 0.618755 0.429710 0.196483
v 0.720000 0.400000 0.310000
v 0.325423 0.460000 0.384228
v 0.292421 0.484351 0.419472
v 0.440735 0.610000 0.375270
v 0.292421 0.484351 0.419472
v 0.406406 0.643882 0.399719
v 0.440735 0.610000 0.375270
v 0.292421 0.484351 0.419472
v 0.311352 0.475050 0.469265
v 0.406406 0.643882 0.399719
v 0.311352 0.475050 0.469265
v 0.404683 0.630941 0.452196
v 0.406406 0.643882 0.399719
v 0.311352 0.475050 0.469265
v 0.356054 0.444950 0.464795
v 0.404683 0.630941 0.452196
v 0.356054 0.444950 0.464795
v 0.437947 0.589059 0.460179
v 0.404683 0.630941 0.452196
v 0.356054 0.444950 0.464795
v 0.364750 0.435649 0.412239
v 0.437947 0.589059 0.460179
v 0.364750 0.435649 0.412239
v 0.460228 0.576118 0.412636
v 0.437947 0.589059 0.460179
v 0.364750 0.435649 0.412239
v 0.325423 0.460000 0.384228
v 0.460228 0.576118 0.412636
v 0.325423 0.460000 0.384228
v 0.440735 0.610000 0.375270
v 0.460228 0.576118 0.412636
v 0.440735 0.610000 0.375270
v 0.406406 0.643882 0.399719
v 0.599453 0.670000 0.448316
v 0.406406 0.643882 0.399719
v 0.572501 0.711130 0.470814
v 0.599453 0.670000 0.448316
v 0.406406 0.643882 0.399719
v 0.404683 0.630941 0.452196
v 0.572501 0.711130 0.470814
v 0.404683 0.630941 0.452196
v 0.555913 0.695420 0.519827
v 0.572501 0.711130 0.470814
v 0.404683 0.630941 0.452196
v 0.437947 0.589059 0.460179
v 0.555913 0.695420 0.519827
v 0.437947 0.589059 0.460179
v 0.572612 0.644580 0.527620
v 0.555913 0.695420 0.519827
v 0.437947 0.589059 0.460179
v 0.460228 0.576118 0.412636
v 0.572612 0.644580 0.527620
v 0.460228 0.576118 0.412636
v 0.599521 0.628870 0.483423
v 0.572612 0.644580 0.527620
v 0.460228 0.576118 0.412636
v 0.440735 0.610000 0.375270
v 0.599521 0.628870 0.483423
v 0.440735 0.610000 0.375270
v 0.599453 0.670000 0.448316
v 0.599521 0.628870 0.483423
v 0.325423 0.460000 0.384228
v 0.311352 0.475050 0.469265
v 0.292421 0.484351 0.419472
v 0.599453 0.670000 0.448316
v 0.572501 0.711130 0.470814
v 0.555913 0.695420 0.519827
v 0.325423 0.460000 0.384228
v 0.356054 0.444950 0.464795
v 0.311352 0.475050 0.469265
v 0.599453 0.670000 0.448316
v 0.555913 0.695420 0.519827
v 0.572612 0.644580 0.527620
v 0.325423 0.460000 0.384228
v 0.364750 0.435649 0.412239
v 0.356054 0.444950 0.464795
v 0.599453 0.670000 0.448316
v 0.572612 0.644580 0.527620
v 0.599521 0.628870 0.483423
v 0.328352 0.470000 0.427522
v 0.316311 0.479218 0.445369
v 0.433865 0.620000 0.417897
v 0.316311 0.479218 0.445369
v 0.419813 0.632825 0.431555
v 0.433865 0.620000 0.417897
v 0.316311 0.479218 0.445369
v 0.331648 0.470000 0.460478
v 0.419813 0.632825 0.431555
v 0.331648 0.470000 0.460478
v 0.426135 0.620000 0.450103
v 0.419813 0.632825 0.431555
v 0.331648 0.470000 0.460478
v 0.343689 0.460783 0.442631
v 0.426135 0.620000 0.450103
v 0.343689 0.460783 0.442631
v 0.440186 0.607175 0.436445
v 0.426135 0.620000 0.450103
v 0.343689 0.460783 0.442631
v 0.328352 0.470000 0.427522
v 0.440186 0.607175 0.436445
v 0.328352 0.470000 0.427522
v 0.433865 0.620000 0.417897
v 0.440186 0.607175 0.436445
v 0.433865 0.620000 0.417897
v 0.419813 0.632825 0.431555
v 0.587003 0.680000 0.488994
v 0.419813 0.632825 0.431555
v 0.574886 0.695569 0.501613
v 0.587003 0.680000 0.488994
v 0.419813 0.632825 0.431555
v 0.426135 0.620000 0.450103
v 0.574886 0.695569 0.501613
v 0.426135 0.620000 0.450103
v 0.572997 0.680000 0.519006
v 0.574886 0.695569 0.501613
v 0.426135 0.620000 0.450103
v 0.440186 0.607175 0.436445
v 0.572997 0.680000 0.519006
v 0.440186 0.607175 0.436445
v 0.585114 0.664431 0.506387
v 0.572997 0.680000 0.519006
v 0.440186 0.607175 0.436445
v 0.433865 0.620000 0.417897
v 0.585114 0.664431 0.506387
v 0.433865 0.620000 0.417897
v 0.587003 0.680000 0.488994
v 0.585114 0.664431 0.506387
v 0.328352 0.470000 0.427522
v 0.331648 0.470000 0.460478
v 0.316311 0.479218 0.445369
v 0.587003 0.680000 0.488994
v 0.574886 0.695569 0.501613
v 0.572997 0.680000 0.519006
v 0.328352 0.470000 0.427522
v 0.343689 0.460783 0.442631
v 0.331648 0.470000 0.460478
v 0.587003 0.680000 0.488994
v 0.572997 0.680000 0.519006
v 0.585114 0.664431 0.506387
vt 0.120000 0.880000
vt 0.213333 0.880000
vt 0.166667 0.786667
vt 0.120000 0.880000
vt 0.213333 0.880000
vt 0.166667 0.786667
vt 0.120000 0.880000
vt 0.213333 0.880000
vt 0.166667 0.786667
vt 0.120000 0.880000
vt 0.213333 0.880000
vt 0.166667 0.786667
vt 0.120000 0.880000
vt 0.213333 0.880000
vt 0.166667 0.786667
vt 0.120000 0.880000
vt 0.213333 0.880000
vt 0.166667 0.786667
vt 0.120000 0.880000
vt 0.213333 0.880000
vt 0.166667 0.786667
vt 0.120000 0.880000
vt 0.213333 0.880000
vt 0.166667 0.786667
vt 0.120000 0.880000
vt 0.213333 0.880000
vt 0.166667 0.786667
vt 0.120000 0.880000
vt 0.213333 0.880000
vt 0.166667 0.786667
vt 0.120000 0.880000
vt 0.213333 0.880000
vt 0.166667 0.786667
vt 0.120000 0.880000
vt 0.213333 0.880000
vt 0.166667 0.786667
vt 0.120000 0.880000
vt 0.213333 0.880000
vt 0.166667 0.786667
vt 0.120000 0.880000
vt 0.213333 0.880000
vt 0.166667 0.786667
vt 0.120000 0.880000
vt 0.213333 0.880000
vt 0.166667 0.786667
vt 0.120000 0.880000
vt 0.213333 0.880000
vt 0.166667 0.786667
vt 0.120000 0.880000
vt 0.213333 0.880000
vt 0.166667 0.786667
vt 0.120000 0.880000
vt 0.213333 0.880000
vt 0.166667 0.786667
vt 0.120000 0.880000
vt 0.213333 0.880000
vt 0.166667 0.786667
vt 0.120000 0.880000
vt 0.213333 0.880000
vt 0.166667 0.786667
vt 0.120000 0.880000
vt 0.213333 0.880000
vt 0.166667 0.786667
vt 0.120000 0.880000
vt 0.213333 0.880000
vt 0.166667 0.786667
vt 0.120000 0.880000
vt 0.213333 0.880000
vt 0.166667 0.786667
vt 0.120000 0.880000
vt 0.213333 0.880000
vt 0.166667 0.786667
vt 0.120000 0.880000
vt 0.213333 0.880000
vt 0.166667 0.786667
vt 0.120000 0.880000
vt 0.213333 0.880000
vt 0.166667 0.786667
vt 0.120000 0.880000
vt 0.213333 0.880000
vt 0.166667 0.786667
vt 0.120000 0.880000
vt 0.213333 0.880000
vt 0.166667 0.786667
vt 0.120000 0.880000
vt 0.213333 0.880000
vt 0.166667 0.786667
vt 0.120000 0.880000
vt 0.213333 0.880000
vt 0.166667 0.786667
vt 0.120000 0.880000
vt 0.213333 0.880000
vt 0.166667 0.786667
vt 0.120000 0.880000
vt 0.213333 0.880000
vt 0.166667 0.786667
vt 0.120000 0.880000
vt 0.213333 0.880000
vt 0.166667 0.786667
vt 0.120000 0.880000
vt 0.213333 0.880000
vt 0.166667 0.786667
vt 0.120000 0.880000
vt 0.213333 0.880000
vt 0.166667 0.786667
vt 0.120000 0.880000
vt 0.213333 0.880000
vt 0.166667 0.786667
vt 0.120000 0.880000
vt 0.213333 0.880000
vt 0.166667 0.786667
vt 0.120000 0.880000
vt 0.213333 0.880000
vt 0.166667 0.786667
vt 0.120000 0.880000
vt 0.213333 0.880000
vt 0.166667 0.786667
vt 0.120000 0.880000
vt 0.213333 0.880000
vt 0.166667 0.786667
vt 0.120000 0.880000
vt 0.213333 0.880000
vt 0.166667 0.786667
vt 0.120000 0.880000
vt 0.213333 0.880000
vt 0.166667 0.786667
vt 0.120000 0.880000
vt 0.213333 0.880000
vt 0.166667 0.786667
vt 0.120000 0.880000
vt 0.213333 0.880000
vt 0.166667 0.786667
vt 0.786667 0.880000
vt 0.880000 0.880000
vt 0.833333 0.786667
vt 0.786667 0.880000
vt 0.880000 0.880000
vt 0.833333 0.786667
vt 0.786667 0.880000
vt 0.880000 0.880000
vt 0.833333 0.786667
vt 0.786667 0.880000
vt 0.880000 0.880000
vt 0.833333 0.786667
vt 0.786667 0.880000
vt 0.880000 0.880000
vt 0.833333 0.786667
vt 0.786667 0.880000
vt 0.880000 0.880000
vt 0.833333 0.786667
vt 0.786667 0.880000
vt 0.880000 0.880000
vt 0.833333 0.786667
vt 0.786667 0.880000
vt 0.880000 0.880000
vt 0.833333 0.786667
vt 0.786667 0.880000
vt 0.880000 0.880000
vt 0.833333 0.786667
vt 0.786667 0.880000
vt 0.880000 0.880000
vt 0.833333 0.786667
vt 0.786667 0.880000
vt 0.880000 0.880000
vt 0.833333 0.786667
vt 0.786667 0.880000
vt 0.880000 0.880000
vt 0.833333 0.786667
vt 0.786667 0.880000
vt 0.880000 0.880000
vt 0.833333 0.786667
vt 0.786667 0.880000
vt 0.880000 0.880000
vt 0.833333 0.786667
vt 0.786667 0.880000
vt 0.880000 0.880000
vt 0.833333 0.786667
vt 0.786667 0.880000
vt 0.880000 0.880000
vt 0.833333 0.786667
vt 0.786667 0.880000
vt 0.880000 0.880000
vt 0.833333 0.786667
vt 0.786667 0.880000
vt 0.880000 0.880000
vt 0.833333 0.786667
vt 0.786667 0.880000
vt 0.880000 0.880000
vt 0.833333 0.786667
vt 0.786667 0.880000
vt 0.880000 0.880000
vt 0.833333 0.786667
vt 0.786667 0.880000
vt 0.880000 0.880000
vt 0.833333 0.786667
vt 0.786667 0.880000
vt 0.880000 0.880000
vt 0.833333 0.786667
vt 0.786667 0.880000
vt 0.880000 0.880000
vt 0.833333 0.786667
vt 0.786667 0.880000
vt 0.880000 0.880000
vt 0.833333 0.786667
vt 0.786667 0.880000
vt 0.880000 0.880000
vt 0.833333 0.786667
vt 0.786667 0.880000
vt 0.880000 0.880000
vt 0.833333 0.786667
vt 0.786667 0.880000
vt 0.880000 0.880000
vt 0.833333 0.786667
vt 0.786667 0.880000
vt 0.880000 0.880000
vt 0.833333 0.786667
vt 0.786667 0.880000
vt 0.880000 0.880000
vt 0.833333 0.786667
vt 0.786667 0.880000
vt 0.880000 0.880000
vt 0.833333 0.786667
vt 0.786667 0.880000
vt 0.880000 0.880000
vt 0.833333 0.786667
vt 0.786667 0.880000
vt 0.880000 0.880000
vt 0.833333 0.786667
vt 0.786667 0.880000
vt 0.880000 0.880000
vt 0.833333 0.786667
vt 0.786667 0.880000
vt 0.880000 0.880000
vt 0.833333 0.786667
vt 0.786667 0.880000
vt 0.880000 0.880000
vt 0.833333 0.786667
vt 0.786667 0.880000
vt 0.880000 0.880000
vt 0.833333 0.786667
vt 0.786667 0.880000
vt 0.880000 0.880000
vt 0.833333 0.786667
vt 0.786667 0.880000
vt 0.880000 0.880000
vt 0.833333 0.786667
vt 0.786667 0.880000
vt 0.880000 0.880000
vt 0.833333 0.786667
vt 0.786667 0.880000
vt 0.880000 0.880000
vt 0.833333 0.786667
vt 0.786667 0.880000
vt 0.880000 0.880000
vt 0.833333 0.786667
vt 0.786667 0.880000
vt 0.880000 0.880000
vt 0.833333 0.786667
vt 0.786667 0.880000
vt 0.880000 0.880000
vt 0.833333 0.786667
vt 0.786667 0.880000
vt 0.880000 0.880000
vt 0.833333 0.786667
vt 0.786667 0.880000
vt 0.880000 0.880000
vt 0.833333 0.786667
vt 0.786667 0.880000
vt 0.880000 0.880000
vt 0.833333 0.786667
vt 0.786667 0.880000
vt 0.880000 0.880000
vt 0.833333 0.786667
vt 0.786667 0.880000
vt 0.880000 0.880000
vt 0.833333 0.786667
vt 0.786667 0.880000
vt 0.880000 0.880000
vt 0.833333 0.786667
vt 0.786667 0.880000
vt 0.880000 0.880000
vt 0.833333 0.786667
vt 0.786667 0.880000
vt 0.880000 0.880000
vt 0.833333 0.786667
vt 0.786667 0.880000
vt 0.880000 0.880000
vt 0.833333 0.786667
vt 0.786667 0.880000
vt 0.880000 0.880000
vt 0.833333 0.786667
vt 0.786667 0.880000
vt 0.880000 0.880000
vt 0.833333 0.786667
vt 0.786667 0.880000
vt 0.880000 0.880000
vt 0.833333 0.786667
vt 0.786667 0.880000
vt 0.880000 0.880000
vt 0.833333 0.786667
vt 0.786667 0.880000
vt 0.880000 0.880000
vt 0.833333 0.786667
vt 0.786667 0.880000
vt 0.880000 0.880000
vt 0.833333 0.786667
vt 0.786667 0.880000
vt 0.880000 0.880000
vt 0.833333 0.786667
vt 0.786667 0.880000
vt 0.880000 0.880000
vt 0.833333 0.786667
vt 0.786667 0.880000
vt 0.880000 0.880000
vt 0.833333 0.786667
vt 0.786667 0.880000
vt 0.880000 0.880000
vt 0.833333 0.786667
vt 0.786667 0.880000
vt 0.880000 0.880000
vt 0.833333 0.786667
vt 0.786667 0.880000
vt 0.880000 0.880000
vt 0.833333 0.786667
vt 0.786667 0.880000
vt 0.880000 0.880000
vt 0.833333 0.786667
vt 0.786667 0.880000
vt 0.880000 0.880000
vt 0.833333 0.786667
vt 0.786667 0.880000
vt 0.880000 0.880000
vt 0.833333 0.786667
vt 0.786667 0.880000
vt 0.880000 0.880000
vt 0.833333 0.786667
vt 0.786667 0.880000
vt 0.880000 0.880000
vt 0.833333 0.786667
vt 0.786667 0.880000
vt 0.880000 0.880000
vt 0.833333 0.786667
vt 0.786667 0.880000
vt 0.880000 0.880000
vt 0.833333 0.786667
vt 0.786667 0.880000
vt 0.880000 0.880000
vt 0.833333 0.786667
vt 0.786667 0.880000
vt 0.880000 0.880000
vt 0.833333 0.786667
vt 0.786667 0.880000
vt 0.880000 0.880000
vt 0.833333 0.786667
vt 0.786667 0.880000
vt 0.880000 0.880000
vt 0.833333 0.786667
vt 0.786667 0.880000
vt 0.880000 0.880000
vt 0.833333 0.786667
vt 0.786667 0.880000
vt 0.880000 0.880000
vt 0.833333 0.786667
vt 0.786667 0.880000
vt 0.880000 0.880000
vt 0.833333 0.786667
vt 0.786667 0.880000
vt 0.880000 0.880000
vt 0.833333 0.786667
vt 0.786667 0.880000
vt 0.880000 0.880000
vt 0.833333 0.786667
vt 0.786667 0.880000
vt 0.880000 0.880000
vt 0.833333 0.786667
vt 0.786667 0.880000
vt 0.880000 0.880000
vt 0.833333 0.786667
vt 0.786667 0.880000
vt 0.880000 0.880000
vt 0.833333 0.786667
vt 0.786667 0.880000
vt 0.880000 0.880000
vt 0.833333 0.786667
vt 0.786667 0.880000
vt 0.880000 0.880000
vt 0.833333 0.786667
vt 0.786667 0.880000
vt 0.880000 0.880000
vt 0.833333 0.786667
vt 0.786667 0.880000
vt 0.880000 0.880000
vt 0.833333 0.786667
vt 0.786667 0.880000
vt 0.880000 0.880000
vt 0.833333 0.786667
vt 0.786667 0.880000
vt 0.880000 0.880000
vt 0.833333 0.786667
vt 0.786667 0.880000
vt 0.880000 0.880000
vt 0.833333 0.786667
vt 0.786667 0.880000
vt 0.880000 0.880000
vt 0.833333 0.786667
vt 0.786667 0.880000
vt 0.880000 0.880000
vt 0.833333 0.786667
vt 0.786667 0.880000
vt 0.880000 0.880000
vt 0.833333 0.786667
vt 0.786667 0.880000
vt 0.880000 0.880000
vt 0.833333 0.786667
vt 0.786667 0.880000
vt 0.880000 0.880000
vt 0.833333 0.786667
vt 0.786667 0.880000
vt 0.880000 0.880000
vt 0.833333 0.786667
vt 0.786667 0.880000
vt 0.880000 0.880000
vt 0.833333 0.786667
vt 0.786667 0.880000
vt 0.880000 0.880000
vt 0.833333 0.786667
vt 0.786667 0.880000
vt 0.880000 0.880000
vt 0.833333 0.786667
vt 0.786667 0.880000
vt 0.880000 0.880000
vt 0.833333 0.786667
vt 0.786667 0.880000
vt 0.880000 0.880000
vt 0.833333 0.786667
vt 0.786667 0.880000
vt 0.880000 0.880000
vt 0.833333 0.786667
vt 0.786667 0.880000
vt 0.880000 0.880000
vt 0.833333 0.786667
vt 0.786667 0.880000
vt 0.880000 0.880000
vt 0.833333 0.786667
vt 0.786667 0.880000
vt 0.880000 0.880000
vt 0.833333 0.786667
vt 0.786667 0.880000
vt 0.880000 0.880000
vt 0.833333 0.786667
vt 0.786667 0.880000
vt 0.880000 0.880000
vt 0.833333 0.786667
vt 0.786667 0.880000
vt 0.880000 0.880000
vt 0.833333 0.786667
vt 0.786667 0.880000
vt 0.880000 0.880000
vt 0.833333 0.786667
vt 0.786667 0.880000
vt 0.880000 0.880000
vt 0.833333 0.786667
vt 0.786667 0.880000
vt 0.880000 0.880000
vt 0.833333 0.786667
vt 0.786667 0.880000
vt 0.880000 0.880000
vt 0.833333 0.786667
vt 0.786667 0.880000
vt 0.880000 0.880000
vt 0.833333 0.786667
vt 0.786667 0.880000
vt 0.880000 0.880000
vt 0.833333 0.786667
vt 0.786667 0.880000
vt 0.880000 0.880000
vt 0.833333 0.786667
vt 0.786667 0.880000
vt 0.880000 0.880000
vt 0.833333 0.786667
vt 0.786667 0.880000
vt 0.880000 0.880000
vt 0.833333 0.786667
vt 0.786667 0.880000
vt 0.880000 0.880000
vt 0.833333 0.786667
vt 0.786667 0.880000
vt 0.880000 0.880000
vt 0.833333 0.786667
vt 0.786667 0.880000
vt 0.880000 0.880000
vt 0.833333 0.786667
vt 0.786667 0.880000
vt 0.880000 0.880000
vt 0.833333 0.786667
vt 0.786667 0.880000
vt 0.880000 0.880000
vt 0.833333 0.786667
vt 0.786667 0.880000
vt 0.880000 0.880000
vt 0.833333 0.786667
vt 0.786667 0.880000
vt 0.880000 0.880000
vt 0.833333 0.786667
vt 0.786667 0.880000
vt 0.880000 0.880000
vt 0.833333 0.786667
vt 0.786667 0.880000
vt 0.880000 0.880000
vt 0.833333 0.786667
vt 0.786667 0.880000
vt 0.880000 0.880000
vt 0.833333 0.786667
vt 0.786667 0.880000
vt 0.880000 0.880000
vt 0.833333 0.786667
vt 0.786667 0.880000
vt 0.880000 0.880000
vt 0.833333 0.786667
vt 0.786667 0.880000
vt 0.880000 0.880000
vt 0.833333 0.786667
vt 0.786667 0.880000
vt 0.880000 0.880000
vt 0.833333 0.786667
vt 0.786667 0.880000
vt 0.880000 0.880000
vt 0.833333 0.786667
vt 0.786667 0.880000
vt 0.880000 0.880000
vt 0.833333 0.786667
vt 0.786667 0.880000
vt 0.880000 0.880000
vt 0.833333 0.786667
vt 0.786667 0.880000
vt 0.880000 0.880000
vt 0.833333 0.786667
vt 0.786667 0.880000
vt 0.880000 0.880000
vt 0.833333 0.786667
vt 0.786667 0.880000
vt 0.880000 0.880000
vt 0.833333 0.786667
vt 0.786667 0.880000
vt 0.880000 0.880000
vt 0.833333 0.786667
vt 0.786667 0.880000
vt 0.880000 0.880000
vt 0.833333 0.786667
vt 0.786667 0.880000
vt 0.880000 0.880000
vt 0.833333 0.786667
vt 0.786667 0.880000
vt 0.880000 0.880000
vt 0.833333 0.786667
vt 0.786667 0.880000
vt 0.880000 0.880000
vt 0.833333 0.786667
vt 0.786667 0.880000
vt 0.880000 0.880000
vt 0.833333 0.786667
vt 0.786667 0.880000
vt 0.880000 0.880000
vt 0.833333 0.786667
vt 0.786667 0.880000
vt 0.880000 0.880000
vt 0.833333 0.786667
vt 0.786667 0.880000
vt 0.880000 0.880000
vt 0.833333 0.786667
vt 0.786667 0.880000
vt 0.880000 0.880000
vt 0.833333 0.786667
vt 0.786667 0.880000
vt 0.880000 0.880000
vt 0.833333 0.786667
vt 0.786667 0.880000
vt 0.880000 0.880000
vt 0.833333 0.786667
vt 0.786667 0.880000
vt 0.880000 0.880000
vt 0.833333 0.786667
vt 0.786667 0.880000
vt 0.880000 0.880000
vt 0.833333 0.786667
vt 0.786667 0.880000
vt 0.880000 0.880000
vt 0.833333 0.786667
vt 0.786667 0.880000
vt 0.880000 0.880000
vt 0.833333 0.786667
vt 0.786667 0.880000
vt 0.880000 0.880000
vt 0.833333 0.786667
vt 0.786667 0.880000
vt 0.880000 0.880000
vt 0.833333 0.786667
vt 0.786667 0.880000
vt 0.880000 0.880000
vt 0.833333 0.786667
vt 0.786667 0.880000
vt 0.880000 0.880000
vt 0.833333 0.786667
vt 0.786667 0.880000
vt 0.880000 0.880000
vt 0.833333 0.786667
vt 0.786667 0.880000
vt 0.880000 0.880000
vt 0.833333 0.786667
vt 0.786667 0.880000
vt 0.880000 0.880000
vt 0.833333 0.786667
vt 0.786667 0.880000
vt 0.880000 0.880000
vt 0.833333 0.786667
vt 0.786667 0.880000
vt 0.880000 0.880000
vt 0.833333 0.786667
vt 0.786667 0.880000
vt 0.880000 0.880000
vt 0.833333 0.786667
vt 0.786667 0.880000
vt 0.880000 0.880000
vt 0.833333 0.786667
vt 0.786667 0.880000
vt 0.880000 0.880000
vt 0.833333 0.786667
vt 0.786667 0.880000
vt 0.880000 0.880000
vt 0.833333 0.786667
vt 0.786667 0.880000
vt 0.880000 0.880000
vt 0.833333 0.786667
vt 0.786667 0.880000
vt 0.880000 0.880000
vt 0.833333 0.786667
vt 0.786667 0.880000
vt 0.880000 0.880000
vt 0.833333 0.786667
vt 0.786667 0.880000
vt 0.880000 0.880000
vt 0.833333 0.786667
vt 0.786667 0.880000
vt 0.880000 0.880000
vt 0.833333 0.786667
vt 0.786667 0.880000
vt 0.880000 0.880000
vt 0.833333 0.786667
vt 0.786667 0.880000
vt 0.880000 0.880000
vt 0.833333 0.786667
vt 0.786667 0.880000
vt 0.880000 0.880000
vt 0.833333 0.786667
vt 0.786667 0.880000
vt 0.880000 0.880000
vt 0.833333 0.786667
vt 0.786667 0.880000
vt 0.880000 0.880000
vt 0.833333 0.786667
vt 0.786667 0.880000
vt 0.880000 0.880000
vt 0.833333 0.786667
vt 0.786667 0.880000
vt 0.880000 0.880000
vt 0.833333 0.786667
vt 0.786667 0.880000
vt 0.880000 0.880000
vt 0.833333 0.786667
vt 0.786667 0.880000
vt 0.880000 0.880000
vt 0.833333 0.786667
vt 0.786667 0.880000
vt 0.880000 0.880000
vt 0.833333 0.786667
vt 0.786667 0.880000
vt 0.880000 0.880000
vt 0.833333 0.786667
vt 0.786667 0.880000
vt 0.880000 0.880000
vt 0.833333 0.786667
vt 0.786667 0.880000
vt 0.880000 0.880000
vt 0.833333 0.786667
vt 0.786667 0.880000
vt 0.880000 0.880000
vt 0.833333 0.786667
vt 0.786667 0.880000
vt 0.880000 0.880000
vt 0.833333 0.786667
vt 0.786667 0.880000
vt 0.880000 0.880000
vt 0.833333 0.786667
vt 0.786667 0.880000
vt 0.880000 0.880000
vt 0.833333 0.786667
vt 0.786667 0.880000
vt 0.880000 0.880000
vt 0.833333 0.786667
vt 0.786667 0.880000
vt 0.880000 0.880000
vt 0.833333 0.786667
vt 0.786667 0.880000
vt 0.880000 0.880000
vt 0.833333 0.786667
vt 0.786667 0.880000
vt 0.880000 0.880000
vt 0.833333 0.786667
vt 0.786667 0.880000
vt 0.880000 0.880000
vt 0.833333 0.786667
vt 0.786667 0.880000
vt 0.880000 0.880000
vt 0.833333 0.786667
vt 0.786667 0.880000
vt 0.880000 0.880000
vt 0.833333 0.786667
vt 0.786667 0.880000
vt 0.880000 0.880000
vt 0.833333 0.786667
vt 0.786667 0.880000
vt 0.880000 0.880000
vt 0.833333 0.786667
vt 0.786667 0.880000
vt 0.880000 0.880000
vt 0.833333 0.786667
vt 0.786667 0.880000
vt 0.880000 0.880000
vt 0.833333 0.786667
vt 0.786667 0.880000
vt 0.880000 0.880000
vt 0.833333 0.786667
vt 0.786667 0.880000
vt 0.880000 0.880000
vt 0.833333 0.786667
vt 0.786667 0.880000
vt 0.880000 0.880000
vt 0.833333 0.786667
vt 0.786667 0.880000
vt 0.880000 0.880000
vt 0.833333 0.786667
vt 0.786667 0.880000
vt 0.880000 0.880000
vt 0.833333 0.786667
vt 0.786667 0.880000
vt 0.880000 0.880000
vt 0.833333 0.786667
vt 0.786667 0.880000
vt 0.880000 0.880000
vt 0.833333 0.786667
vt 0.786667 0.880000
vt 0.880000 0.880000
vt 0.833333 0.786667
vt 0.786667 0.880000
vt 0.880000 0.880000
vt 0.833333 0.786667
vt 0.786667 0.880000
vt 0.880000 0.880000
vt 0.833333 0.786667
vt 0.786667 0.880000
vt 0.880000 0.880000
vt 0.833333 0.786667
vt 0.786667 0.880000
vt 0.880000 0.880000
vt 0.833333 0.786667
vt 0.786667 0.880000
vt 0.880000 0.880000
vt 0.833333 0.786667
vt 0.786667 0.880000
vt 0.880000 0.880000
vt 0.833333 0.786667
vt 0.786667 0.880000
vt 0.880000 0.880000
vt 0.833333 0.786667
vt 0.786667 0.880000
vt 0.880000 0.880000
vt 0.833333 0.786667
vt 0.786667 0.880000
vt 0.880000 0.880000
vt 0.833333 0.786667
vt 0.786667 0.880000
vt 0.880000 0.880000
vt 0.833333 0.786667
vt 0.786667 0.880000
vt 0.880000 0.880000
vt 0.833333 0.786667
vt 0.786667 0.880000
vt 0.880000 0.880000
vt 0.833333 0.786667
vt 0.786667 0.880000
vt 0.880000 0.880000
vt 0.833333 0.786667
vt 0.786667 0.880000
vt 0.880000 0.880000
vt 0.833333 0.786667
vt 0.786667 0.880000
vt 0.880000 0.880000
vt 0.833333 0.786667
vt 0.786667 0.880000
vt 0.880000 0.880000
vt 0.833333 0.786667
vt 0.786667 0.880000
vt 0.880000 0.880000
vt 0.833333 0.786667
vt 0.786667 0.880000
vt 0.880000 0.880000
vt 0.833333 0.786667
vt 0.786667 0.880000
vt 0.880000 0.880000
vt 0.833333 0.786667
vt 0.786667 0.880000
vt 0.880000 0.880000
vt 0.833333 0.786667
vt 0.786667 0.880000
vt 0.880000 0.880000
vt 0.833333 0.786667
vt 0.786667 0.880000
vt 0.880000 0.880000
vt 0.833333 0.786667
vt 0.786667 0.880000
vt 0.880000 0.880000
vt 0.833333 0.786667
vt 0.786667 0.880000
vt 0.880000 0.880000
vt 0.833333 0.786667
vt 0.786667 0.880000
vt 0.880000 0.880000
vt 0.833333 0.786667
vt 0.786667 0.880000
vt 0.880000 0.880000
vt 0.833333 0.786667
vt 0.786667 0.880000
vt 0.880000 0.880000
vt 0.833333 0.786667
vt 0.786667 0.880000
vt 0.880000 0.880000
vt 0.833333 0.786667
vt 0.786667 0.880000
vt 0.880000 0.880000
vt 0.833333 0.786667
vt 0.786667 0.880000
vt 0.880000 0.880000
vt 0.833333 0.786667
vt 0.786667 0.880000
vt 0.880000 0.880000
vt 0.833333 0.786667
vt 0.786667 0.880000
vt 0.880000 0.880000
vt 0.833333 0.786667
vt 0.786667 0.880000
vt 0.880000 0.880000
vt 0.833333 0.786667
vt 0.786667 0.880000
vt 0.880000 0.880000
vt 0.833333 0.786667
vt 0.786667 0.880000
vt 0.880000 0.880000
vt 0.833333 0.786667
vt 0.786667 0.880000
vt 0.880000 0.880000
vt 0.833333 0.786667
vt 0.786667 0.880000
vt 0.880000 0.880000
vt 0.833333 0.786667
vt 0.786667 0.880000
vt 0.880000 0.880000
vt 0.833333 0.786667
vt 0.786667 0.880000
vt 0.880000 0.880000
vt 0.833333 0.786667
vt 0.786667 0.880000
vt 0.880000 0.880000
vt 0.833333 0.786667
vt 0.786667 0.880000
vt 0.880000 0.880000
vt 0.833333 0.786667
vt 0.786667 0.880000
vt 0.880000 0.880000
vt 0.833333 0.786667
vt 0.786667 0.880000
vt 0.880000 0.880000
vt 0.833333 0.786667
vt 0.786667 0.880000
vt 0.880000 0.880000
vt 0.833333 0.786667
vt 0.786667 0.880000
vt 0.880000 0.880000
vt 0.833333 0.786667
vt 0.786667 0.880000
vt 0.880000 0.880000
vt 0.833333 0.786667
vt 0.786667 0.880000
vt 0.880000 0.880000
vt 0.833333 0.786667
vt 0.786667 0.880000
vt 0.880000 0.880000
vt 0.833333 0.786667
vt 0.786667 0.880000
vt 0.880000 0.880000
vt 0.833333 0.786667
vt 0.786667 0.880000
vt 0.880000 0.880000
vt 0.833333 0.786667
vt 0.786667 0.880000
vt 0.880000 0.880000
vt 0.833333 0.786667
vt 0.786667 0.880000
vt 0.880000 0.880000
vt 0.833333 0.786667
vt 0.786667 0.880000
vt 0.880000 0.880000
vt 0.833333 0.786667
vt 0.786667 0.880000
vt 0.880000 0.880000
vt 0.833333 0.786667
vt 0.786667 0.880000
vt 0.880000 0.880000
vt 0.833333 0.786667
vt 0.786667 0.880000
vt 0.880000 0.880000
vt 0.833333 0.786667
vt 0.786667 0.880000
vt 0.880000 0.880000
vt 0.833333 0.786667
vt 0.786667 0.880000
vt 0.880000 0.880000
vt 0.833333 0.786667
vt 0.786667 0.880000
vt 0.880000 0.880000
vt 0.833333 0.786667
vt 0.786667 0.880000
vt 0.880000 0.880000
vt 0.833333 0.786667
vt 0.786667 0.880000
vt 0.880000 0.880000
vt 0.833333 0.786667
vt 0.786667 0.880000
vt 0.880000 0.880000
vt 0.833333 0.786667
vt 0.786667 0.880000
vt 0.880000 0.880000
vt 0.833333 0.786667
vt 0.786667 0.880000
vt 0.880000 0.880000
vt 0.833333 0.786667
vt 0.786667 0.880000
vt 0.880000 0.880000
vt 0.833333 0.786667
vt 0.786667 0.880000
vt 0.880000 0.880000
vt 0.833333 0.786667
vt 0.786667 0.880000
vt 0.880000 0.880000
vt 0.833333 0.786667
vt 0.786667 0.880000
vt 0.880000 0.880000
vt 0.833333 0.786667
vt 0.786667 0.880000
vt 0.880000 0.880000
vt 0.833333 0.786667
vt 0.786667 0.880000
vt 0.880000 0.880000
vt 0.833333 0.786667
vt 0.786667 0.880000
vt 0.880000 0.880000
vt 0.833333 0.786667
vt 0.786667 0.880000
vt 0.880000 0.880000
vt 0.833333 0.786667
vt 0.786667 0.880000
vt 0.880000 0.880000
vt 0.833333 0.786667
vt 0.786667 0.880000
vt 0.880000 0.880000
vt 0.833333 0.786667
vt 0.786667 0.880000
vt 0.880000 0.880000
vt 0.833333 0.786667
vt 0.786667 0.880000
vt 0.880000 0.880000
vt 0.833333 0.786667
vt 0.786667 0.880000
vt 0.880000 0.880000
vt 0.833333 0.786667
vt 0.786667 0.880000
vt 0.880000 0.880000
vt 0.833333 0.786667
vt 0.786667 0.880000
vt 0.880000 0.880000
vt 0.833333 0.786667
vt 0.786667 0.880000
vt 0.880000 0.880000
vt 0.833333 0.786667
vt 0.786667 0.880000
vt 0.880000 0.880000
vt 0.833333 0.786667
vt 0.786667 0.546667
vt 0.880000 0.546667
vt 0.833333 0.453333
vt 0.786667 0.546667
vt 0.880000 0.546667
vt 0.833333 0.453333
vt 0.786667 0.546667
vt 0.880000 0.546667
vt 0.833333 0.453333
vt 0.786667 0.546667
vt 0.880000 0.546667
vt 0.833333 0.453333
vt 0.786667 0.546667
vt 0.880000 0.546667
vt 0.833333 0.453333
vt 0.786667 0.546667
vt 0.880000 0.546667
vt 0.833333 0.453333
vt 0.786667 0.546667
vt 0.880000 0.546667
vt 0.833333 0.453333
vt 0.786667 0.546667
vt 0.880000 0.546667
vt 0.833333 0.453333
vt 0.786667 0.546667
vt 0.880000 0.546667
vt 0.833333 0.453333
vt 0.786667 0.546667
vt 0.880000 0.546667
vt 0.833333 0.453333
vt 0.786667 0.546667
vt 0.880000 0.546667
vt 0.833333 0.453333
vt 0.786667 0.546667
vt 0.880000 0.546667
vt 0.833333 0.453333
vt 0.786667 0.546667
vt 0.880000 0.546667
vt 0.833333 0.453333
vt 0.786667 0.546667
vt 0.880000 0.546667
vt 0.833333 0.453333
vt 0.786667 0.546667
vt 0.880000 0.546667
vt 0.833333 0.453333
vt 0.786667 0.546667
vt 0.880000 0.546667
vt 0.833333 0.453333
vt 0.786667 0.546667
vt 0.880000 0.546667
vt 0.833333 0.453333
vt 0.786667 0.546667
vt 0.880000 0.546667
vt 0.833333 0.453333
vt 0.786667 0.546667
vt 0.880000 0.546667
vt 0.833333 0.453333
vt 0.786667 0.546667
vt 0.880000 0.546667
vt 0.833333 0.453333
vt 0.786667 0.546667
vt 0.880000 0.546667
vt 0.833333 0.453333
vt 0.786667 0.546667
vt 0.880000 0.546667
vt 0.833333 0.453333
vt 0.786667 0.546667
vt 0.880000 0.546667
vt 0.833333 0.453333
vt 0.786667 0.546667
vt 0.880000 0.546667
vt 0.833333 0.453333
vt 0.786667 0.546667
vt 0.880000 0.546667
vt 0.833333 0.453333
vt 0.786667 0.546667
vt 0.880000 0.546667
vt 0.833333 0.453333
vt 0.786667 0.213333
vt 0.880000 0.213333
vt 0.833333 0.120000
vt 0.786667 0.213333
vt 0.880000 0.213333
vt 0.833333 0.120000
vt 0.786667 0.213333
vt 0.880000 0.213333
vt 0.833333 0.120000
vt 0.786667 0.213333
vt 0.880000 0.213333
vt 0.833333 0.120000
vt 0.786667 0.213333
vt 0.880000 0.213333
vt 0.833333 0.120000
vt 0.786667 0.213333
vt 0.880000 0.213333
vt 0.833333 0.120000
vt 0.786667 0.213333
vt 0.880000 0.213333
vt 0.833333 0.120000
vt 0.786667 0.213333
vt 0.880000 0.213333
vt 0.833333 0.120000
vt 0.786667 0.213333
vt 0.880000 0.213333
vt 0.833333 0.120000
vt 0.786667 0.213333
vt 0.880000 0.213333
vt 0.833333 0.120000
vt 0.786667 0.213333
vt 0.880000 0.213333
vt 0.833333 0.120000
vt 0.786667 0.213333
vt 0.880000 0.213333
vt 0.833333 0.120000
vt 0.786667 0.213333
vt 0.880000 0.213333
vt 0.833333 0.120000
vt 0.786667 0.213333
vt 0.880000 0.213333
vt 0.833333 0.120000
vt 0.786667 0.213333
vt 0.880000 0.213333
vt 0.833333 0.120000
vt 0.786667 0.213333
vt 0.880000 0.213333
vt 0.833333 0.120000
vt 0.786667 0.213333
vt 0.880000 0.213333
vt 0.833333 0.120000
vt 0.786667 0.213333
vt 0.880000 0.213333
vt 0.833333 0.120000
vt 0.786667 0.213333
vt 0.880000 0.213333
vt 0.833333 0.120000
vt 0.786667 0.213333
vt 0.880000 0.213333
vt 0.833333 0.120000
vn -0.203431 -0.551556 -0.808951
vn -0.229846 0.393289 -0.890222
vn 0.383954 0.023946 -0.923042
vn -0.229846 0.393289 -0.890222
vn -0.143680 0.563436 -0.813570
vn 0.383954 0.023946 -0.923042
vn -0.229846 0.393289 -0.890222
vn -0.754939 0.556944 -0.346238
vn -0.143680 0.563436 -0.813570
vn -0.754939 0.556944 -0.346238
vn -0.582471 0.779906 -0.229073
vn -0.143680 0.563436 -0.813570
vn -0.754939 0.556944 -0.346238
vn -0.884898 0.304054 0.352857
vn -0.582471 0.779906 -0.229073
vn -0.884898 0.304054 0.352857
vn -0.676495 0.548501 0.491427
vn -0.582471 0.779906 -0.229073
vn -0.884898 0.304054 0.352857
vn -0.588023 -0.176962 0.789248
vn -0.676495 0.548501 0.491427
vn -0.588023 -0.176962 0.789248
vn -0.364825 -0.001935 0.931074
vn -0.676495 0.548501 0.491427
vn -0.588023 -0.176962 0.789248
vn -0.043611 -0.631196 0.774396
vn -0.364825 -0.001935 0.931074
vn -0.043611 -0.631196 0.774396
vn 0.174308 -0.549287 0.817252
vn -0.364825 -0.001935 0.931074
vn -0.043611 -0.631196 0.774396
vn 0.489739 -0.824597 0.283190
vn 0.174308 -0.549287 0.817252
vn 0.489739 -0.824597 0.283190
vn 0.610866 -0.760689 0.219535
vn 0.174308 -0.549287 0.817252
vn 0.489739 -0.824597 0.283190
vn 0.669123 -0.598588 -0.440417
vn 0.610866 -0.760689 0.219535
vn 0.669123 -0.598588 -0.440417
vn 0.693691 -0.521767 -0.496540
vn 0.610866 -0.760689 0.219535
vn 0.669123 -0.598588 -0.440417
vn -0.203431 -0.551556 -0.808951
vn 0.693691 -0.521767 -0.496540
vn -0.203431 -0.551556 -0.808951
vn 0.383954 0.023946 -0.923042
vn 0.693691 -0.521767 -0.496540
vn 0.383954 0.023946 -0.923042
vn -0.143680 0.563436 -0.813570
vn 0.825915 0.519753 -0.218452
vn -0.143680 0.563436 -0.813570
vn 0.006330 0.698863 -0.715228
vn 0.825915 0.519753 -0.218452
vn -0.143680 0.563436 -0.813570
vn -0.582471 0.779906 -0.229073
vn 0.006330 0.698863 -0.715228
vn -0.582471 0.779906 -0.229073
vn -0.369547 0.926507 -0.070849
vn 0.006330 0.698863 -0.715228
vn -0.582471 0.779906 -0.229073
vn -0.676495 0.548501 0.491427
vn -0.369547 0.926507 -0.070849
vn -0.676495 0.548501 0.491427
vn -0.386818 0.673141 0.630280
vn -0.369547 0.926507 -0.070849
vn -0.676495 0.548501 0.491427
vn -0.364825 -0.001935 0.931074
vn -0.386818 0.673141 0.630280
vn -0.364825 -0.001935 0.931074
vn -0.102017 0.170113 0.980130
vn -0.386818 0.673141 0.630280
vn -0.364825 -0.001935 0.931074
vn 0.174308 -0.549287 0.817252
vn -0.102017 0.170113 0.980130
vn 0.174308 -0.549287 0.817252
vn 0.321910 -0.340752 0.883324
vn -0.102017 0.170113 0.980130
vn 0.174308 -0.549287 0.817252
vn 0.610866 -0.760689 0.219535
vn 0.321910 -0.340752 0.883324
vn 0.610866 -0.760689 0.219535
vn 0.712205 -0.623864 0.321803
vn 0.321910 -0.340752 0.883324
vn 0.610866 -0.760689 0.219535
vn 0.693691 -0.521767 -0.496540
vn 0.712205 -0.623864 0.321803
vn 0.693691 -0.521767 -0.496540
vn 0.793634 -0.427814 -0.432574
vn 0.712205 -0.623864 0.321803
vn 0.693691 -0.521767 -0.496540
vn 0.383954 0.023946 -0.923042
vn 0.793634 -0.427814 -0.432574
vn 0.383954 0.023946 -0.923042
vn 0.825915 0.519753 -0.218452
vn 0.793634 -0.427814 -0.432574
vn -0.203431 -0.551556 -0.808951
vn -0.754939 0.556944 -0.346238
vn -0.229846 0.393289 -0.890222
vn 0.825915 0.519753 -0.218452
vn 0.006330 0.698863 -0.715228
vn -0.369547 0.926507 -0.070849
vn -0.203431 -0.551556 -0.808951
vn -0.884898 0.304054 0.352857
vn -0.754939 0.556944 -0.346238
vn 0.825915 0.519753 -0.218452
vn -0.369547 0.926507 -0.070849
vn -0.386818 0.673141 0.630280
vn -0.203431 -0.551556 -0.808951
vn -0.588023 -0.176962 0.789248
vn -0.884898 0.304054 0.352857
vn 0.825915 0.519753 -0.218452
vn -0.386818 0.673141 0.630280
vn -0.102017 0.170113 0.980130
vn -0.203431 -0.551556 -0.808951
vn -0.043611 -0.631196 0.774396
vn -0.588023 -0.176962 0.789248
vn 0.825915 0.519753 -0.218452
vn -0.102017 0.170113 0.980130
vn 0.321910 -0.340752 0.883324
vn -0.203431 -0.551556 -0.808951
vn 0.489739 -0.824597 0.283190
vn -0.043611 -0.631196 0.774396
vn 0.825915 0.519753 -0.218452
vn 0.321910 -0.340752 0.883324
vn 0.712205 -0.623864 0.321803
vn -0.203431 -0.551556 -0.808951
vn 0.669123 -0.598588 -0.440417
vn 0.489739 -0.824597 0.283190
vn 0.825915 0.519753 -0.218452
vn 0.712205 -0.623864 0.321803
vn 0.793634 -0.427814 -0.432574
vn 0.000000 1.000000 0.000000
vn -0.401046 0.916058 0.000000
vn -0.285944 0.923686 0.255031
vn 0.000000 1.000000 0.000000
vn -0.285944 0.923686 0.255031
vn -0.000000 0.931508 0.363722
vn 0.000000 1.000000 0.000000
vn -0.000000 0.931508 0.363722
vn 0.285944 0.923686 0.255031
vn 0.000000 1.000000 0.000000
vn 0.285944 0.923686 0.255031
vn 0.401046 0.916058 0.000000
vn 0.000000 1.000000 0.000000
vn 0.401046 0.916058 0.000000
vn 0.285944 0.923686 -0.255031
vn 0.000000 1.000000 0.000000
vn 0.285944 0.923686 -0.255031
vn 0.000000 0.931508 -0.363722
vn 0.000000 1.000000 0.000000
vn 0.000000 0.931508 -0.363722
vn -0.285944 0.923686 -0.255031
vn 0.000000 1.000000 0.000000
vn -0.285944 0.923686 -0.255031
vn -0.401046 0.916058 -0.000000
vn -0.285944 0.923686 0.255031
vn -0.401046 0.916058 0.000000
vn -0.547626 0.679373 0.488424
vn -0.401046 0.916058 0.000000
vn -0.751749 0.659450 0.000000
vn -0.547626 0.679373 0.488424
vn -0.000000 0.931508 0.363722
vn -0.285944 0.923686 0.255031
vn -0.000000 0.701219 0.712946
vn -0.285944 0.923686 0.255031
vn -0.547626 0.679373 0.488424
vn -0.000000 0.701219 0.712946
vn 0.285944 0.923686 0.255031
vn -0.000000 0.931508 0.363722
vn 0.547626 0.679373 0.488424
vn -0.000000 0.931508 0.363722
vn -0.000000 0.701219 0.712946
vn 0.547626 0.679373 0.488424
vn 0.401046 0.916058 0.000000
vn 0.285944 0.923686 0.255031
vn 0.751749 0.659450 0.000000
vn 0.285944 0.923686 0.255031
vn 0.547626 0.679373 0.488424
vn 0.751749 0.659450 0.000000
vn 0.285944 0.923686 -0.255031
vn 0.401046 0.916058 0.000000
vn 0.547626 0.679373 -0.488424
vn 0.401046 0.916058 0.000000
vn 0.751749 0.659450 0.000000
vn 0.547626 0.679373 -0.488424
vn 0.000000 0.931508 -0.363722
vn 0.285944 0.923686 -0.255031
vn 0.000000 0.701219 -0.712946
vn 0.285944 0.923686 -0.255031
vn 0.547626 0.679373 -0.488424
vn 0.000000 0.701219 -0.712946
vn -0.285944 0.923686 -0.255031
vn 0.000000 0.931508 -0.363722
vn -0.547626 0.679373 -0.488424
vn 0.000000 0.931508 -0.363722
vn 0.000000 0.701219 -0.712946
vn -0.547626 0.679373 -0.488424
vn -0.401046 0.916058 -0.000000
vn -0.285944 0.923686 -0.255031
vn -0.751749 0.659450 -0.000000
vn -0.285944 0.923686 -0.255031
vn -0.547626 0.679373 -0.488424
vn -0.751749 0.659450 -0.000000
vn -0.547626 0.679373 0.488424
vn -0.751749 0.659450 0.000000
vn -0.721398 0.256142 0.643409
vn -0.751749 0.659450 0.000000
vn -0.969898 0.243510 0.000000
vn -0.721398 0.256142 0.643409
vn -0.000000 0.701219 0.712946
vn -0.547626 0.679373 0.488424
vn -0.000000 0.270969 0.962588
vn -0.547626 0.679373 0.488424
vn -0.721398 0.256142 0.643409
vn -0.000000 0.270969 0.962588
vn 0.547626 0.679373 0.488424
vn -0.000000 0.701219 0.712946
vn 0.721398 0.256142 0.643409
vn -0.000000 0.701219 0.712946
vn -0.000000 0.270969 0.962588
vn 0.721398 0.256142 0.643409
vn 0.751749 0.659450 0.000000
vn 0.547626 0.679373 0.488424
vn 0.969898 0.243510 0.000000
vn 0.547626 0.679373 0.488424
vn 0.721398 0.256142 0.643409
vn 0.969898 0.243510 0.000000
vn 0.547626 0.679373 -0.488424
vn 0.751749 0.659450 0.000000
vn 0.721398 0.256142 -0.643409
vn 0.751749 0.659450 0.000000
vn 0.969898 0.243510 0.000000
vn 0.721398 0.256142 -0.643409
vn 0.000000 0.701219 -0.712946
vn 0.547626 0.679373 -0.488424
vn 0.000000 0.270969 -0.962588
vn 0.547626 0.679373 -0.488424
vn 0.721398 0.256142 -0.643409
vn 0.000000 0.270969 -0.962588
vn -0.547626 0.679373 -0.488424
vn 0.000000 0.701219 -0.712946
vn -0.721398 0.256142 -0.643409
vn 0.000000 0.701219 -0.712946
vn 0.000000 0.270969 -0.962588
vn -0.721398 0.256142 -0.643409
vn -0.751749 0.659450 -0.000000
vn -0.547626 0.679373 -0.488424
vn -0.969898 0.243510 -0.000000
vn -0.547626 0.679373 -0.488424
vn -0.721398 0.256142 -0.643409
vn -0.969898 0.243510 -0.000000
vn -0.721398 0.256142 0.643409
vn -0.969898 0.243510 0.000000
vn -0.721398 -0.256142 0.643409
vn -0.969898 0.243510 0.000000
vn -0.969898 -0.243510 0.000000
vn -0.721398 -0.256142 0.643409
vn -0.000000 0.270969 0.962588
vn -0.721398 0.256142 0.643409
vn -0.000000 -0.270969 0.962588
vn -0.721398 0.256142 0.643409
vn -0.721398 -0.256142 0.643409
vn -0.000000 -0.270969 0.962588
vn 0.721398 0.256142 0.643409
vn -0.000000 0.270969 0.962588
vn 0.721398 -0.256142 0.643409
vn -0.000000 0.270969 0.962588
vn -0.000000 -0.270969 0.962588
vn 0.721398 -0.256142 0.643409
vn 0.969898 0.243510 0.000000
vn 0.721398 0.256142 0.643409
vn 0.969898 -0.243510 0.000000
vn 0.721398 0.256142 0.643409
vn 0.721398 -0.256142 0.643409
vn 0.969898 -0.243510 0.000000
vn 0.721398 0.256142 -0.643409
vn 0.969898 0.243510 0.000000
vn 0.721398 -0.256142 -0.643409
vn 0.969898 0.243510 0.000000
vn 0.969898 -0.243510 0.000000
vn 0.721398 -0.256142 -0.643409
vn 0.000000 0.270969 -0.962588
vn 0.721398 0.256142 -0.643409
vn 0.000000 -0.270969 -0.962588
vn 0.721398 0.256142 -0.643409
vn 0.721398 -0.256142 -0.643409
vn 0.000000 -0.270969 -0.962588
vn -0.721398 0.256142 -0.643409
vn 0.000000 0.270969 -0.962588
vn -0.721398 -0.256142 -0.643409
vn 0.000000 0.270969 -0.962588
vn 0.000000 -0.270969 -0.962588
vn -0.721398 -0.256142 -0.643409
vn -0.969898 0.243510 -0.000000
vn -0.721398 0.256142 -0.643409
vn -0.969898 -0.243510 -0.000000
vn -0.721398 0.256142 -0.643409
vn -0.721398 -0.256142 -0.643409
vn -0.969898 -0.243510 -0.000000
vn -0.721398 -0.256142 0.643409
vn -0.969898 -0.243510 0.000000
vn -0.547626 -0.679373 0.488424
vn -0.969898 -0.243510 0.000000
vn -0.751749 -0.659450 0.000000
vn -0.547626 -0.679373 0.488424
vn -0.000000 -0.270969 0.962588
vn -0.721398 -0.256142 0.643409
vn -0.000000 -0.701219 0.712946
vn -0.721398 -0.256142 0.643409
vn -0.547626 -0.679373 0.488424
vn -0.000000 -0.701219 0.712946
vn 0.721398 -0.256142 0.643409
vn -0.000000 -0.270969 0.962588
vn 0.547626 -0.679373 0.488424
vn -0.000000 -0.270969 0.962588
vn -0.000000 -0.701219 0.712946
vn 0.547626 -0.679373 0.488424
vn 0.969898 -0.243510 0.000000
vn 0.721398 -0.256142 0.643409
vn 0.751749 -0.659450 0.000000
vn 0.721398 -0.256142 0.643409
vn 0.547626 -0.679373 0.488424
vn 0.751749 -0.659450 0.000000
vn 0.721398 -0.256142 -0.643409
vn 0.969898 -0.243510 0.000000
vn 0.547626 -0.679373 -0.488424
vn 0.969898 -0.243510 0.000000
vn 0.751749 -0.659450 0.000000
vn 0.547626 -0.679373 -0.488424
vn 0.000000 -0.270969 -0.962588
vn 0.721398 -0.256142 -0.643409
vn 0.000000 -0.701219 -0.712946
vn 0.721398 -0.256142 -0.643409
vn 0.547626 -0.679373 -0.488424
vn 0.000000 -0.701219 -0.712946
vn -0.721398 -0.256142 -0.643409
vn 0.000000 -0.270969 -0.962588
vn -0.547626 -0.679373 -0.488424
vn 0.000000 -0.270969 -0.962588
vn 0.000000 -0.701219 -0.712946
vn -0.547626 -0.679373 -0.488424
vn -0.969898 -0.243510 -0.000000
vn -0.721398 -0.256142 -0.643409
vn -0.751749 -0.659450 -0.000000
vn -0.721398 -0.256142 -0.643409
vn -0.547626 -0.679373 -0.488424
vn -0.751749 -0.659450 -0.000000
vn -0.547626 -0.679373 0.488424
vn -0.751749 -0.659450 0.000000
vn -0.285944 -0.923686 0.255031
vn -0.751749 -0.659450 0.000000
vn -0.401046 -0.916058 0.000000
vn -0.285944 -0.923686 0.255031
vn -0.000000 -0.701219 0.712946
vn -0.547626 -0.679373 0.488424
vn -0.000000 -0.931508 0.363722
vn -0.547626 -0.679373 0.488424
vn -0.285944 -0.923686 0.255031
vn -0.000000 -0.931508 0.363722
vn 0.547626 -0.679373 0.488424
vn -0.000000 -0.701219 0.712946
vn 0.285944 -0.923686 0.255031
vn -0.000000 -0.701219 0.712946
vn -0.000000 -0.931508 0.363722
vn 0.285944 -0.923686 0.255031
vn 0.751749 -0.659450 0.000000
vn 0.547626 -0.679373 0.488424
vn 0.401046 -0.916058 0.000000
vn 0.547626 -0.679373 0.488424
vn 0.285944 -0.923686 0.255031
vn 0.401046 -0.916058 0.000000
vn 0.547626 -0.679373 -0.488424
vn 0.751749 -0.659450 0.000000
vn 0.285944 -0.923686 -0.255031
vn 0.751749 -0.659450 0.000000
vn 0.401046 -0.916058 0.000000
vn 0.285944 -0.923686 -0.255031
vn 0.000000 -0.701219 -0.712946
vn 0.547626 -0.679373 -0.488424
vn 0.000000 -0.931508 -0.363722
vn 0.547626 -0.679373 -0.488424
vn 0.285944 -0.923686 -0.255031
vn 0.000000 -0.931508 -0.363722
vn -0.547626 -0.679373 -0.488424
vn 0.000000 -0.701219 -0.712946
vn -0.285944 -0.923686 -0.255031
vn 0.000000 -0.701219 -0.712946
vn 0.000000 -0.931508 -0.363722
vn -0.285944 -0.923686 -0.255031
vn -0.751749 -0.659450 -0.000000
vn -0.547626 -0.679373 -0.488424
vn -0.401046 -0.916058 -0.000000
vn -0.547626 -0.679373 -0.488424
vn -0.285944 -0.923686 -0.255031
vn -0.401046 -0.916058 -0.000000
vn -0.285944 -0.923686 0.255031
vn -0.401046 -0.916058 0.000000
vn -0.000000 -1.000000 0.000000
vn -0.000000 -0.931508 0.363722
vn -0.285944 -0.923686 0.255031
vn -0.000000 -1.000000 0.000000
vn 0.285944 -0.923686 0.255031
vn -0.000000 -0.931508 0.363722
vn 0.000000 -1.000000 0.000000
vn 0.401046 -0.916058 0.000000
vn 0.285944 -0.923686 0.255031
vn 0.000000 -1.000000 0.000000
vn 0.285944 -0.923686 -0.255031
vn 0.401046 -0.916058 0.000000
vn 0.000000 -1.000000 -0.000000
vn 0.000000 -0.931508 -0.363722
vn 0.285944 -0.923686 -0.255031
vn 0.000000 -1.000000 -0.000000
vn -0.285944 -0.923686 -0.255031
vn 0.000000 -0.931508 -0.363722
vn -0.000000 -1.000000 -0.000000
vn -0.401046 -0.916058 -0.000000
vn -0.285944 -0.923686 -0.255031
vn -0.000000 -1.000000 -0.000000
vn 0.000000 1.000000 0.000000
vn -0.401046 0.916058 0.000000
vn -0.285944 0.923686 0.255031
vn 0.000000 1.000000 0.000000
vn -0.285944 0.923686 0.255031
vn -0.000000 0.931508 0.363722
vn 0.000000 1.000000 0.000000
vn -0.000000 0.931508 0.363722
vn 0.285944 0.923686 0.255031
vn 0.000000 1.000000 0.000000
vn 0.285944 0.923686 0.255031
vn 0.401046 0.916058 0.000000
vn 0.000000 1.000000 0.000000
vn 0.401046 0.916058 0.000000
vn 0.285944 0.923686 -0.255031
vn 0.000000 1.000000 0.000000
vn 0.285944 0.923686 -0.255031
vn 0.000000 0.931508 -0.363722
vn 0.000000 1.000000 0.000000
vn 0.000000 0.931508 -0.363722
vn -0.285944 0.923686 -0.255031
vn 0.000000 1.000000 0.000000
vn -0.285944 0.923686 -0.255031
vn -0.401046 0.916058 -0.000000
vn -0.285944 0.923686 0.255031
vn -0.401046 0.916058 0.000000
vn -0.547626 0.679373 0.488424
vn -0.401046 0.916058 0.000000
vn -0.751749 0.659450 0.000000
vn -0.547626 0.679373 0.488424
vn -0.000000 0.931508 0.363722
vn -0.285944 0.923686 0.255031
vn -0.000000 0.701219 0.712946
vn -0.285944 0.923686 0.255031
vn -0.547626 0.679373 0.488424
vn -0.000000 0.701219 0.712946
vn 0.285944 0.923686 0.255031
vn -0.000000 0.931508 0.363722
vn 0.547626 0.679373 0.488424
vn -0.000000 0.931508 0.363722
vn -0.000000 0.701219 0.712946
vn 0.547626 0.679373 0.488424
vn 0.401046 0.916058 0.000000
vn 0.285944 0.923686 0.255031
vn 0.751749 0.659450 0.000000
vn 0.285944 0.923686 0.255031
vn 0.547626 0.679373 0.488424
vn 0.751749 0.659450 0.000000
vn 0.285944 0.923686 -0.255031
vn 0.401046 0.916058 0.000000
vn 0.547626 0.679373 -0.488424
vn 0.401046 0.916058 0.000000
vn 0.751749 0.659450 0.000000
vn 0.547626 0.679373 -0.488424
vn 0.000000 0.931508 -0.363722
vn 0.285944 0.923686 -0.255031
vn 0.000000 0.701219 -0.712946
vn 0.285944 0.923686 -0.255031
vn 0.547626 0.679373 -0.488424
vn 0.000000 0.701219 -0.712946
vn -0.285944 0.923686 -0.255031
vn 0.000000 0.931508 -0.363722
vn -0.547626 0.679373 -0.488424
vn 0.000000 0.931508 -0.363722
vn 0.000000 0.701219 -0.712946
vn -0.547626 0.679373 -0.488424
vn -0.401046 0.916058 -0.000000
vn -0.285944 0.923686 -0.255031
vn -0.751749 0.659450 -0.000000
vn -0.285944 0.923686 -0.255031
vn -0.547626 0.679373 -0.488424
vn -0.751749 0.659450 -0.000000
vn -0.547626 0.679373 0.488424
vn -0.751749 0.659450 0.000000
vn -0.721398 0.256142 0.643409
vn -0.751749 0.659450 0.000000
vn -0.969898 0.243510 0.000000
vn -0.721398 0.256142 0.643409
vn -0.000000 0.701219 0.712946
vn -0.547626 0.679373 0.488424
vn -0.000000 0.270969 0.962588
vn -0.547626 0.679373 0.488424
vn -0.721398 0.256142 0.643409
vn -0.000000 0.270969 0.962588
vn 0.547626 0.679373 0.488424
vn -0.000000 0.701219 0.712946
vn 0.721398 0.256142 0.643409
vn -0.000000 0.701219 0.712946
vn -0.000000 0.270969 0.962588
vn 0.721398 0.256142 0.643409
vn 0.751749 0.659450 0.000000
vn 0.547626 0.679373 0.488424
vn 0.969898 0.243510 0.000000
vn 0.547626 0.679373 0.488424
vn 0.721398 0.256142 0.643409
vn 0.969898 0.243510 0.000000
vn 0.547626 0.679373 -0.488424
vn 0.751749 0.659450 0.000000
vn 0.721398 0.256142 -0.643409
vn 0.751749 0.659450 0.000000
vn 0.969898 0.243510 0.000000
vn 0.721398 0.256142 -0.643409
vn 0.000000 0.701219 -0.712946
vn 0.547626 0.679373 -0.488424
vn 0.000000 0.270969 -0.962588
vn 0.547626 0.679373 -0.488424
vn 0.721398 0.256142 -0.643409
vn 0.000000 0.270969 -0.962588
vn -0.547626 0.679373 -0.488424
vn 0.000000 0.701219 -0.712946
vn -0.721398 0.256142 -0.643409
vn 0.000000 0.701219 -0.712946
vn 0.000000 0.270969 -0.962588
vn -0.721398 0.256142 -0.643409
vn -0.751749 0.659450 -0.000000
vn -0.547626 0.679373 -0.488424
vn -0.969898 0.243510 -0.000000
vn -0.547626 0.679373 -0.488424
vn -0.721398 0.256142 -0.643409
vn -0.969898 0.243510 -0.000000
vn -0.721398 0.256142 0.643409
vn -0.969898 0.243510 0.000000
vn -0.721398 -0.256142 0.643409
vn -0.969898 0.243510 0.000000
vn -0.969898 -0.243510 0.000000
vn -0.721398 -0.256142 0.643409
vn -0.000000 0.270969 0.962588
vn -0.721398 0.256142 0.643409
vn -0.000000 -0.270969 0.962588
vn -0.721398 0.256142 0.643409
vn -0.721398 -0.256142 0.643409
vn -0.000000 -0.270969 0.962588
vn 0.721398 0.256142 0.643409
vn -0.000000 0.270969 0.962588
vn 0.721398 -0.256142 0.643409
vn -0.000000 0.270969 0.962588
vn -0.000000 -0.270969 0.962588
vn 0.721398 -0.256142 0.643409
vn 0.969898 0.243510 0.000000
vn 0.721398 0.256142 0.643409
vn 0.969898 -0.243510 0.000000
vn 0.721398 0.256142 0.643409
vn 0.721398 -0.256142 0.643409
vn 0.969898 -0.243510 0.000000
vn 0.721398 0.256142 -0.643409
vn 0.969898 0.243510 0.000000
vn 0.721398 -0.256142 -0.643409
vn 0.969898 0.243510 0.000000
vn 0.969898 -0.243510 0.000000
vn 0.721398 -0.256142 -0.643409
vn 0.000000 0.270969 -0.962588
vn 0.721398 0.256142 -0.643409
vn 0.000000 -0.270969 -0.962588
vn 0.721398 0.256142 -0.643409
vn 0.721398 -0.256142 -0.643409
vn 0.000000 -0.270969 -0.962588
vn -0.721398 0.256142 -0.643409
vn 0.000000 0.270969 -0.962588
vn -0.721398 -0.256142 -0.643409
vn 0.000000 0.270969 -0.962588
vn 0.000000 -0.270969 -0.962588
vn -0.721398 -0.256142 -0.643409
vn -0.969898 0.243510 -0.000000
vn -0.721398 0.256142 -0.643409
vn -0.969898 -0.243510 -0.000000
vn -0.721398 0.256142 -0.643409
vn -0.721398 -0.256142 -0.643409
vn -0.969898 -0.243510 -0.000000
vn -0.721398 -0.256142 0.643409
vn -0.969898 -0.243510 0.000000
vn -0.547626 -0.679373 0.488424
vn -0.969898 -0.243510 0.000000
vn -0.751749 -0.659450 0.000000
vn -0.547626 -0.679373 0.488424
vn -0.000000 -0.270969 0.962588
vn -0.721398 -0.256142 0.643409
vn -0.000000 -0.701219 0.712946
vn -0.721398 -0.256142 0.643409
vn -0.547626 -0.679373 0.488424
vn -0.000000 -0.701219 0.712946
vn 0.721398 -0.256142 0.643409
vn -0.000000 -0.270969 0.962588
vn 0.547626 -0.679373 0.488424
vn -0.000000 -0.270969 0.962588
vn -0.000000 -0.701219 0.712946
vn 0.547626 -0.679373 0.488424
vn 0.969898 -0.243510 0.000000
vn 0.721398 -0.256142 0.643409
vn 0.751749 -0.659450 0.000000
vn 0.721398 -0.256142 0.643409
vn 0.547626 -0.679373 0.488424
vn 0.751749 -0.659450 0.000000
vn 0.721398 -0.256142 -0.643409
vn 0.969898 -0.243510 0.000000
vn 0.547626 -0.679373 -0.488424
vn 0.969898 -0.243510 0.000000
vn 0.751749 -0.659450 0.000000
vn 0.547626 -0.679373 -0.488424
vn 0.000000 -0.270969 -0.962588
vn 0.721398 -0.256142 -0.643409
vn 0.000000 -0.701219 -0.712946
vn 0.721398 -0.256142 -0.643409
vn 0.547626 -0.679373 -0.488424
vn 0.000000 -0.701219 -0.712946
vn -0.721398 -0.256142 -0.643409
vn 0.000000 -0.270969 -0.962588
vn -0.547626 -0.679373 -0.488424
vn 0.000000 -0.270969 -0.962588
vn 0.000000 -0.701219 -0.712946
vn -0.547626 -0.679373 -0.488424
vn -0.969898 -0.243510 -0.000000
vn -0.721398 -0.256142 -0.643409
vn -0.751749 -0.659450 -0.000000
vn -0.721398 -0.256142 -0.643409
vn -0.547626 -0.679373 -0.488424
vn -0.751749 -0.659450 -0.000000
vn -0.547626 -0.679373 0.488424
vn -0.751749 -0.659450 0.000000
vn -0.285944 -0.923686 0.255031
vn -0.751749 -0.659450 0.000000
vn -0.401046 -0.916058 0.000000
vn -0.285944 -0.923686 0.255031
vn -0.000000 -0.701219 0.712946
vn -0.547626 -0.679373 0.488424
vn -0.000000 -0.931508 0.363722
vn -0.547626 -0.679373 0.488424
vn -0.285944 -0.923686 0.255031
vn -0.000000 -0.931508 0.363722
vn 0.547626 -0.679373 0.488424
vn -0.000000 -0.701219 0.712946
vn 0.285944 -0.923686 0.255031
vn -0.000000 -0.701219 0.712946
vn -0.000000 -0.931508 0.363722
vn 0.285944 -0.923686 0.255031
vn 0.751749 -0.659450 0.000000
vn 0.547626 -0.679373 0.488424
vn 0.401046 -0.916058 0.000000
vn 0.547626 -0.679373 0.488424
vn 0.285944 -0.923686 0.255031
vn 0.401046 -0.916058 0.000000
vn 0.547626 -0.679373 -0.488424
vn 0.751749 -0.659450 0.000000
vn 0.285944 -0.923686 -0.255031
vn 0.751749 -0.659450 0.000000
vn 0.401046 -0.916058 0.000000
vn 0.285944 -0.923686 -0.255031
vn 0.000000 -0.701219 -0.712946
vn 0.547626 -0.679373 -0.488424
vn 0.000000 -0.931508 -0.363722
vn 0.547626 -0.679373 -0.488424
vn 0.285944 -0.923686 -0.255031
vn 0.000000 -0.931508 -0.363722
vn -0.547626 -0.679373 -0.488424
vn 0.000000 -0.701219 -0.712946
vn -0.285944 -0.923686 -0.255031
vn 0.000000 -0.701219 -0.712946
vn 0.000000 -0.931508 -0.363722
vn -0.285944 -0.923686 -0.255031
vn -0.751749 -0.659450 -0.000000
vn -0.547626 -0.679373 -0.488424
vn -0.401046 -0.916058 -0.000000
vn -0.547626 -0.679373 -0.488424
vn -0.285944 -0.923686 -0.255031
vn -0.401046 -0.916058 -0.000000
vn -0.285944 -0.923686 0.255031
vn -0.401046 -0.916058 0.000000
vn -0.000000 -1.000000 0.000000
vn -0.000000 -0.931508 0.363722
vn -0.285944 -0.923686 0.255031
vn -0.000000 -1.000000 0.000000
vn 0.285944 -0.923686 0.255031
vn -0.000000 -0.931508 0.363722
vn 0.000000 -1.000000 0.000000
vn 0.401046 -0.916058 0.000000
vn 0.285944 -0.923686 0.255031
vn 0.000000 -1.000000 0.000000
vn 0.285944 -0.923686 -0.255031
vn 0.401046 -0.916058 0.000000
vn 0.000000 -1.000000 -0.000000
vn 0.000000 -0.931508 -0.363722
vn 0.285944 -0.923686 -0.255031
vn 0.000000 -1.000000 -0.000000
vn -0.285944 -0.923686 -0.255031
vn 0.000000 -0.931508 -0.363722
vn -0.000000 -1.000000 -0.000000
vn -0.401046 -0.916058 -0.000000
vn -0.285944 -0.923686 -0.255031
vn -0.000000 -1.000000 -0.000000
vn 0.000000 1.000000 0.000000
vn -0.401046 0.916058 0.000000
vn -0.285944 0.923686 0.255031
vn 0.000000 1.000000 0.000000
vn -0.285944 0.923686 0.255031
vn -0.000000 0.931508 0.363722
vn 0.000000 1.000000 0.000000
vn -0.000000 0.931508 0.363722
vn 0.285944 0.923686 0.255031
vn 0.000000 1.000000 0.000000
vn 0.285944 0.923686 0.255031
vn 0.401046 0.916058 0.000000
vn 0.000000 1.000000 0.000000
vn 0.401046 0.916058 0.000000
vn 0.285944 0.923686 -0.255031
vn 0.000000 1.000000 0.000000
vn 0.285944 0.923686 -0.255031
vn 0.000000 0.931508 -0.363722
vn 0.000000 1.000000 0.000000
vn 0.000000 0.931508 -0.363722
vn -0.285944 0.923686 -0.255031
vn 0.000000 1.000000 0.000000
vn -0.285944 0.923686 -0.255031
vn -0.401046 0.916058 -0.000000
vn -0.285944 0.923686 0.255031
vn -0.401046 0.916058 0.000000
vn -0.547626 0.679373 0.488424
vn -0.401046 0.916058 0.000000
vn -0.751749 0.659450 0.000000
vn -0.547626 0.679373 0.488424
vn -0.000000 0.931508 0.363722
vn -0.285944 0.923686 0.255031
vn -0.000000 0.701219 0.712946
vn -0.285944 0.923686 0.255031
vn -0.547626 0.679373 0.488424
vn -0.000000 0.701219 0.712946
vn 0.285944 0.923686 0.255031
vn -0.000000 0.931508 0.363722
vn 0.547626 0.679373 0.488424
vn -0.000000 0.931508 0.363722
vn -0.000000 0.701219 0.712946
vn 0.547626 0.679373 0.488424
vn 0.401046 0.916058 0.000000
vn 0.285944 0.923686 0.255031
vn 0.751749 0.659450 0.000000
vn 0.285944 0.923686 0.255031
vn 0.547626 0.679373 0.488424
vn 0.751749 0.659450 0.000000
vn 0.285944 0.923686 -0.255031
vn 0.401046 0.916058 0.000000
vn 0.547626 0.679373 -0.488424
vn 0.401046 0.916058 0.000000
vn 0.751749 0.659450 0.000000
vn 0.547626 0.679373 -0.488424
vn 0.000000 0.931508 -0.363722
vn 0.285944 0.923686 -0.255031
vn 0.000000 0.701219 -0.712946
vn 0.285944 0.923686 -0.255031
vn 0.547626 0.679373 -0.488424
vn 0.000000 0.701219 -0.712946
vn -0.285944 0.923686 -0.255031
vn 0.000000 0.931508 -0.363722
vn -0.547626 0.679373 -0.488424
vn 0.000000 0.931508 -0.363722
vn 0.000000 0.701219 -0.712946
vn -0.547626 0.679373 -0.488424
vn -0.401046 0.916058 -0.000000
vn -0.285944 0.923686 -0.255031
vn -0.751749 0.659450 -0.000000
vn -0.285944 0.923686 -0.255031
vn -0.547626 0.679373 -0.488424
vn -0.751749 0.659450 -0.000000
vn -0.547626 0.679373 0.488424
vn -0.751749 0.659450 0.000000
vn -0.721398 0.256142 0.643409
vn -0.751749 0.659450 0.000000
vn -0.969898 0.243510 0.000000
vn -0.721398 0.256142 0.643409
vn -0.000000 0.701219 0.712946
vn -0.547626 0.679373 0.488424
vn -0.000000 0.270969 0.962588
vn -0.547626 0.679373 0.488424
vn -0.721398 0.256142 0.643409
vn -0.000000 0.270969 0.962588
vn 0.547626 0.679373 0.488424
vn -0.000000 0.701219 0.712946
vn 0.721398 0.256142 0.643409
vn -0.000000 0.701219 0.712946
vn -0.000000 0.270969 0.962588
vn 0.721398 0.256142 0.643409
vn 0.751749 0.659450 0.000000
vn 0.547626 0.679373 0.488424
vn 0.969898 0.243510 0.000000
vn 0.547626 0.679373 0.488424
vn 0.721398 0.256142 0.643409
vn 0.969898 0.243510 0.000000
vn 0.547626 0.679373 -0.488424
vn 0.751749 0.659450 0.000000
vn 0.721398 0.256142 -0.643409
vn 0.751749 0.659450 0.000000
vn 0.969898 0.243510 0.000000
vn 0.721398 0.256142 -0.643409
vn 0.000000 0.701219 -0.712946
vn 0.547626 0.679373 -0.488424
vn 0.000000 0.270969 -0.962588
vn 0.547626 0.679373 -0.488424
vn 0.721398 0.256142 -0.643409
vn 0.000000 0.270969 -0.962588
vn -0.547626 0.679373 -0.488424
vn 0.000000 0.701219 -0.712946
vn -0.721398 0.256142 -0.643409
vn 0.000000 0.701219 -0.712946
vn 0.000000 0.270969 -0.962588
vn -0.721398 0.256142 -0.643409
vn -0.751749 0.659450 -0.000000
vn -0.547626 0.679373 -0.488424
vn -0.969898 0.243510 -0.000000
vn -0.547626 0.679373 -0.488424
vn -0.721398 0.256142 -0.643409
vn -0.969898 0.243510 -0.000000
vn -0.721398 0.256142 0.643409
vn -0.969898 0.243510 0.000000
vn -0.721398 -0.256142 0.643409
vn -0.969898 0.243510 0.000000
vn -0.969898 -0.243510 0.000000
vn -0.721398 -0.256142 0.643409
vn -0.000000 0.270969 0.962588
vn -0.721398 0.256142 0.643409
vn -0.000000 -0.270969 0.962588
vn -0.721398 0.256142 0.643409
vn -0.721398 -0.256142 0.643409
vn -0.000000 -0.270969 0.962588
vn 0.721398 0.256142 0.643409
vn -0.000000 0.270969 0.962588
vn 0.721398 -0.256142 0.643409
vn -0.000000 0.270969 0.962588
vn -0.000000 -0.270969 0.962588
vn 0.721398 -0.256142 0.643409
vn 0.969898 0.243510 0.000000
vn 0.721398 0.256142 0.643409
vn 0.969898 -0.243510 0.000000
vn 0.721398 0.256142 0.643409
vn 0.721398 -0.256142 0.643409
vn 0.969898 -0.243510 0.000000
vn 0.721398 0.256142 -0.643409
vn 0.969898 0.243510 0.000000
vn 0.721398 -0.256142 -0.643409
vn 0.969898 0.243510 0.000000
vn 0.969898 -0.243510 0.000000
vn 0.721398 -0.256142 -0.643409
vn 0.000000 0.270969 -0.962588
vn 0.721398 0.256142 -0.643409
vn 0.000000 -0.270969 -0.962588
vn 0.721398 0.256142 -0.643409
vn 0.721398 -0.256142 -0.643409
vn 0.000000 -0.270969 -0.962588
vn -0.721398 0.256142 -0.643409
vn 0.000000 0.270969 -0.962588
vn -0.721398 -0.256142 -0.643409
vn 0.000000 0.270969 -0.962588
vn 0.000000 -0.270969 -0.962588
vn -0.721398 -0.256142 -0.643409
vn -0.969898 0.243510 -0.000000
vn -0.721398 0.256142 -0.643409
vn -0.969898 -0.243510 -0.000000
vn -0.721398 0.256142 -0.643409
vn -0.721398 -0.256142 -0.643409
vn -0.969898 -0.243510 -0.000000
vn -0.721398 -0.256142 0.643409
vn -0.969898 -0.243510 0.000000
vn -0.547626 -0.679373 0.488424
vn -0.969898 -0.243510 0.000000
vn -0.751749 -0.659450 0.000000
vn -0.547626 -0.679373 0.488424
vn -0.000000 -0.270969 0.962588
vn -0.721398 -0.256142 0.643409
vn -0.000000 -0.701219 0.712946
vn -0.721398 -0.256142 0.643409
vn -0.547626 -0.679373 0.488424
vn -0.000000 -0.701219 0.712946
vn 0.721398 -0.256142 0.643409
vn -0.000000 -0.270969 0.962588
vn 0.547626 -0.679373 0.488424
vn -0.000000 -0.270969 0.962588
vn -0.000000 -0.701219 0.712946
vn 0.547626 -0.679373 0.488424
vn 0.969898 -0.243510 0.000000
vn 0.721398 -0.256142 0.643409
vn 0.751749 -0.659450 0.000000
vn 0.721398 -0.256142 0.643409
vn 0.547626 -0.679373 0.488424
vn 0.751749 -0.659450 0.000000
vn 0.721398 -0.256142 -0.643409
vn 0.969898 -0.243510 0.000000
vn 0.547626 -0.679373 -0.488424
vn 0.969898 -0.243510 0.000000
vn 0.751749 -0.659450 0.000000
vn 0.547626 -0.679373 -0.488424
vn 0.000000 -0.270969 -0.962588
vn 0.721398 -0.256142 -0.643409
vn 0.000000 -0.701219 -0.712946
vn 0.721398 -0.256142 -0.643409
vn 0.547626 -0.679373 -0.488424
vn 0.000000 -0.701219 -0.712946
vn -0.721398 -0.256142 -0.643409
vn 0.000000 -0.270969 -0.962588
vn -0.547626 -0.679373 -0.488424
vn 0.000000 -0.270969 -0.962588
vn 0.000000 -0.701219 -0.712946
vn -0.547626 -0.679373 -0.488424
vn -0.969898 -0.243510 -0.000000
vn -0.721398 -0.256142 -0.643409
vn -0.751749 -0.659450 -0.000000
vn -0.721398 -0.256142 -0.643409
vn -0.547626 -0.679373 -0.488424
vn -0.751749 -0.659450 -0.000000
vn -0.547626 -0.679373 0.488424
vn -0.751749 -0.659450 0.000000
vn -0.285944 -0.923686 0.255031
vn -0.751749 -0.659450 0.000000
vn -0.401046 -0.916058 0.000000
vn -0.285944 -0.923686 0.255031
vn -0.000000 -0.701219 0.712946
vn -0.547626 -0.679373 0.488424
vn -0.000000 -0.931508 0.363722
vn -0.547626 -0.679373 0.488424
vn -0.285944 -0.923686 0.255031
vn -0.000000 -0.931508 0.363722
vn 0.547626 -0.679373 0.488424
vn -0.000000 -0.701219 0.712946
vn 0.285944 -0.923686 0.255031
vn -0.000000 -0.701219 0.712946
vn -0.000000 -0.931508 0.363722
vn 0.285944 -0.923686 0.255031
vn 0.751749 -0.659450 0.000000
vn 0.547626 -0.679373 0.488424
vn 0.401046 -0.916058 0.000000
vn 0.547626 -0.679373 0.488424
vn 0.285944 -0.923686 0.255031
vn 0.401046 -0.916058 0.000000
vn 0.547626 -0.679373 -0.488424
vn 0.751749 -0.659450 0.000000
vn 0.285944 -0.923686 -0.255031
vn 0.751749 -0.659450 0.000000
vn 0.401046 -0.916058 0.000000
vn 0.285944 -0.923686 -0.255031
vn 0.000000 -0.701219 -0.712946
vn 0.547626 -0.679373 -0.488424
vn 0.000000 -0.931508 -0.363722
vn 0.547626 -0.679373 -0.488424
vn 0.285944 -0.923686 -0.255031
vn 0.000000 -0.931508 -0.363722
vn -0.547626 -0.679373 -0.488424
vn 0.000000 -0.701219 -0.712946
vn -0.285944 -0.923686 -0.255031
vn 0.000000 -0.701219 -0.712946
vn 0.000000 -0.931508 -0.363722
vn -0.285944 -0.923686 -0.255031
vn -0.751749 -0.659450 -0.000000
vn -0.547626 -0.679373 -0.488424
vn -0.401046 -0.916058 -0.000000
vn -0.547626 -0.679373 -0.488424
vn -0.285944 -0.923686 -0.255031
vn -0.401046 -0.916058 -0.000000
vn -0.285944 -0.923686 0.255031
vn -0.401046 -0.916058 0.000000
vn -0.000000 -1.000000 0.000000
vn -0.000000 -0.931508 0.363722
vn -0.285944 -0.923686 0.255031
vn -0.000000 -1.000000 0.000000
vn 0.285944 -0.923686 0.255031
vn -0.000000 -0.931508 0.363722
vn 0.000000 -1.000000 0.000000
vn 0.401046 -0.916058 0.000000
vn 0.285944 -0.923686 0.255031
vn 0.000000 -1.000000 0.000000
vn 0.285944 -0.923686 -0.255031
vn 0.401046 -0.916058 0.000000
vn 0.000000 -1.000000 -0.000000
vn 0.000000 -0.931508 -0.363722
vn 0.285944 -0.923686 -0.255031
vn 0.000000 -1.000000 -0.000000
vn -0.285944 -0.923686 -0.255031
vn 0.000000 -0.931508 -0.363722
vn -0.000000 -1.000000 -0.000000
vn -0.401046 -0.916058 -0.000000
vn -0.285944 -0.923686 -0.255031
vn -0.000000 -1.000000 -0.000000
vn -0.073582 -0.471286 -0.878906
vn -0.769892 0.382126 -0.511122
vn 0.129757 -0.036561 -0.990872
vn -0.769892 0.382126 -0.511122
vn -0.500938 0.761006 -0.412227
vn 0.129757 -0.036561 -0.990872
vn -0.769892 0.382126 -0.511122
vn -0.755667 0.212534 0.619513
vn -0.500938 0.761006 -0.412227
vn -0.755667 0.212534 0.619513
vn -0.460498 0.521816 0.718087
vn -0.500938 0.761006 -0.412227
vn -0.755667 0.212534 0.619513
vn 0.169010 -0.403391 0.899284
vn -0.460498 0.521816 0.718087
vn 0.169010 -0.403391 0.899284
vn 0.203939 -0.440106 0.874480
vn -0.460498 0.521816 0.718087
vn 0.169010 -0.403391 0.899284
vn 0.769754 -0.635455 -0.060628
vn 0.203939 -0.440106 0.874480
vn 0.769754 -0.635455 -0.060628
vn 0.577806 -0.781543 -0.235224
vn 0.203939 -0.440106 0.874480
vn 0.769754 -0.635455 -0.060628
vn -0.073582 -0.471286 -0.878906
vn 0.577806 -0.781543 -0.235224
vn -0.073582 -0.471286 -0.878906
vn 0.129757 -0.036561 -0.990872
vn 0.577806 -0.781543 -0.235224
vn 0.129757 -0.036561 -0.990872
vn -0.500938 0.761006 -0.412227
vn 0.606969 0.373280 -0.701606
vn -0.500938 0.761006 -0.412227
vn -0.197033 0.965701 -0.169115
vn 0.606969 0.373280 -0.701606
vn -0.500938 0.761006 -0.412227
vn -0.460498 0.521816 0.718087
vn -0.197033 0.965701 -0.169115
vn -0.460498 0.521816 0.718087
vn -0.224248 0.424455 0.877241
vn -0.197033 0.965701 -0.169115
vn -0.460498 0.521816 0.718087
vn 0.203939 -0.440106 0.874480
vn -0.224248 0.424455 0.877241
vn 0.203939 -0.440106 0.874480
vn 0.235907 -0.600476 0.764053
vn -0.224248 0.424455 0.877241
vn 0.203939 -0.440106 0.874480
vn 0.577806 -0.781543 -0.235224
vn 0.235907 -0.600476 0.764053
vn 0.577806 -0.781543 -0.235224
vn 0.584187 -0.737789 -0.338221
vn 0.235907 -0.600476 0.764053
vn 0.577806 -0.781543 -0.235224
vn 0.129757 -0.036561 -0.990872
vn 0.584187 -0.737789 -0.338221
vn 0.129757 -0.036561 -0.990872
vn 0.606969 0.373280 -0.701606
vn 0.584187 -0.737789 -0.338221
vn -0.073582 -0.471286 -0.878906
vn -0.755667 0.212534 0.619513
vn -0.769892 0.382126 -0.511122
vn 0.606969 0.373280 -0.701606
vn -0.197033 0.965701 -0.169115
vn -0.224248 0.424455 0.877241
vn -0.073582 -0.471286 -0.878906
vn 0.169010 -0.403391 0.899284
vn -0.755667 0.212534 0.619513
vn 0.606969 0.373280 -0.701606
vn -0.224248 0.424455 0.877241
vn 0.235907 -0.600476 0.764053
vn -0.073582 -0.471286 -0.878906
vn 0.769754 -0.635455 -0.060628
vn 0.169010 -0.403391 0.899284
vn 0.606969 0.373280 -0.701606
vn 0.235907 -0.600476 0.764053
vn 0.584187 -0.737789 -0.338221
vn 0.165271 -0.311542 -0.935749
vn -0.822857 0.470116 -0.319215
vn 0.113733 -0.061522 -0.991605
vn -0.822857 0.470116 -0.319215
vn -0.553001 0.826985 -0.101422
vn 0.113733 -0.061522 -0.991605
vn -0.822857 0.470116 -0.319215
vn -0.307537 0.128771 0.942783
vn -0.553001 0.826985 -0.101422
vn -0.307537 0.128771 0.942783
vn -0.130837 0.074990 0.988564
vn -0.553001 0.826985 -0.101422
vn -0.307537 0.128771 0.942783
vn 0.767846 -0.550000 0.328501
vn -0.130837 0.074990 0.988564
vn 0.767846 -0.550000 0.328501
vn 0.550623 -0.830317 0.085947
vn -0.130837 0.074990 0.988564
vn 0.767846 -0.550000 0.328501
vn 0.165271 -0.311542 -0.935749
vn 0.550623 -0.830317 0.085947
vn 0.165271 -0.311542 -0.935749
vn 0.113733 -0.061522 -0.991605
vn 0.550623 -0.830317 0.085947
vn 0.113733 -0.061522 -0.991605
vn -0.553001 0.826985 -0.101422
vn 0.376526 0.376109 -0.846623
vn -0.553001 0.826985 -0.101422
vn -0.381534 0.906831 0.179135
vn 0.376526 0.376109 -0.846623
vn -0.553001 0.826985 -0.101422
vn -0.130837 0.074990 0.988564
vn -0.381534 0.906831 0.179135
vn -0.130837 0.074990 0.988564
vn -0.182593 -0.293545 0.938345
vn -0.381534 0.906831 0.179135
vn -0.130837 0.074990 0.988564
vn 0.550623 -0.830317 0.085947
vn -0.182593 -0.293545 0.938345
vn 0.550623 -0.830317 0.085947
vn 0.482241 -0.862826 -0.151577
vn -0.182593 -0.293545 0.938345
vn 0.550623 -0.830317 0.085947
vn 0.113733 -0.061522 -0.991605
vn 0.482241 -0.862826 -0.151577
vn 0.113733 -0.061522 -0.991605
vn 0.376526 0.376109 -0.846623
vn 0.482241 -0.862826 -0.151577
vn 0.165271 -0.311542 -0.935749
vn -0.307537 0.128771 0.942783
vn -0.822857 0.470116 -0.319215
vn 0.376526 0.376109 -0.846623
vn -0.381534 0.906831 0.179135
vn -0.182593 -0.293545 0.938345
vn 0.165271 -0.311542 -0.935749
vn 0.767846 -0.550000 0.328501
vn -0.307537 0.128771 0.942783
vn 0.376526 0.376109 -0.846623
vn -0.182593 -0.293545 0.938345
vn 0.482241 -0.862826 -0.151577
usemtl Dragon_color_atlas
f 1/1/1 2/2/2 3/3/3
f 4/4/4 5/5/5 6/6/6
f 7/7/7 8/8/8 9/9/9
f 10/10/10 11/11/11 12/12/12
f 13/13/13 14/14/14 15/15/15
f 16/16/16 17/17/17 18/18/18
f 19/19/19 20/20/20 21/21/21
f 22/22/22 23/23/23 24/24/24
f 25/25/25 26/26/26 27/27/27
f 28/28/28 29/29/29 30/30/30
f 31/31/31 32/32/32 33/33/33
f 34/34/34 35/35/35 36/36/36
f 37/37/37 38/38/38 39/39/39
f 40/40/40 41/41/41 42/42/42
f 43/43/43 44/44/44 45/45/45
f 46/46/46 47/47/47 48/48/48
f 49/49/49 50/50/50 51/51/51
f 52/52/52 53/53/53 54/54/54
f 55/55/55 56/56/56 57/57/57
f 58/58/58 59/59/59 60/60/60
f 61/61/61 62/62/62 63/63/63
f 64/64/64 65/65/65 66/66/66
f 67/67/67 68/68/68 69/69/69
f 70/70/70 71/71/71 72/72/72
f 73/73/73 74/74/74 75/75/75
f 76/76/76 77/77/77 78/78/78
f 79/79/79 80/80/80 81/81/81
f 82/82/82 83/83/83 84/84/84
f 85/85/85 86/86/86 87/87/87
f 88/88/88 89/89/89 90/90/90
f 91/91/91 92/92/92 93/93/93
f 94/94/94 95/95/95 96/96/96
f 97/97/97 98/98/98 99/99/99
f 100/100/100 101/101/101 102/102/102
f 103/103/103 104/104/104 105/105/105
f 106/106/106 107/107/107 108/108/108
f 109/109/109 110/110/110 111/111/111
f 112/112/112 113/113/113 114/114/114
f 115/115/115 116/116/116 117/117/117
f 118/118/118 119/119/119 120/120/120
f 121/121/121 122/122/122 123/123/123
f 124/124/124 125/125/125 126/126/126
f 127/127/127 128/128/128 129/129/129
f 130/130/130 131/131/131 132/132/132
f 133/133/133 134/134/134 135/135/135
f 136/136/136 137/137/137 138/138/138
f 139/139/139 140/140/140 141/141/141
f 142/142/142 143/143/143 144/144/144
f 145/145/145 146/146/146 147/147/147
f 148/148/148 149/149/149 150/150/150
f 151/151/151 152/152/152 153/153/153
f 154/154/154 155/155/155 156/156/156
f 157/157/157 158/158/158 159/159/159
f 160/160/160 161/161/161 162/162/162
f 163/163/163 164/164/164 165/165/165
f 166/166/166 167/167/167 168/168/168
f 169/169/169 170/170/170 171/171/171
f 172/172/172 173/173/173 174/174/174
f 175/175/175 176/176/176 177/177/177
f 178/178/178 179/179/179 180/180/180
f 181/181/181 182/182/182 183/183/183
f 184/184/184 185/185/185 186/186/186
f 187/187/187 188/188/188 189/189/189
f 190/190/190 191/191/191 192/192/192
f 193/193/193 194/194/194 195/195/195
f 196/196/196 197/197/197 198/198/198
f 199/199/199 200/200/200 201/201/201
f 202/202/202 203/203/203 204/204/204
f 205/205/205 206/206/206 207/207/207
f 208/208/208 209/209/209 210/210/210
f 211/211/211 212/212/212 213/213/213
f 214/214/214 215/215/215 216/216/216
f 217/217/217 218/218/218 219/219/219
f 220/220/220 221/221/221 222/222/222
f 223/223/223 224/224/224 225/225/225
f 226/226/226 227/227/227 228/228/228
f 229/229/229 230/230/230 231/231/231
f 232/232/232 233/233/233 234/234/234
f 235/235/235 236/236/236 237/237/237
f 238/238/238 239/239/239 240/240/240
f 241/241/241 242/242/242 243/243/243
f 244/244/244 245/245/245 246/246/246
f 247/247/247 248/248/248 249/249/249
f 250/250/250 251/251/251 252/252/252
f 253/253/253 254/254/254 255/255/255
f 256/256/256 257/257/257 258/258/258
f 259/259/259 260/260/260 261/261/261
f 262/262/262 263/263/263 264/264/264
f 265/265/265 266/266/266 267/267/267
f 268/268/268 269/269/269 270/270/270
f 271/271/271 272/272/272 273/273/273
f 274/274/274 275/275/275 276/276/276
f 277/277/277 278/278/278 279/279/279
f 280/280/280 281/281/281 282/282/282
f 283/283/283 284/284/284 285/285/285
f 286/286/286 287/287/287 288/288/288
f 289/289/289 290/290/290 291/291/291
f 292/292/292 293/293/293 294/294/294
f 295/295/295 296/296/296 297/297/297
f 298/298/298 299/299/299 300/300/300
f 301/301/301 302/302/302 303/303/303
f 304/304/304 305/305/305 306/306/306
f 307/307/307 308/308/308 309/309/309
f 310/310/310 311/311/311 312/312/312
f 313/313/313 314/314/314 315/315/315
f 316/316/316 317/317/317 318/318/318
f 319/319/319 320/320/320 321/321/321
f 322/322/322 323/323/323 324/324/324
f 325/325/325 326/326/326 327/327/327
f 328/328/328 329/329/329 330/330/330
f 331/331/331 332/332/332 333/333/333
f 334/334/334 335/335/335 336/336/336
f 337/337/337 338/338/338 339/339/339
f 340/340/340 341/341/341 342/342/342
f 343/343/343 344/344/344 345/345/345
f 346/346/346 347/347/347 348/348/348
f 349/349/349 350/350/350 351/351/351
f 352/352/352 353/353/353 354/354/354
f 355/355/355 356/356/356 357/357/357
f 358/358/358 359/359/359 360/360/360
f 361/361/361 362/362/362 363/363/363
f 364/364/364 365/365/365 366/366/366
f 367/367/367 368/368/368 369/369/369
f 370/370/370 371/371/371 372/372/372
f 373/373/373 374/374/374 375/375/375
f 376/376/376 377/377/377 378/378/378
f 379/379/379 380/380/380 381/381/381
f 382/382/382 383/383/383 384/384/384
f 385/385/385 386/386/386 387/387/387
f 388/388/388 389/389/389 390/390/390
f 391/391/391 392/392/392 393/393/393
f 394/394/394 395/395/395 396/396/396
f 397/397/397 398/398/398 399/399/399
f 400/400/400 401/401/401 402/402/402
f 403/403/403 404/404/404 405/405/405
f 406/406/406 407/407/407 408/408/408
f 409/409/409 410/410/410 411/411/411
f 412/412/412 413/413/413 414/414/414
f 415/415/415 416/416/416 417/417/417
f 418/418/418 419/419/419 420/420/420
f 421/421/421 422/422/422 423/423/423
f 424/424/424 425/425/425 426/426/426
f 427/427/427 428/428/428 429/429/429
f 430/430/430 431/431/431 432/432/432
f 433/433/433 434/434/434 435/435/435
f 436/436/436 437/437/437 438/438/438
f 439/439/439 440/440/440 441/441/441
f 442/442/442 443/443/443 444/444/444
f 445/445/445 446/446/446 447/447/447
f 448/448/448 449/449/449 450/450/450
f 451/451/451 452/452/452 453/453/453
f 454/454/454 455/455/455 456/456/456
f 457/457/457 458/458/458 459/459/459
f 460/460/460 461/461/461 462/462/462
f 463/463/463 464/464/464 465/465/465
f 466/466/466 467/467/467 468/468/468
f 469/469/469 470/470/470 471/471/471
f 472/472/472 473/473/473 474/474/474
f 475/475/475 476/476/476 477/477/477
f 478/478/478 479/479/479 480/480/480
f 481/481/481 482/482/482 483/483/483
f 484/484/484 485/485/485 486/486/486
f 487/487/487 488/488/488 489/489/489
f 490/490/490 491/491/491 492/492/492
f 493/493/493 494/494/494 495/495/495
f 496/496/496 497/497/497 498/498/498
f 499/499/499 500/500/500 501/501/501
f 502/502/502 503/503/503 504/504/504
f 505/505/505 506/506/506 507/507/507
f 508/508/508 509/509/509 510/510/510
f 511/511/511 512/512/512 513/513/513
f 514/514/514 515/515/515 516/516/516
f 517/517/517 518/518/518 519/519/519
f 520/520/520 521/521/521 522/522/522
f 523/523/523 524/524/524 525/525/525
f 526/526/526 527/527/527 528/528/528
f 529/529/529 530/530/530 531/531/531
f 532/532/532 533/533/533 534/534/534
f 535/535/535 536/536/536 537/537/537
f 538/538/538 539/539/539 540/540/540
f 541/541/541 542/542/542 543/543/543
f 544/544/544 545/545/545 546/546/546
f 547/547/547 548/548/548 549/549/549
f 550/550/550 551/551/551 552/552/552
f 553/553/553 554/554/554 555/555/555
f 556/556/556 557/557/557 558/558/558
f 559/559/559 560/560/560 561/561/561
f 562/562/562 563/563/563 564/564/564
f 565/565/565 566/566/566 567/567/567
f 568/568/568 569/569/569 570/570/570
f 571/571/571 572/572/572 573/573/573
f 574/574/574 575/575/575 576/576/576
f 577/577/577 578/578/578 579/579/579
f 580/580/580 581/581/581 582/582/582
f 583/583/583 584/584/584 585/585/585
f 586/586/586 587/587/587 588/588/588
f 589/589/589 590/590/590 591/591/591
f 592/592/592 593/593/593 594/594/594
f 595/595/595 596/596/596 597/597/597
f 598/598/598 599/599/599 600/600/600
f 601/601/601 602/602/602 603/603/603
f 604/604/604 605/605/605 606/606/606
f 607/607/607 608/608/608 609/609/609
f 610/610/610 611/611/611 612/612/612
f 613/613/613 614/614/614 615/615/615
f 616/616/616 617/617/617 618/618/618
f 619/619/619 620/620/620 621/621/621
f 622/622/622 623/623/623 624/624/624
f 625/625/625 626/626/626 627/627/627
f 628/628/628 629/629/629 630/630/630
f 631/631/631 632/632/632 633/633/633
f 634/634/634 635/635/635 636/636/636
f 637/637/637 638/638/638 639/639/639
f 640/640/640 641/641/641 642/642/642
f 643/643/643 644/644/644 645/645/645
f 646/646/646 647/647/647 648/648/648
f 649/649/649 650/650/650 651/651/651
f 652/652/652 653/653/653 654/654/654
f 655/655/655 656/656/656 657/657/657
f 658/658/658 659/659/659 660/660/660
f 661/661/661 662/662/662 663/663/663
f 664/664/664 665/665/665 666/666/666
f 667/667/667 668/668/668 669/669/669
f 670/670/670 671/671/671 672/672/672
f 673/673/673 674/674/674 675/675/675
f 676/676/676 677/677/677 678/678/678
f 679/679/679 680/680/680 681/681/681
f 682/682/682 683/683/683 684/684/684
f 685/685/685 686/686/686 687/687/687
f 688/688/688 689/689/689 690/690/690
f 691/691/691 692/692/692 693/693/693
f 694/694/694 695/695/695 696/696/696
f 697/697/697 698/698/698 699/699/699
f 700/700/700 701/701/701 702/702/702
f 703/703/703 704/704/704 705/705/705
f 706/706/706 707/707/707 708/708/708
f 709/709/709 710/710/710 711/711/711
f 712/712/712 713/713/713 714/714/714
f 715/715/715 716/716/716 717/717/717
f 718/718/718 719/719/719 720/720/720
f 721/721/721 722/722/722 723/723/723
f 724/724/724 725/725/725 726/726/726
f 727/727/727 728/728/728 729/729/729
f 730/730/730 731/731/731 732/732/732
f 733/733/733 734/734/734 735/735/735
f 736/736/736 737/737/737 738/738/738
f 739/739/739 740/740/740 741/741/741
f 742/742/742 743/743/743 744/744/744
f 745/745/745 746/746/746 747/747/747
f 748/748/748 749/749/749 750/750/750
f 751/751/751 752/752/752 753/753/753
f 754/754/754 755/755/755 756/756/756
f 757/757/757 758/758/758 759/759/759
f 760/760/760 761/761/761 762/762/762
f 763/763/763 764/764/764 765/765/765
f 766/766/766 767/767/767 768/768/768
f 769/769/769 770/770/770 771/771/771
f 772/772/772 773/773/773 774/774/774
f 775/775/775 776/776/776 777/777/777
f 778/778/778 779/779/779 780/780/780
f 781/781/781 782/782/782 783/783/783
f 784/784/784 785/785/785 786/786/786
f 787/787/787 788/788/788 789/789/789
f 790/790/790 791/791/791 792/792/792
f 793/793/793 794/794/794 795/795/795
f 796/796/796 797/797/797 798/798/798
f 799/799/799 800/800/800 801/801/801
f 802/802/802 803/803/803 804/804/804
f 805/805/805 806/806/806 807/807/807
f 808/808/808 809/809/809 810/810/810
f 811/811/811 812/812/812 813/813/813
f 814/814/814 815/815/815 816/816/816
f 817/817/817 818/818/818 819/819/819
f 820/820/820 821/821/821 822/822/822
f 823/823/823 824/824/824 825/825/825
f 826/826/826 827/827/827 828/828/828
f 829/829/829 830/830/830 831/831/831
f 832/832/832 833/833/833 834/834/834
f 835/835/835 836/836/836 837/837/837
f 838/838/838 839/839/839 840/840/840
f 841/841/841 842/842/842 843/843/843
f 844/844/844 845/845/845 846/846/846
f 847/847/847 848/848/848 849/849/849
f 850/850/850 851/851/851 852/852/852
f 853/853/853 854/854/854 855/855/855
f 856/856/856 857/857/857 858/858/858
f 859/859/859 860/860/860 861/861/861
f 862/862/862 863/863/863 864/864/864
f 865/865/865 866/866/866 867/867/867
f 868/868/868 869/869/869 870/870/870
f 871/871/871 872/872/872 873/873/873
f 874/874/874 875/875/875 876/876/876
f 877/877/877 878/878/878 879/879/879
f 880/880/880 881/881/881 882/882/882
f 883/883/883 884/884/884 885/885/885
f 886/886/886 887/887/887 888/888/888
f 889/889/889 890/890/890 891/891/891
f 892/892/892 893/893/893 894/894/894
f 895/895/895 896/896/896 897/897/897
f 898/898/898 899/899/899 900/900/900
f 901/901/901 902/902/902 903/903/903
f 904/904/904 905/905/905 906/906/906
f 907/907/907 908/908/908 909/909/909
f 910/910/910 911/911/911 912/912/912
f 913/913/913 914/914/914 915/915/915
f 916/916/916 917/917/917 918/918/918
f 919/919/919 920/920/920 921/921/921
f 922/922/922 923/923/923 924/924/924
f 925/925/925 926/926/926 927/927/927
f 928/928/928 929/929/929 930/930/930
f 931/931/931 932/932/932 933/933/933
f 934/934/934 935/935/935 936/936/936
f 937/937/937 938/938/938 939/939/939
f 940/940/940 941/941/941 942/942/942
f 943/943/943 944/944/944 945/945/945
f 946/946/946 947/947/947 948/948/948
f 949/949/949 950/950/950 951/951/951
f 952/952/952 953/953/953 954/954/954
f 955/955/955 956/956/956 957/957/957
f 958/958/958 959/959/959 960/960/960
f 961/961/961 962/962/962 963/963/963
f 964/964/964 965/965/965 966/966/966
f 967/967/967 968/968/968 969/969/969
f 970/970/970 971/971/971 972/972/972
f 973/973/973 974/974/974 975/975/975
f 976/976/976 977/977/977 978/978/978
f 979/979/979 980/980/980 981/981/981
f 982/982/982 983/983/983 984/984/984
f 985/985/985 986/986/986 987/987/987
f 988/988/988 989/989/989 990/990/990
f 991/991/991 992/992/992 993/993/993
f 994/994/994 995/995/995 996/996/996
f 997/997/997 998/998/998 999/999/999
f 1000/1000/1000 1001/1001/1001 1002/1002/1002
f 1003/1003/1003 1004/1004/1004 1005/1005/1005
f 1006/1006/1006 1007/1007/1007 1008/1008/1008
f 1009/1009/1009 1010/1010/1010 1011/1011/1011
f 1012/1012/1012 1013/1013/1013 1014/1014/1014
f 1015/1015/1015 1016/1016/1016 1017/1017/1017
f 1018/1018/1018 1019/1019/1019 1020/1020/1020
f 1021/1021/1021 1022/1022/1022 1023/1023/1023
f 1024/1024/1024 1025/1025/1025 1026/1026/1026
f 1027/1027/1027 1028/1028/1028 1029/1029/1029
f 1030/1030/1030 1031/1031/1031 1032/1032/1032
f 1033/1033/1033 1034/1034/1034 1035/1035/1035
f 1036/1036/1036 1037/1037/1037 1038/1038/1038
f 1039/1039/1039 1040/1040/1040 1041/1041/1041
f 1042/1042/1042 1043/1043/1043 1044/1044/1044
f 1045/1045/1045 1046/1046/1046 1047/1047/1047
f 1048/1048/1048 1049/1049/1049 1050/1050/1050
f 1051/1051/1051 1052/1052/1052 1053/1053/1053
f 1054/1054/1054 1055/1055/1055 1056/1056/1056
f 1057/1057/1057 1058/1058/1058 1059/1059/1059
f 1060/1060/1060 1061/1061/1061 1062/1062/1062
f 1063/1063/1063 1064/1064/1064 1065/1065/1065
f 1066/1066/1066 1067/1067/1067 1068/1068/1068
f 1069/1069/1069 1070/1070/1070 1071/1071/1071
f 1072/1072/1072 1073/1073/1073 1074/1074/1074
f 1075/1075/1075 1076/1076/1076 1077/1077/1077
f 1078/1078/1078 1079/1079/1079 1080/1080/1080
f 1081/1081/1081 1082/1082/1082 1083/1083/1083
f 1084/1084/1084 1085/1085/1085 1086/1086/1086
f 1087/1087/1087 1088/1088/1088 1089/1089/1089
f 1090/1090/1090 1091/1091/1091 1092/1092/1092
f 1093/1093/1093 1094/1094/1094 1095/1095/1095
f 1096/1096/1096 1097/1097/1097 1098/1098/1098
f 1099/1099/1099 1100/1100/1100 1101/1101/1101
f 1102/1102/1102 1103/1103/1103 1104/1104/1104
f 1105/1105/1105 1106/1106/1106 1107/1107/1107
f 1108/1108/1108 1109/1109/1109 1110/1110/1110
f 1111/1111/1111 1112/1112/1112 1113/1113/1113
f 1114/1114/1114 1115/1115/1115 1116/1116/1116
f 1117/1117/1117 1118/1118/1118 1119/1119/1119
f 1120/1120/1120 1121/1121/1121 1122/1122/1122
f 1123/1123/1123 1124/1124/1124 1125/1125/1125
f 1126/1126/1126 1127/1127/1127 1128/1128/1128
f 1129/1129/1129 1130/1130/1130 1131/1131/1131
f 1132/1132/1132 1133/1133/1133 1134/1134/1134
